File,|SAPT - Total Coulomb EFP|
A24-1,0.0002953956759999994
A24-10,0.00041436285999999975
A24-13,4.28159099999997e-05
A24-14,0.000761835686
A24-15,6.202897199989994e-05
A24-16,0.0008842013679999999
A24-17,0.00031466991999999996
A24-18,0.00016079761
A24-19,0.000147342052
A24-2,0.0003015334439999996
A24-23,0.002070412526
A24-5,0.0009309903799999998
A24-7,0.00018988295600000002
A24-8,0.000261923068
A24-9,0.0008415942059999994
ACHC-AC-3.2_____,0.0057730820339999996
ACHC-AC-3.4_0.4____,0.002943387768
ACHC-AC-3.4_0.8____,0.00351278045
ACHC-AC-3.4_1.2____,0.0037036727620000003
ACHC-AC-3.4_2.0____,0.0027254666639999997
ACHC-AC-3.4_n0.4____,0.00250207121
ACHC-AC-3.4_n1.2____,0.00381834992
ACHC-AC-3.4_n1.6____,0.004190989831999999
ACHC-AC-3.4__0.4___,0.0023844063979999
ACHC-AC-3.4__0.8___,0.0020964166799998995
ACHC-AC-3.4__1.2___,0.00194691184
ACHC-AC-3.4__2.0___,0.0027183221899999997
ACHC-AC-3.4__n0.4___,0.002281210658
ACHC-AC-3.4__n0.8___,0.002122861734
ACHC-AC-3.4__n1.2___,0.002203991388
ACHC-AC-3.4___120__,0.004569050904
ACHC-AC-3.4___150__,0.004586882714
ACHC-AC-3.4___180__,0.004991099638
ACHC-AC-3.4___30__,0.002605796754
ACHC-AC-3.4___60__,0.0038446788939999997
ACHC-AC-3.4___90__,0.004510312902
ACHC-AC-3.6____4_,0.000663182316
ACHC-AC-3.6____n12_,0.0023884177939999997
ACHC-AC-3.6____n20_,0.0054137674
ACHC-AC-3.6_____,0.000807585082
ACHC-AC-3.6_____12,0.005661094334
ACHC-AC-3.6_____4,0.0009172172959999999
ACHC-AC-3.6_____n12,0.0017348461199998997
ACHC-AC-3.6_____n16,0.0025356139540000005
ACHC-AC-3.6_____n20,0.0036736346239999995
ACHC-AC-3.6_____n4,0.000900771952
ACHC-AC-3.6_____n8,0.0012031331299999998
ACHC-AC-3.8_____,2.623275000000004e-05
ACHC-AC-4.0_____,0.0003114648739999
BBI-007VAL-041VAL-1,0.0031882508579999004
BBI-008TRP-251HIE-2,0.0005936849600000002
BBI-012LEU-085ASP-1,0.0019720065659999987
BBI-015LEU-026LEU-1,0.0023948886239999988
BBI-017ASN-021LYS-2,0.00010613211599999964
BBI-030TRP-178GLY-2,0.00019970028599999856
BBI-033ASN-036TRP-2,0.0017982172120000997
BBI-033VAL-115VAL-1,0.0012274506820000013
BBI-038ALA-041GLY-1,0.0025293940199999
BBI-040THR-049GLN-2,0.0009846670480000014
BBI-041GLY-045LEU-2,0.0009850159339999994
BBI-044SER-047GLU-1,0.002785806458
BBI-044TRP-054LEU-1,0.0016385238679999994
BBI-061VAL-064TYR-2,0.0012409499119999997
BBI-072THR-075PRO-1,0.003427449506
BBI-081LEU-084LYS-1,0.003299386746
BBI-084LEU-088MET-2,0.0015167386300000002
BBI-087LEU-090TYR-1,0.0024659882580000004
BBI-108LYS-112TYR-1,0.0002135231299999988
BBI-108TYR-129TRP-1,0.0016267264379999993
BBI-112SER-115ALA-2,0.0029014855760000004
BBI-121VAL-155THR-2,0.0029474323599999984
BBI-171ALA-175GLU-1,0.00046608945399999996
BBI-197TYR-201LEU-2,0.0007381580899999997
BBI-228ARG-232GLU-1,0.0017396304539999997
HBC1-FaNNFaNN-10.0,3.094964000000005e-06
HBC1-FaNNFaNN-3.7,0.003198892006000001
HBC1-FaNNFaNN-3.9,0.0034144560600000012
HBC1-FaONFaNN-10.0,3.0265398000000005e-05
HBC1-FaONFaNN-3.7,0.004554894885999999
HBC1-FaONFaNN-3.8,0.004073511579999911
HBC1-FaONFaNN-4.0,0.0029023676939999993
HBC1-FaONFaNN-4.1,0.0022636203999999993
HBC1-FaONFaNN-4.2,0.0016509780599999954
HBC1-FaONFaNN-4.3,0.0011027987279999991
HBC1-FaONFaNN-4.6,1.2795252000000201e-05
HBC1-FaONFaNN-4.8,0.0003284509080000008
HBC1-FaONFaNN-5.0,0.0004714050140000002
HBC1-FaONFaNN-5.4,0.0004783494660000002
HBC1-FaONFaNN-5.8,0.0003811628780000008
HBC1-FaONFaNN-6.4,0.00025242251599999965
HBC1-FaONFaNN-7.0,0.0001675676699999999
HBC1-FaONFaNN-8.0,8.849400399999993e-05
HBC1-FaONFaON-10.0,6.071561999999994e-05
HBC1-FaONFaON-3.4,0.011434264004000008
HBC1-FaONFaON-3.5,0.009040398303999997
HBC1-FaONFaON-3.6,0.007192414337999997
HBC1-FaONFaON-3.7,0.0057979070739999986
HBC1-FaONFaON-3.8,0.004600931938
HBC1-FaONFaON-3.9,0.003486600166000005
HBC1-FaONFaON-4.0,0.002469063155999998
HBC1-FaONFaON-4.1,0.0015758706580000018
HBC1-FaONFaON-4.2,0.000829774870000001
HBC1-FaONFaON-4.3,0.00024681914200000085
HBC1-FaONFaON-4.4,0.00018317426000000192
HBC1-FaONFaON-4.6,0.0006771041499999998
HBC1-FaONFaON-4.8,0.000855409377999999
HBC1-FaONFaON-5.0,0.0008641619520000001
HBC1-FaONFaON-5.4,0.0007118364820000002
HBC1-FaONFaON-5.8,0.000545854692
HBC1-FaONFaON-6.4,0.00036847826200000003
HBC1-FaONFaON-7.0,0.00025522306200000035
HBC1-FaONFaON-8.0,0.000147830988
HBC1-FaOOFaNN-3.6,0.006890522349999997
HBC1-FaOOFaNN-3.8,0.0003483612640000078
HBC1-FaOOFaNN-4.0,0.0005205820139998971
HBC1-FaOOFaNN-4.2,0.0002075644480000055
HBC1-FaOOFaNN-4.4,0.00029173942400000097
HBC1-FaOOFaNN-4.6,0.0006198850320000976
HBC1-FaOOFaNN-5.0,0.000760761930000001
HBC1-FaOOFaNN-5.8,0.0004666792440000001
HBC1-FaOOFaNN-6.4,0.0002996898680000001
HBC1-FaOOFaNN-7.0,0.00019728874399999995
HBC1-FaOOFaON-10.0,5.574631200000002e-05
HBC1-FaOOFaON-3.4,0.005214481588000003
HBC1-FaOOFaON-3.5,0.004332925375999996
HBC1-FaOOFaON-3.6,0.003725450298000005
HBC1-FaOOFaON-3.7,0.0031193554440000007
HBC1-FaOOFaON-3.8,0.002429143978000002
HBC1-FaOOFaON-3.9,0.0016869093959998999
HBC1-FaOOFaON-4.0,0.0009706845080000026
HBC1-FaOOFaON-4.1,0.0003419665259999996
HBC1-FaOOFaON-4.2,0.00016073558799999804
HBC1-FaOOFaON-4.3,0.0005304975980000987
HBC1-FaOOFaON-4.4,0.0007824213520000005
HBC1-FaOOFaON-4.6,0.0010262289879999983
HBC1-FaOOFaON-4.8,0.0010559120899999996
HBC1-FaOOFaON-5.0,0.000982876835999999
HBC1-FaOOFaON-5.4,0.0007580246319999996
HBC1-FaOOFaON-5.8,0.0005651091620000005
HBC1-FaOOFaON-6.4,0.0003713133119999999
HBC1-FaOOFaON-7.0,0.0002518111000001
HBC1-FaOOFaON-8.0,0.0001416129859999999
HBC1-FaOOFaOO-10.0,4.600597600000001e-05
HBC1-FaOOFaOO-3.4,0.0010880477740000116
HBC1-FaOOFaOO-3.5,0.0019857081299999996
HBC1-FaOOFaOO-3.6,0.002194063647999997
HBC1-FaOOFaOO-3.7,0.0019174808519999975
HBC1-FaOOFaOO-3.8,0.0013862365479999986
HBC1-FaOOFaOO-3.9,0.000760734496000004
HBC1-FaOOFaOO-4.0,0.00015818819599999756
HBC1-FaOOFaOO-4.1,0.0003497159260000028
HBC1-FaOOFaOO-4.2,0.0007314242539999995
HBC1-FaOOFaOO-4.3,0.000989394355999998
HBC1-FaOOFaOO-4.4,0.0011414552360000003
HBC1-FaOOFaOO-4.6,0.001232893366
HBC1-FaOOFaOO-4.8,0.00116323204
HBC1-FaOOFaOO-5.0,0.0010306297519999995
HBC1-FaOOFaOO-5.4,0.0007517474280001003
HBC1-FaOOFaOO-5.8,0.0005426547919999999
HBC1-FaOOFaOO-6.4,0.00034412511800009996
HBC1-FaOOFaOO-7.0,0.00022672284400000004
HBC1-FaOOFaOO-8.0,0.00012287195999999994
HSG-11,6.195093399999959e-05
HSG-12,0.001279304432
HSG-13,0.0011330077480000002
HSG-17,0.0014278850380000001
HSG-3,0.002643066454
HSG-4,0.006515108892
HSG-6,0.0007725755979999995
HSG-7,0.0007873609520000001
HSG-8,0.002979070536
JSCH-10,0.0037854408359999994
JSCH-100,0.0028838242739999994
JSCH-101,0.006199452768
JSCH-102,0.004753804982
JSCH-103,0.0043958431719999
JSCH-104,0.005319188042000001
JSCH-106,0.0037362945599999997
JSCH-108,0.0027193698919999996
JSCH-109,0.004495112776
JSCH-110,0.004933898474
JSCH-111,0.0013286663740000003
JSCH-112,0.0036653829639999
JSCH-113,0.0014335282660000006
JSCH-114,0.004011656002
JSCH-121,0.0016184641860000001
JSCH-124,0.003276646379999899
JSCH-14,0.003210641539999899
JSCH-15,0.006530541239999899
JSCH-18,0.003516696917999995
JSCH-19,0.0041350952520000026
JSCH-23,0.0031144448319999976
JSCH-25,0.004975643847999998
JSCH-26,0.004640226859999999
JSCH-30,0.004798505982
JSCH-39,0.000466459488
JSCH-40,0.0005484379860000001
JSCH-41,0.0008280083660000001
JSCH-43,0.00029478234599999986
JSCH-44,3.557349400000118e-05
JSCH-45,0.00574167051
JSCH-46,0.00016756973999990056
JSCH-52,3.8834301999999946e-05
JSCH-55,0.0002555760740000001
NBC1-BzBz_PD32-0.2,0.017723071852
NBC1-BzMe-3.3,0.0031541812339999998
NBC1-BzMe-3.7,0.000942293622
NBC1-MeMe-3.2,0.0008968945879999999
NBC1-MeMe-3.3,0.0006107108879999999
NBC1-MeMe-3.4,0.00040991363800000003
NBC1-MeMe-3.5,0.00026999418400000004
NBC1-MeMe-3.6,0.00017314462199999998
NBC1-MeMe-3.7,0.000106907182
NBC1-MeMe-3.8,6.19124259999e-05
NBC1-MeMe-3.9,3.1855237999900006e-05
NBC1-MeMe-4.0,1.2131579999999996e-05
NBC1-MeMe-4.1,4.091560000000024e-07
NBC1-MeMe-4.2,8.144420000000001e-06
NBC1-MeMe-4.3,1.2483603999999998e-05
NBC1-MeMe-4.4,1.4686714e-05
NBC1-MeMe-4.6,1.5469034e-05
NBC1-MeMe-4.8,1.391996e-05
NBC1-MeMe-5.0,1.1837894000000001e-05
NBC1-MeMe-5.4,7.720984e-06
NBC1-MeMe-5.8,4.854326e-06
S22-1,0.0009916421279999995
S22-10,0.0008932306740000001
S22-11,0.00633892011
S22-12,0.004620604196
S22-16,0.0005773230980000003
S22-17,0.0007987516240001002
S22-18,7.00923320000003e-05
S22-19,0.0008455795239999996
S22-2,0.00035413624400000045
S22-20,0.00093926911
S22-21,0.002076760760000001
S22-22,0.0020780873359999997
S22-3,0.0014646432519999988
S22-4,0.0021434942179998986
S22-5,0.0007856002039999949
S22-6,0.0020757110419999947
S22-8,8.307359599989998e-05
S22-9,0.00046993872799999995
S22by7-1-0.7,0.013016233595999998
S22by7-1-0.8,0.006370038829999997
S22by7-1-0.9,0.0030507499379999
S22by7-1-1.0,0.0014853456039999992
S22by7-1-1.2,0.0004319135020000001
S22by7-1-1.5,0.00015060452199990005
S22by7-1-2.0,5.746280000000004e-05
S22by7-10-0.8,0.004337984266
S22by7-13-0.8,0.045733566857999994
S22by7-15-1.5,0.000261177006
S22by7-17-0.7,0.004297893217999999
S22by7-17-0.8,0.001403280984000001
S22by7-18-1.2,3.984547599999999e-05
S22by7-18-2.0,6.593622000000004e-06
S22by7-2-0.7,0.0036329935279999018
S22by7-2-0.8,0.003241901921999999
S22by7-2-0.9,0.0022360462119999994
S22by7-2-1.0,0.0015190724639999997
S22by7-2-1.2,0.0007611330780000003
S22by7-2-1.5,0.00034731038599999974
S22by7-2-2.0,0.0001813224259999001
S22by7-22-0.7,0.011303123518000002
S22by7-22-0.8,0.007577674308
S22by7-22-0.9,0.004721636721999999
S22by7-22-1.0,0.0029198520200000005
S22by7-22-1.2,0.001147356322
S22by7-22-1.5,0.00032845177599999994
S22by7-22-2.0,0.00010287835400000014
S22by7-3-0.7,0.00974908669000002
S22by7-3-0.8,0.0025474801139999947
S22by7-3-0.9,0.004236828018000002
S22by7-3-1.2,0.0017210549199999994
S22by7-3-1.5,0.0005191701379999997
S22by7-3-2.0,5.380066799989987e-05
S22by7-4-0.7,0.006431414752
S22by7-4-0.8,0.007796996407999995
S22by7-4-0.9,0.005638989146000001
S22by7-4-1.0,0.003627313799999997
S22by7-4-1.2,0.0014557730640000002
S22by7-4-1.5,0.000367830752
S22by7-4-2.0,0.0001075396140000004
S22by7-5-0.7,0.002355157801999991
S22by7-6-0.9,0.004300677780000005
S22by7-6-1.0,0.0030695229739998997
S22by7-6-1.2,0.0012335507760000003
S22by7-8-0.7,0.006183427411999999
S22by7-8-0.8,0.00159545943
S22by7-8-0.9,0.000382532266
S22by7-8-1.0,6.570313799999998e-05
S22by7-8-1.2,1.888483e-05
S22by7-8-1.5,5.710768e-06
S22by7-8-2.0,7.17924e-07
S22by7-9-0.7,0.014802675918000004
S22by7-9-0.8,0.005091502953999999
S22by7-9-0.9,0.0016390550139999994
S22by7-9-1.2,1.604182600000001e-05
S22by7-9-1.5,8.70920799999999e-06
S22by7-9-2.0,1.5247000000000025e-07
S66-1,0.0015635061319999987
S66-10,0.0016986271479999988
S66-11,0.0024915854180000002
S66-12,0.0013306177240000015
S66-13,0.0025398487079999997
S66-14,0.0019975026300000018
S66-15,0.0026794273120000003
S66-16,0.0017962813819999996
S66-17,0.003719881696000002
S66-18,0.0010087651280000012
S66-19,0.0010433007540000018
S66-2,0.0018584933879999994
S66-20,0.0034993245599998987
S66-23,0.003816528399999998
S66-24,0.005088067966
S66-29,0.004966447942
S66-3,0.0010140511799999995
S66-30,0.0032625990780000003
S66-31,0.0031202598979999997
S66-32,0.00309840162
S66-33,0.003233862054
S66-34,0.001950477418
S66-35,0.001185552942
S66-36,0.00043255057999999993
S66-37,0.0011929516559999998
S66-38,0.002052886718
S66-4,0.0023637936299999995
S66-40,0.0018491430939999998
S66-41,0.0023648229119999998
S66-42,0.0035583589
S66-44,0.0011382653699999
S66-45,0.0011794033059999997
S66-47,0.0010694406139999998
S66-48,0.00040508886399999965
S66-5,0.0021045981259999996
S66-51,9.140234400000034e-05
S66-59,0.0008166349779999997
S66-6,0.0013794959379999985
S66-60,0.0011716132020000002
S66-66,0.002056716726
S66-7,0.002516289328
S66-8,0.001693060142
S66-9,0.0013859345479999
SSI-001LEU-154LEU-1,0.0007007702139999999
SSI-003THR-182GLU-1,0.0017190772280000002
SSI-003TYR-056ALA-1,0.00021011246200000003
SSI-004LEU-031TYR-1,0.000501275992
SSI-005LEU-010TRP-1,0.00014709021400000002
SSI-005LEU-015LYS-1,0.000287660446
SSI-005PHE-163LEU-1,0.002064442658
SSI-006GLU-010TYR-1,0.0006684892059999998
SSI-007THR-031LYS-1,0.0008899590240000001
SSI-009ARG-128ARG-2,0.0010898066320001037
SSI-009GLN-068ILE-1,0.0005316882139999
SSI-009VAL-025ILE-1,0.0007612257159999999
SSI-013LEU-065PHE-1,0.0045146273839999996
SSI-015ILE-034LEU-1,0.00039997270600000006
SSI-016LEU-062LEU-1,0.001231500734
SSI-019VAL-075LEU-1,0.00045321026999989994
SSI-022GLN-058GLU-1,0.00310744613
SSI-023ASP-057ARG-1,0.0007852889659999973
SSI-023GLU-028LEU-1,0.0010190299919998998
SSI-024LEU-260ILE-1,0.000600528672
SSI-024LYS-069TYR-2,0.0005200977440000002
SSI-025SER-075ASP-1,0.0021363440720000007
SSI-029PHE-103HIE-1,0.0022326699439999998
SSI-031PHE-095TYR-1,0.001468419728
SSI-034ASP-037PHE-1,0.002569514484
SSI-034TYR-143MET-1,0.00010076613400000073
SSI-035ALA-065LEU-1,0.00043114916600000007
SSI-036ARG-162GLN-1,0.0005367991639999986
SSI-038PHE-046ARG-1,0.001397658928
SSI-039THR-046THR-1,0.002925678091999999
SSI-039THR-077LEU-1,0.0005760678319999999
SSI-041ILE-107PHE-2,0.000703005798
SSI-043LEU-055THR-1,0.000644458042
SSI-043TYR-048GLN-1,0.003905166314
SSI-048LYS-082ILE-1,0.000961675164
SSI-049GLU-080ARG-1,0.0009584375139999879
SSI-051VAL-104ILE-1,0.0005676805780000001
SSI-052ILE-056GLN-1,0.000621448494
SSI-058TRP-180SER-1,0.001333553524
SSI-059PHE-118THR-1,0.0022230934799999996
SSI-062ILE-105TYR-1,0.000943985444
SSI-065THR-069ILE-1,0.00062200726
SSI-068ARG-072THR-1,0.0007682018100000007
SSI-068HIE-075LYS-1,0.0010106711699999008
SSI-070MET-075ILE-1,0.0017375763959999
SSI-075LEU-111LEU-2,0.000918773058
SSI-079ASP-135ILE-1,0.0010448134639999
SSI-083LEU-088TYR-2,0.001328741672
SSI-084TYR-089ASP-1,0.0025698464020001
SSI-091LYS-140SER-2,0.0005914648340000009
SSI-095TYR-106TYR-1,0.0058515166119999995
SSI-113ILE-185VAL-1,0.001525897636
SSI-115ASP-156ASP-1,0.016430431953999985
SSI-115GLU-123PRO-1,0.000596561906
SSI-126LEU-162PHE-1,0.00045948474999999995
SSI-130VAL-185PHE-1,0.00044588054199999996
SSI-131ASP-182PHE-1,0.00249289277
SSI-131THR-149LEU-1,0.000406061892
SSI-136SER-144ARG-1,0.0004885689299999989
SSI-153PHE-163LEU-1,0.00013039812200000005
SSI-158VAL-205TYR-1,0.0007867353340000001
SSI-165TYR-208ILE-1,0.0007630669500000001
SSI-175LEU-233ALA-1,0.0008503019299999999
SSI-189THR-199LYS-1,0.002647709978
SSI-193HIE-248MET-1,0.0010946933639999
UBQ-ala28-asp32,0.0032402720760000003
UBQ-ala46-lys48,0.0012647737780000015
UBQ-arg42-val70,0.006530946174000001
UBQ-asn25-lys29,0.0024814026360000015
UBQ-asp21-leu56,0.0021727477439999997
UBQ-gln2-glu64-small,0.003910884907999998
UBQ-gln31-gly35,0.0040372898259999
UBQ-gln62-ser65,0.007970228162
UBQ-glu16-lys29,0.003900536353999999
UBQ-glu18-asp21-C,0.004083890662
UBQ-glu18-asp21-N,0.0035499954259999994
UBQ-ile13-leu15,0.000403061576
UBQ-ile13-lys33,0.0016260971160000001
UBQ-ile3-leu15-big,0.0034021892520000006
UBQ-ile3-leu15-part1,0.0018830331799998996
UBQ-ile3-leu15-part2,0.0017590656940000005
UBQ-ile3-leu15,0.000447052098
UBQ-ile3-leu67,0.000397704714
UBQ-ile3-val17,0.000632085014
UBQ-ile36-leu71,0.0006708889139999999
UBQ-ile44-gly47,0.00026323133200000003
UBQ-ile44-his68-big,0.000511771874
UBQ-ile44-his68-small,0.000491400392
UBQ-ile44-his68,0.005747202829999999
UBQ-ile61-leu67,0.00043263562
UBQ-leu15-ile30,0.00039080452000000006
UBQ-leu43-leu50,0.0034202114899999983
UBQ-leu50-tyr59,0.0045775598139999995
UBQ-leu56-ile61np,0.000905399836
UBQ-leu56-ile61p,0.0006581987360000001
UBQ-leu56-tyr59,0.0013508516039999995
UBQ-leu71-leu73,0.00025329003800000005
UBQ-lys11-glu34,0.0027346952359998955
UBQ-lys27-asp52,0.002632164717999985
UBQ-met1-val17-mono,0.0027200815520000005
UBQ-phe4-thr12,0.000782044576
UBQ-phe4-thr14,0.00159759106
UBQ-phe45-ile61,0.001461836372
UBQ-pro19-ser57,0.003063283675999999
UBQ-pro37-gln40,0.0021627502919999986
UBQ-ser57-asn60,0.0030708292499999987
UBQ-thr14-lys33,0.001127061603999998
UBQ-thr22-asn25,0.0011222237560000008
UBQ-thr22-thr55-big,0.007616361294
UBQ-thr22-thr55-small,0.000523521216
UBQ-thr22-val26,0.001310332642000001
UBQ-thr55-asp58-backbone,0.0009108900859999998
UBQ-thr55-asp58-sidechain-small,0.0021516608
UBQ-thr55-asp58-sidechain,0.0034491634440000016
UBQ-thr7-ile13,7.099516000000006e-06
UBQ-thr7-lys11,0.0028366587679999992
UBQ-thr7-thr9-v2,0.0004378437939999999
UBQ-tyr59-ile61,0.0005389020679999999
UBQ-val17-leu56,0.0006374863700000001
UBQ-val26-leu56,0.000736517018
UBQ-val5-leu15,0.000754406028
UBQ-val5-leu69,0.000710938138
