File,|SAPT - Total Undamped Coulomb|
A24-1,0.001806210724000102
A24-2,0.0014574435439999988
A24-5,0.0015869636800000001
A24-7,0.0004948112560001
A24-8,0.000418798368
A24-9,0.0019666819060000992
A24-10,0.00027427743999999983
A24-13,0.0004459616100000001
A24-14,0.001117688086
A24-15,0.00023722667199989995
A24-16,0.001580760668
A24-17,0.00050024692
A24-18,0.00028385510999999995
A24-19,0.00025527995199999996
A24-23,0.0029527956260000003
S22-1,0.0016930090279999995
S22-2,0.0015780368440001004
S22-3,0.007868907151999997
S22-4,0.006908894217999902
S22-5,0.0062628553039999965
S22-6,0.0081521977420001
S22-8,0.0001634432959999
S22-9,0.000836336128
S22-10,0.0013318524740001001
S22-11,0.0076813564099999
S22-12,0.0059305630960001
S22-16,0.00018843839800000012
S22-17,0.0003647187240001003
S22-18,0.0003473742679999999
S22-19,0.0015434532240001
S22-20,0.0017022641099999998
S22-21,0.00106385736
S22-22,0.003507371136
S22by7-1-0.7,0.024456839696
S22by7-1-0.8,0.01090226603
S22by7-1-0.9,0.0048315253379999
S22by7-1-1.0,0.0021867125039999992
S22by7-1-1.2,0.0005460640020001004
S22by7-1-1.5,0.0001596002219999
S22by7-1-2.0,5.762850000000006e-05
S22by7-2-0.7,0.016339149727999897
S22by7-2-0.8,0.009048352022000099
S22by7-2-0.9,0.004894026911999999
S22by7-2-1.0,0.0027429730640000996
S22by7-2-1.2,0.001029892878
S22by7-2-1.5,0.0003782981859999997
S22by7-2-2.0,0.00018226212599990006
S22by7-3-0.7,0.03831705250999999
S22by7-3-0.8,0.02703207261400009
S22by7-3-0.9,0.016731102318
S22by7-3-1.2,0.0034468693200000004
S22by7-3-1.5,0.0007862886379999996
S22by7-3-2.0,6.878646799989962e-05
S22by7-4-0.7,0.048298500452
S22by7-4-0.8,0.028031320907999993
S22by7-4-0.9,0.0154393617460001
S22by7-4-1.0,0.0083927138
S22by7-4-1.2,0.0026124865640001008
S22by7-4-1.5,0.0005215814520000001
S22by7-4-2.0,0.00011391021400000007
S22by7-5-0.7,0.048381621502
S22by7-6-0.9,0.016330033480000103
S22by7-6-1.0,0.009145999273999901
S22by7-6-1.2,0.002809870376000001
S22by7-8-0.7,0.010965295311999999
S22by7-8-0.8,0.00284462933
S22by7-8-0.9,0.0007011966660001
S22by7-8-1.0,0.000146072838
S22by7-8-1.2,1.3501129999999987e-05
S22by7-8-1.5,5.569068e-06
S22by7-8-2.0,7.17424e-07
S22by7-9-0.7,0.028384950018000003
S22by7-9-0.8,0.009373322553999999
S22by7-9-0.9,0.002916836014
S22by7-9-1.2,4.539252600010003e-05
S22by7-9-1.5,7.818007999999994e-06
S22by7-9-2.0,1.596700000000025e-07
S22by7-10-0.8,0.006568586766
S22by7-13-0.8,0.05894601785800009
S22by7-15-1.5,0.0002734375059999998
S22by7-17-0.7,0.008841212618
S22by7-17-0.8,0.0035263471840001007
S22by7-18-1.2,0.00011720337599999998
S22by7-18-2.0,6.696922000100011e-06
S22by7-22-0.7,0.022864660718
S22by7-22-0.8,0.013229418208000002
S22by7-22-0.9,0.0075325684220001
S22by7-22-1.0,0.004349135920000101
S22by7-22-1.2,0.0015454133220000003
S22by7-22-1.5,0.0003966661760000001
S22by7-22-2.0,0.0001072093540001001
ACHC-AC-3.2_____,0.007811016134
ACHC-AC-3.6_____,0.001345053082
ACHC-AC-3.8_____,0.00030481435000000005
ACHC-AC-4.0_____,0.0001654507739998998
ACHC-AC-3.4___30__,0.0036146803539999998
ACHC-AC-3.4___60__,0.0049802373939999995
ACHC-AC-3.4___90__,0.005614769202
ACHC-AC-3.4___120__,0.0057762921040001
ACHC-AC-3.4___150__,0.005624405914
ACHC-AC-3.4___180__,0.0060049011379999994
ACHC-AC-3.4_n1.6____,0.005138893531999991
ACHC-AC-3.4_n1.2____,0.004853576819999993
ACHC-AC-3.4_n0.4____,0.0035284339100000997
ACHC-AC-3.4_0.4____,0.0040506806679999
ACHC-AC-3.4_0.8____,0.0046483629499999
ACHC-AC-3.4_1.2____,0.0047621946619999
ACHC-AC-3.4_2.0____,0.003421416964
ACHC-AC-3.4__n1.2___,0.0029385713880000002
ACHC-AC-3.4__n0.8___,0.002953721034
ACHC-AC-3.4__n0.4___,0.003233361158
ACHC-AC-3.4__0.4___,0.0034462456979999995
ACHC-AC-3.4__0.8___,0.0031167021799999
ACHC-AC-3.4__1.2___,0.0029217880399999997
ACHC-AC-3.4__2.0___,0.0036288150900001
ACHC-AC-3.6____n20_,0.0072950437
ACHC-AC-3.6____n12_,0.0033718336940001
ACHC-AC-3.6____4_,0.001176716316
ACHC-AC-3.6_____n20,0.005165031024000099
ACHC-AC-3.6_____n16,0.0036351872540001003
ACHC-AC-3.6_____n12,0.0025785018199999
ACHC-AC-3.6_____n8,0.0018831081300000998
ACHC-AC-3.6_____n4,0.001483552352
ACHC-AC-3.6_____4,0.0014537737960000998
ACHC-AC-3.6_____12,0.005661094433999999
BBI-007VAL-041VAL-1,0.005333573557999901
BBI-008TRP-251HIE-2,0.0013722429600000006
BBI-012LEU-085ASP-1,0.0040587924660001
BBI-015LEU-026LEU-1,0.004385610423999998
BBI-017ASN-021LYS-2,0.00030850988400000015
BBI-030TRP-178GLY-2,0.0011958810859999999
BBI-033ASN-036TRP-2,0.0019453535120001002
BBI-033VAL-115VAL-1,0.002654864382000001
BBI-038ALA-041GLY-1,0.0034980141199999
BBI-040THR-049GLN-2,0.002410378748
BBI-041GLY-045LEU-2,0.0021037961340001007
BBI-044SER-047GLU-1,0.004007059758
BBI-044TRP-054LEU-1,0.0034302757680000993
BBI-061VAL-064TYR-2,0.0026413739120000005
BBI-072THR-075PRO-1,0.0043516554059999
BBI-081LEU-084LYS-1,0.004376453646
BBI-084LEU-088MET-2,0.002824528730000001
BBI-087LEU-090TYR-1,0.004351424158
BBI-108LYS-112TYR-1,0.0008364864300000989
BBI-108TYR-129TRP-1,0.0031722778379999986
BBI-112SER-115ALA-2,0.0039742221760000005
BBI-121VAL-155THR-2,0.005215953359999999
BBI-171ALA-175GLU-1,0.0006426637539999999
BBI-197TYR-201LEU-2,0.001732785290000101
BBI-228ARG-232GLU-1,0.003207078254000101
HSG-3,0.0030356081540000002
HSG-4,0.010208452892000099
HSG-6,0.0012671112979999997
HSG-7,0.0010657022520000003
HSG-8,0.003443276536
HSG-11,0.0002543901660001001
HSG-12,0.0024764644320000003
HSG-13,0.0016709407480001001
HSG-17,0.0021211344379999
NBC1-BzMe-3.3,0.004829552734
NBC1-BzMe-3.7,0.0014297603220001
NBC1-MeMe-3.2,0.0014632197880001
NBC1-MeMe-3.3,0.001002872588
NBC1-MeMe-3.4,0.0006811875380001
NBC1-MeMe-3.5,0.000457508084
NBC1-MeMe-3.6,0.00030271332199999993
NBC1-MeMe-3.7,0.00019644038199999995
NBC1-MeMe-3.8,0.0001238111259999
NBC1-MeMe-3.9,7.468993799989998e-05
NBC1-MeMe-4.0,4.181688e-05
NBC1-MeMe-4.1,2.0203644000000018e-05
NBC1-MeMe-4.2,6.204080000000016e-06
NBC1-MeMe-4.3,2.4662039999999944e-06
NBC1-MeMe-4.4,7.669314000000011e-06
NBC1-MeMe-4.6,1.1984334e-05
NBC1-MeMe-4.8,1.2158159999999999e-05
NBC1-MeMe-5.0,1.0929793999999999e-05
NBC1-MeMe-5.4,7.465283999999997e-06
NBC1-MeMe-5.8,4.7775260000000016e-06
NBC1-BzBz_PD32-0.2,0.0217630324519999
SSI-001LEU-154LEU-1,0.001020209514
SSI-003THR-182GLU-1,0.0023054635280001
SSI-003TYR-056ALA-1,0.0008032380619999999
SSI-004LEU-031TYR-1,0.0007394090920000002
SSI-005LEU-010TRP-1,0.0003203600140001
SSI-005LEU-015LYS-1,0.00039628544599999997
SSI-005PHE-163LEU-1,0.002504594758
SSI-006GLU-010TYR-1,0.0012079837060000999
SSI-007THR-031LYS-1,0.001356544924
SSI-009ARG-128ARG-2,0.0013417497320001026
SSI-009GLN-068ILE-1,0.0006724497139998
SSI-009VAL-025ILE-1,0.001072127316
SSI-013LEU-065PHE-1,0.0055846794839998996
SSI-015ILE-034LEU-1,0.0006186199060000001
SSI-016LEU-062LEU-1,0.001729958634
SSI-019VAL-075LEU-1,0.0007011268699999
SSI-022GLN-058GLU-1,0.0040045282300001
SSI-023ASP-057ARG-1,0.004423337465999988
SSI-023GLU-028LEU-1,0.0014818914919998
SSI-024LEU-260ILE-1,0.0008997251719999999
SSI-024LYS-069TYR-2,0.0011350462439999997
SSI-025SER-075ASP-1,0.002521387172
SSI-029PHE-103HIE-1,0.0026010645439999997
SSI-031PHE-095TYR-1,0.0020179260280001
SSI-034ASP-037PHE-1,0.003229443584
SSI-034TYR-143MET-1,0.0007068517660000998
SSI-035ALA-065LEU-1,0.0006697503660001
SSI-036ARG-162GLN-1,0.0006332807360000005
SSI-038PHE-046ARG-1,0.001789957128
SSI-039THR-046THR-1,0.005440375391999999
SSI-039THR-077LEU-1,0.0008585797319999999
SSI-041ILE-107PHE-2,0.000937926898
SSI-043LEU-055THR-1,0.0009114991419999999
SSI-043TYR-048GLN-1,0.0041005743139999
SSI-048LYS-082ILE-1,0.001302542564
SSI-049GLU-080ARG-1,0.0001773649859999893
SSI-051VAL-104ILE-1,0.0008021826780000001
SSI-052ILE-056GLN-1,0.0008013441939999999
SSI-058TRP-180SER-1,0.001596559624
SSI-059PHE-118THR-1,0.0032381392800000996
SSI-062ILE-105TYR-1,0.0013019180439998999
SSI-065THR-069ILE-1,0.00088283446
SSI-068ARG-072THR-1,0.0014998818100000998
SSI-068HIE-075LYS-1,0.0014011529699999997
SSI-070MET-075ILE-1,0.0025857088959999
SSI-075LEU-111LEU-2,0.0013688300580000001
SSI-079ASP-135ILE-1,0.0013193844639999
SSI-083LEU-088TYR-2,0.0016041947720000001
SSI-084TYR-089ASP-1,0.0030558572020000997
SSI-091LYS-140SER-2,0.00012809856600000044
SSI-095TYR-106TYR-1,0.0072704429120001
SSI-113ILE-185VAL-1,0.002291901136
SSI-115ASP-156ASP-1,0.019516391154
SSI-115GLU-123PRO-1,0.000836534406
SSI-126LEU-162PHE-1,0.0007601347499999999
SSI-130VAL-185PHE-1,0.0007666892420001
SSI-131ASP-182PHE-1,0.0029798369699999
SSI-131THR-149LEU-1,0.000603822392
SSI-136SER-144ARG-1,0.001997603130000098
SSI-153PHE-163LEU-1,0.000421448822
SSI-158VAL-205TYR-1,0.001219525034
SSI-165TYR-208ILE-1,0.0009859236499999
SSI-175LEU-233ALA-1,0.0012414052299999998
SSI-189THR-199LYS-1,0.0033640824779999
SSI-193HIE-248MET-1,0.0016747078639999002
UBQ-ala28-asp32,0.004642468476
UBQ-ala46-lys48,0.0014036306779999994
UBQ-arg42-val70,0.009654725674000001
UBQ-asn25-lys29,0.003632326336000101
UBQ-asp21-leu56,0.0029042919439999995
UBQ-gln2-glu64-small,0.0055966395079999984
UBQ-gln31-gly35,0.006229620926000001
UBQ-gln62-ser65,0.013859228061999997
UBQ-glu16-lys29,0.005886222453999994
UBQ-glu18-asp21-C,0.006295273262
UBQ-glu18-asp21-N,0.004972798326000002
UBQ-ile13-leu15,0.000605207376
UBQ-ile13-lys33,0.0025919763159999
UBQ-ile3-leu15-big,0.004623103952
UBQ-ile3-leu15-part1,0.0025481588799998994
UBQ-ile3-leu15-part2,0.0024027004940000013
UBQ-ile3-leu15,0.0007681753980000001
UBQ-ile3-leu67,0.000637741214
UBQ-ile3-val17,0.001013035514
UBQ-ile36-leu71,0.0012494535139999999
UBQ-ile44-gly47,0.00034452623200000005
UBQ-ile44-his68-big,0.000987855474
UBQ-ile44-his68-small,0.000966992192
UBQ-ile44-his68,0.00992930093
UBQ-ile61-leu67,0.00074587392
UBQ-leu15-ile30,0.00070097292
UBQ-leu43-leu50,0.0050241598900001
UBQ-leu50-tyr59,0.005193929214
UBQ-leu56-ile61np,0.0014941511359999999
UBQ-leu56-ile61p,0.0008206865360000006
UBQ-leu56-tyr59,0.0017779991040000002
UBQ-leu71-leu73,0.00045773773800000003
UBQ-lys11-glu34,0.003402190135999905
UBQ-lys27-asp52,0.004297158218000002
UBQ-met1-val17-mono,0.004183069352
UBQ-phe4-thr12,0.001154481376
UBQ-phe4-thr14,0.00224639756
UBQ-phe45-ile61,0.0008863213720000001
UBQ-pro19-ser57,0.004923143276
UBQ-pro37-gln40,0.0030821893919999992
UBQ-ser57-asn60,0.00461517805
UBQ-thr14-lys33,0.0012317407039999992
UBQ-thr22-asn25,0.0016155327559999998
UBQ-thr22-thr55-big,0.011415842093999998
UBQ-thr22-thr55-small,0.0011054627159999
UBQ-thr22-val26,0.0018888495420001008
UBQ-thr55-asp58-backbone,0.001276979886
UBQ-thr55-asp58-sidechain-small,0.0032061586999999996
UBQ-thr55-asp58-sidechain,0.004919147444000002
UBQ-thr7-ile13,3.9395216000000036e-05
UBQ-thr7-lys11,0.003990718367999999
UBQ-thr7-thr9-v2,0.000569861594
UBQ-tyr59-ile61,0.0008394760680000002
UBQ-val17-leu56,0.00105188577
UBQ-val26-leu56,0.001291302418
UBQ-val5-leu15,0.001271367628
UBQ-val5-leu69,0.001049874738
S66-1,0.0026960319319999995
S66-2,0.0032469167879999993
S66-3,0.0033959100800000017
S66-4,0.004346376330000103
S66-5,0.0035523204260000003
S66-6,0.004090376438000001
S66-7,0.004583062528
S66-8,0.002854585142
S66-9,0.002163141348
S66-10,0.0029651428479999997
S66-11,0.0037407056180000006
S66-12,0.0037846450239999996
S66-13,0.003637782608000099
S66-14,0.004300581130000002
S66-15,0.004600596211999999
S66-16,0.0026369055820000004
S66-17,0.008723433496
S66-18,0.0031792067279999992
S66-19,0.0034819086540000023
S66-20,0.009776164859999895
S66-23,0.009215036699999998
S66-24,0.006014780066
S66-29,0.0061516991420001
S66-30,0.003935262778
S66-31,0.003827066798
S66-32,0.0037808224200001003
S66-33,0.003943941554
S66-34,0.002930241618
S66-35,0.0018717062420000002
S66-36,0.00088794528
S66-37,0.0018776767560000002
S66-38,0.002841341018
S66-40,0.0025873435940000997
S66-41,0.003315508912
S66-42,0.0043601947
S66-44,0.0016808229699998998
S66-45,0.0016865902059999998
S66-47,0.0017411291139999999
S66-48,0.0003372036360000004
S66-51,0.00045776374400010016
S66-59,0.0013251841779999994
S66-60,0.002290276202000001
S66-66,0.0030147211260001
HBC1-FaOOFaOO-3.4,0.02265420507400001
HBC1-FaOOFaOO-3.5,0.018425182930000103
HBC1-FaOOFaOO-3.6,0.014478273048
HBC1-FaOOFaOO-3.7,0.010899250951999999
HBC1-FaOOFaOO-3.8,0.007809110548000001
HBC1-FaOOFaOO-3.9,0.005260156395999999
HBC1-FaOOFaOO-4.0,0.0032584523959999986
HBC1-FaOOFaOO-4.1,0.0017630216739999982
HBC1-FaOOFaOO-4.2,0.0007003999459999979
HBC1-FaOOFaOO-4.3,1.9932155999997925e-05
HBC1-FaOOFaOO-4.4,0.0004834831359999993
HBC1-FaOOFaOO-4.6,0.0009254523659999996
HBC1-FaOOFaOO-4.8,0.001016296239999999
HBC1-FaOOFaOO-5.0,0.0009588559519998997
HBC1-FaOOFaOO-5.4,0.0007338248280000003
HBC1-FaOOFaOO-5.8,0.0005381296919999999
HBC1-FaOOFaOO-6.4,0.0003435908180000999
HBC1-FaOOFaOO-7.0,0.00022666684400000003
HBC1-FaOOFaOO-8.0,0.00012287045999999997
HBC1-FaOOFaOO-10.0,4.600587599990001e-05
HBC1-FaONFaON-3.4,0.030381355804000004
HBC1-FaONFaON-3.5,0.0264847359040001
HBC1-FaONFaON-3.6,0.022198804938000097
HBC1-FaONFaON-3.7,0.018110360574000103
HBC1-FaONFaON-3.8,0.014312115938000095
HBC1-FaONFaON-3.9,0.010879266166000004
HBC1-FaONFaON-4.0,0.007920246356
HBC1-FaONFaON-4.1,0.005488595058000104
HBC1-FaONFaON-4.2,0.0035791039700000006
HBC1-FaONFaON-4.3,0.002149932042000001
HBC1-FaONFaON-4.4,0.001122017639999997
HBC1-FaONFaON-4.6,6.971584999999891e-05
HBC1-FaONFaON-4.8,0.0005720713779999997
HBC1-FaONFaON-5.0,0.0007303835519999989
HBC1-FaONFaON-5.4,0.000680510982
HBC1-FaONFaON-5.8,0.0005382194920000001
HBC1-FaONFaON-6.4,0.0003675806620000001
HBC1-FaONFaON-7.0,0.0002551261619999001
HBC1-FaONFaON-8.0,0.0001478286880000001
HBC1-FaONFaON-10.0,6.071571999999997e-05
HBC1-FaNNFaNN-3.7,0.026143256206000103
HBC1-FaNNFaNN-3.9,0.0185376428600001
HBC1-FaNNFaNN-10.0,3.095064000000012e-06
HBC1-FaOOFaON-3.4,0.025802672488
HBC1-FaOOFaON-3.5,0.021463040175999995
HBC1-FaOOFaON-3.6,0.01739201829800001
HBC1-FaOOFaON-3.7,0.0136492185440001
HBC1-FaOOFaON-3.8,0.010293779178
HBC1-FaOOFaON-3.9,0.0073991160959999
HBC1-FaOOFaON-4.0,0.005023353908000003
HBC1-FaOOFaON-4.1,0.0031681535260000004
HBC1-FaOOFaON-4.2,0.001789733612000001
HBC1-FaOOFaON-4.3,0.0008091347019998987
HBC1-FaOOFaON-4.4,0.00013649794800000073
HBC1-FaOOFaON-4.6,0.000592790688
HBC1-FaOOFaON-4.8,0.0008499495899999994
HBC1-FaOOFaON-5.0,0.0008839487359999995
HBC1-FaOOFaON-5.4,0.0007342619319999997
HBC1-FaOOFaON-5.8,0.0005592392620000003
HBC1-FaOOFaON-6.4,0.00037062381199999984
HBC1-FaOOFaON-7.0,0.0002517381999999999
HBC1-FaOOFaON-8.0,0.00014161128599990002
HBC1-FaOOFaON-10.0,5.5746411999900035e-05
HBC1-FaONFaNN-3.7,0.022072617886
HBC1-FaONFaNN-3.8,0.01821256788000001
HBC1-FaONFaNN-4.0,0.011391773494000001
HBC1-FaONFaNN-4.1,0.0086057142000001
HBC1-FaONFaNN-4.2,0.00629704356
HBC1-FaONFaNN-4.3,0.004455816528000096
HBC1-FaONFaNN-4.6,0.0012064497520000994
HBC1-FaONFaNN-4.8,0.0002575603920000995
HBC1-FaONFaNN-5.0,0.00018481371399989982
HBC1-FaONFaNN-5.4,0.00040874206599999987
HBC1-FaONFaNN-5.8,0.0003636729780000002
HBC1-FaONFaNN-6.4,0.00025021351599999967
HBC1-FaONFaNN-7.0,0.0001673107699999999
HBC1-FaONFaNN-8.0,8.848790400000001e-05
HBC1-FaONFaNN-10.0,3.0265398000000005e-05
HBC1-FaOOFaNN-3.6,0.017021437750000007
HBC1-FaOOFaNN-3.8,0.012775527136000095
HBC1-FaOOFaNN-4.0,0.007539271213999901
HBC1-FaOOFaNN-4.2,0.003730654648000001
HBC1-FaOOFaNN-4.4,0.0013989051759999982
HBC1-FaOOFaNN-4.6,0.0001804600679999012
HBC1-FaOOFaNN-5.0,0.0005750775299999001
HBC1-FaOOFaNN-5.8,0.0004546987440000004
HBC1-FaOOFaNN-6.4,0.00029814886800000025
HBC1-FaOOFaNN-7.0,0.0001971098440000001
JSCH-10,0.008363941836000002
JSCH-14,0.0107198072399999
JSCH-15,0.00825860564
JSCH-18,0.010095596818
JSCH-19,0.0086528914520001
JSCH-23,0.009296381232000002
JSCH-25,0.009911843647999997
JSCH-26,0.011145499159999996
JSCH-30,0.009226348582000003
JSCH-39,0.0005558094880001
JSCH-40,0.000571663886
JSCH-41,0.0012196205660000002
JSCH-43,0.0002929293459999994
JSCH-44,0.00015002009399990059
JSCH-45,0.0064976282099999
JSCH-46,0.0001470976399999004
JSCH-52,4.720290200009992e-05
JSCH-55,0.000266290374
JSCH-100,0.003562017074
JSCH-101,0.007732987768000001
JSCH-102,0.0057544604819998995
JSCH-103,0.005913722772
JSCH-104,0.0061409524420001005
JSCH-106,0.0045197141599999996
JSCH-108,0.0034545545919999997
JSCH-109,0.005251396676
JSCH-110,0.0059252818739998995
JSCH-111,5.257892600010012e-05
JSCH-112,0.0048177944639998
JSCH-113,0.0003615132660000006
JSCH-114,0.006478134202
JSCH-121,0.0031791613860000997
JSCH-124,0.0043601551799999
