File,Overlap Pen. Energy * 2
A24-1,-0.0042032126
A24-10,-0.0013772806
A24-13,-0.0008062912
A24-14,-0.0007117046
A24-15,-0.0003503954
A24-16,-0.0013931188
A24-17,-0.0003711544
A24-18,-0.0002461152
A24-19,-0.0002158758
A24-2,-0.0023118202
A24-23,-0.0017647662
A24-5,-0.0013119464
A24-7,-0.0006098568
A24-8,-0.0003137506
A24-9,-0.0022501756
ACHC-AC-3.2_____,-0.004075868
ACHC-AC-3.4_0.4____,-0.0022145858
ACHC-AC-3.4_0.8____,-0.0022711648
ACHC-AC-3.4_1.2____,-0.0021170436
ACHC-AC-3.4_2.0____,-0.001391901
ACHC-AC-3.4_n0.4____,-0.0020527252
ACHC-AC-3.4_n1.2____,-0.0020704534
ACHC-AC-3.4_n1.6____,-0.0018958076
ACHC-AC-3.4__0.4___,-0.0021236788
ACHC-AC-3.4__0.8___,-0.0020405708
ACHC-AC-3.4__1.2___,-0.0019497524
ACHC-AC-3.4__2.0___,-0.0018209858
ACHC-AC-3.4__n0.4___,-0.0019043014
ACHC-AC-3.4__n0.8___,-0.0016617184
ACHC-AC-3.4__n1.2___,-0.0014691602
ACHC-AC-3.4___120__,-0.002414482
ACHC-AC-3.4___150__,-0.002075047
ACHC-AC-3.4___180__,-0.0020276026
ACHC-AC-3.4___30__,-0.0020177672
ACHC-AC-3.4___60__,-0.002271117
ACHC-AC-3.4___90__,-0.0022089128
ACHC-AC-3.6____4_,-0.001027068
ACHC-AC-3.6____n12_,-0.001966832
ACHC-AC-3.6____n20_,-0.0037625526
ACHC-AC-3.6_____,-0.0010749358
ACHC-AC-3.6_____12,0.0
ACHC-AC-3.6_____4,-0.0010731134
ACHC-AC-3.6_____n12,-0.0016873114
ACHC-AC-3.6_____n16,-0.0021991468
ACHC-AC-3.6_____n20,-0.0029827928
ACHC-AC-3.6_____n4,-0.0011655608
ACHC-AC-3.6_____n8,-0.0013599498
ACHC-AC-3.8_____,-0.0005571632
ACHC-AC-4.0_____,-0.0002920284
BBI-007VAL-041VAL-1,-0.0042906454
BBI-008TRP-251HIE-2,-0.001557116
BBI-012LEU-085ASP-1,-0.0041735716
BBI-015LEU-026LEU-1,-0.0039814436
BBI-017ASN-021LYS-2,-0.000829284
BBI-030TRP-178GLY-2,-0.0019923618
BBI-033ASN-036TRP-2,-0.0002942728
BBI-033VAL-115VAL-1,-0.0028548272
BBI-038ALA-041GLY-1,-0.0019372404
BBI-040THR-049GLN-2,-0.0028514234
BBI-041GLY-045LEU-2,-0.0022375606
BBI-044SER-047GLU-1,-0.0024425062
BBI-044TRP-054LEU-1,-0.0035835034
BBI-061VAL-064TYR-2,-0.002800848
BBI-072THR-075PRO-1,-0.0018484118
BBI-081LEU-084LYS-1,-0.0021541336
BBI-084LEU-088MET-2,-0.0026155806
BBI-087LEU-090TYR-1,-0.0037708718
BBI-108LYS-112TYR-1,-0.0012459268
BBI-108TYR-129TRP-1,-0.0030911024
BBI-112SER-115ALA-2,-0.0021454732
BBI-121VAL-155THR-2,-0.0045370418
BBI-171ALA-175GLU-1,-0.0003531486
BBI-197TYR-201LEU-2,-0.0019892544
BBI-228ARG-232GLU-1,-0.0029348952
HBC1-FaNNFaNN-10.0,-0.0
HBC1-FaNNFaNN-3.7,-0.0458887284
HBC1-FaNNFaNN-3.9,-0.0302463736
HBC1-FaONFaNN-10.0,-0.0
HBC1-FaONFaNN-3.7,-0.035035446
HBC1-FaONFaNN-3.8,-0.0282781124
HBC1-FaONFaNN-4.0,-0.0169788118
HBC1-FaONFaNN-4.1,-0.0126841878
HBC1-FaONFaNN-4.2,-0.0092921314
HBC1-FaONFaNN-4.3,-0.0067060356
HBC1-FaONFaNN-4.6,-0.0023873092
HBC1-FaONFaNN-4.8,-0.0011720226
HBC1-FaONFaNN-5.0,-0.0005731824
HBC1-FaONFaNN-5.4,-0.0001392148
HBC1-FaONFaNN-5.8,-3.49796e-05
HBC1-FaONFaNN-6.4,-4.4182e-06
HBC1-FaONFaNN-7.0,-5.14e-07
HBC1-FaONFaNN-8.0,-1.22e-08
HBC1-FaONFaON-10.0,-0.0
HBC1-FaONFaON-3.4,-0.0378941838
HBC1-FaONFaON-3.5,-0.0348886754
HBC1-FaONFaON-3.6,-0.0300127812
HBC1-FaONFaON-3.7,-0.024624907
HBC1-FaONFaON-3.8,-0.019422368
HBC1-FaONFaON-3.9,-0.0147853322
HBC1-FaONFaON-4.0,-0.0109023664
HBC1-FaONFaON-4.1,-0.007825449
HBC1-FaONFaON-4.2,-0.0054986584
HBC1-FaONFaON-4.3,-0.003806226
HBC1-FaONFaON-4.4,-0.002610384
HBC1-FaONFaON-4.6,-0.0012147768
HBC1-FaONFaON-4.8,-0.000566676
HBC1-FaONFaON-5.0,-0.0002675568
HBC1-FaONFaON-5.4,-6.2651e-05
HBC1-FaONFaON-5.8,-1.52704e-05
HBC1-FaONFaON-6.4,-1.795e-06
HBC1-FaONFaON-7.0,-1.938e-07
HBC1-FaONFaON-8.0,-5e-09
HBC1-FaOOFaNN-3.6,-0.0478239202
HBC1-FaOOFaNN-3.8,-0.0262477768
HBC1-FaOOFaNN-4.0,-0.0140373784
HBC1-FaOOFaNN-4.2,-0.0070461806
HBC1-FaOOFaNN-4.4,-0.003381289
HBC1-FaOOFaNN-4.6,-0.0016006902
HBC1-FaOOFaNN-5.0,-0.0003713688
HBC1-FaOOFaNN-5.8,-2.39608e-05
HBC1-FaOOFaNN-6.4,-3.0818e-06
HBC1-FaOOFaNN-7.0,-3.576e-07
HBC1-FaOOFaON-10.0,-0.0
HBC1-FaOOFaON-3.4,-0.0411763816
HBC1-FaOOFaON-3.5,-0.0342602296
HBC1-FaOOFaON-3.6,-0.0273331364
HBC1-FaOOFaON-3.7,-0.0210597262
HBC1-FaOOFaON-3.8,-0.0157292704
HBC1-FaOOFaON-3.9,-0.0114244132
HBC1-FaOOFaON-4.0,-0.0081053388
HBC1-FaOOFaON-4.1,-0.005652374
HBC1-FaOOFaON-4.2,-0.0039009382
HBC1-FaOOFaON-4.3,-0.0026792646
HBC1-FaOOFaON-4.4,-0.0018378388
HBC1-FaOOFaON-4.6,-0.0008668766
HBC1-FaOOFaON-4.8,-0.000411925
HBC1-FaOOFaON-5.0,-0.0001978564
HBC1-FaOOFaON-5.4,-4.75252e-05
HBC1-FaOOFaON-5.8,-1.174e-05
HBC1-FaOOFaON-6.4,-1.3788e-06
HBC1-FaOOFaON-7.0,-1.456e-07
HBC1-FaOOFaON-8.0,-3.6e-09
HBC1-FaOOFaOO-10.0,-0.0
HBC1-FaOOFaOO-3.4,-0.0431323146
HBC1-FaOOFaOO-3.5,-0.0328789492
HBC1-FaOOFaOO-3.6,-0.0245684188
HBC1-FaOOFaOO-3.7,-0.0179635402
HBC1-FaOOFaOO-3.8,-0.0128457478
HBC1-FaOOFaOO-3.9,-0.008998844
HBC1-FaOOFaOO-4.0,-0.0062005284
HBC1-FaOOFaOO-4.1,-0.0042254754
HBC1-FaOOFaOO-4.2,-0.0028636486
HBC1-FaOOFaOO-4.3,-0.0019389246
HBC1-FaOOFaOO-4.4,-0.001315944
HBC1-FaOOFaOO-4.6,-0.000614882
HBC1-FaOOFaOO-4.8,-0.0002938718
HBC1-FaOOFaOO-5.0,-0.0001435478
HBC1-FaOOFaOO-5.4,-3.58452e-05
HBC1-FaOOFaOO-5.8,-9.05e-06
HBC1-FaOOFaOO-6.4,-1.0686e-06
HBC1-FaOOFaOO-7.0,-1.12e-07
HBC1-FaOOFaOO-8.0,-3e-09
HSG-11,-0.0006326822
HSG-12,-0.00239432
HSG-13,-0.0010758656
HSG-17,-0.0013864988
HSG-3,-0.0007850836
HSG-4,-0.007386688
HSG-6,-0.0009890718
HSG-7,-0.0005566826
HSG-8,-0.000928412
JSCH-10,-0.0091570018
JSCH-100,-0.0013563856
JSCH-101,-0.0030670702
JSCH-102,-0.002001311
JSCH-103,-0.0030357592
JSCH-104,-0.0016435286
JSCH-106,-0.0015668394
JSCH-108,-0.0014703696
JSCH-109,-0.0015125676
JSCH-110,-0.001982767
JSCH-111,-0.0027624904
JSCH-112,-0.0023048228
JSCH-113,-0.0021440296
JSCH-114,-0.0049329562
JSCH-121,-0.003121394
JSCH-124,-0.0021670174
JSCH-14,-0.015018331
JSCH-15,-0.0034561286
JSCH-18,-0.0131577994
JSCH-19,-0.0090355922
JSCH-23,-0.0123638726
JSCH-25,-0.0098723994
JSCH-26,-0.0130105444
JSCH-30,-0.008855685
JSCH-39,-0.0001787
JSCH-40,-4.64516e-05
JSCH-41,-0.0007832242
JSCH-43,-3.7062e-06
JSCH-44,-0.0002288932
JSCH-45,-0.0015119154
JSCH-46,-4.09444e-05
JSCH-52,-1.67374e-05
JSCH-55,-2.14286e-05
NBC1-BzBz_PD32-0.2,-0.008079921
NBC1-BzMe-3.3,-0.003350743
NBC1-BzMe-3.7,-0.0009749332
NBC1-MeMe-3.2,-0.0011326504
NBC1-MeMe-3.3,-0.0007843236
NBC1-MeMe-3.4,-0.0005425478
NBC1-MeMe-3.5,-0.0003750276
NBC1-MeMe-3.6,-0.000259137
NBC1-MeMe-3.7,-0.0001790666
NBC1-MeMe-3.8,-0.0001237972
NBC1-MeMe-3.9,-8.56692e-05
NBC1-MeMe-4.0,-5.93706e-05
NBC1-MeMe-4.1,-4.12258e-05
NBC1-MeMe-4.2,-2.86968e-05
NBC1-MeMe-4.3,-2.00346e-05
NBC1-MeMe-4.4,-1.40348e-05
NBC1-MeMe-4.6,-6.9694e-06
NBC1-MeMe-4.8,-3.5234e-06
NBC1-MeMe-5.0,-1.8162e-06
NBC1-MeMe-5.4,-5.112e-07
NBC1-MeMe-5.8,-1.536e-07
S22-1,-0.0014027336
S22-10,-0.000877244
S22-11,-0.0026848726
S22-12,-0.0026199178
S22-16,-0.0007777694
S22-17,-0.0008680656
S22-18,-0.0008349334
S22-19,-0.0013957472
S22-2,-0.0024478012
S22-20,-0.0015259902
S22-21,-0.002025807
S22-22,-0.0028585676
S22-3,-0.012808528
S22-4,-0.0095308
S22-5,-0.0109545104
S22-6,-0.0121529734
S22-8,-0.0001607394
S22-9,-0.0007327952
S22by7-1-0.7,-0.0228812124
S22by7-1-0.8,-0.0090644544
S22by7-1-0.9,-0.0035615508
S22by7-1-1.0,-0.0014027336
S22by7-1-1.2,-0.000228301
S22by7-1-1.5,-1.79916e-05
S22by7-1-2.0,-3.312e-07
S22by7-10-0.8,-0.0044612052
S22by7-13-0.8,-0.0264249022
S22by7-15-1.5,-2.45212e-05
S22by7-17-0.7,-0.0090866386
S22by7-17-0.8,-0.0042461322
S22by7-18-1.2,-0.0001547156
S22by7-18-2.0,-2.068e-07
S22by7-2-0.7,-0.0254123124
S22by7-2-0.8,-0.0116129002
S22by7-2-0.9,-0.0053159612
S22by7-2-1.0,-0.0024478012
S22by7-2-1.2,-0.0005375196
S22by7-2-1.5,-6.19756e-05
S22by7-2-2.0,-1.8792e-06
S22by7-22-0.7,-0.0231230746
S22by7-22-0.8,-0.0113034874
S22by7-22-0.9,-0.0056218632
S22by7-22-1.0,-0.0028585676
S22by7-22-1.2,-0.000796114
S22by7-22-1.5,-0.000136429
S22by7-22-2.0,-8.662e-06
S22by7-3-0.7,-0.0961322784
S22by7-3-0.8,-0.0489691852
S22by7-3-0.9,-0.0249885486
S22by7-3-1.2,-0.003451629
S22by7-3-1.5,-0.000534237
S22by7-3-2.0,-2.99714e-05
S22by7-4-0.7,-0.083734171
S22by7-4-0.8,-0.0404686492
S22by7-4-0.9,-0.019600745
S22by7-4-1.0,-0.0095308
S22by7-4-1.2,-0.0023134274
S22by7-4-1.5,-0.0003075016
S22by7-4-2.0,-1.27414e-05
S22by7-5-0.7,-0.0920529272
S22by7-6-0.9,-0.0240587112
S22by7-6-1.0,-0.0121529526
S22by7-6-1.2,-0.0031526392
S22by7-8-0.7,-0.0095637358
S22by7-8-0.8,-0.00249834
S22by7-8-0.9,-0.000637329
S22by7-8-1.0,-0.0001607394
S22by7-8-1.2,-1.07674e-05
S22by7-8-1.5,-2.834e-07
S22by7-8-2.0,-1.2e-09
S22by7-9-0.7,-0.0271645482
S22by7-9-0.8,-0.0085636392
S22by7-9-0.9,-0.0025555618
S22by7-9-1.2,-5.87012e-05
S22by7-9-1.5,-1.7824e-06
S22by7-9-2.0,-1.42e-08
S66-1,-0.0022650516
S66-10,-0.0025330314
S66-11,-0.0024982404
S66-12,-0.0049080546
S66-13,-0.0021958676
S66-14,-0.0046061572
S66-15,-0.0038423378
S66-16,-0.0016812484
S66-17,-0.0100071038
S66-18,-0.0043408832
S66-19,-0.0048772158
S66-2,-0.0027768468
S66-20,-0.0125536804
S66-23,-0.0107970164
S66-24,-0.0018534242
S66-29,-0.0023705026
S66-3,-0.0047637178
S66-30,-0.0013453274
S66-31,-0.001413614
S66-32,-0.0013648414
S66-33,-0.0014201588
S66-34,-0.0019595282
S66-35,-0.0013723066
S66-36,-0.0009107894
S66-37,-0.0013694504
S66-38,-0.0015769086
S66-4,-0.0039651654
S66-40,-0.0014764008
S66-41,-0.0019013722
S66-42,-0.001603672
S66-44,-0.0010851154
S66-45,-0.001014374
S66-47,-0.001343377
S66-48,-0.0014845852
S66-5,-0.0028954444
S66-51,-0.0007327228
S66-59,-0.0010170984
S66-6,-0.0054217608
S66-60,-0.0022373262
S66-66,-0.0019160086
S66-7,-0.0041335464
S66-8,-0.0023230502
S66-9,-0.0015544138
SSI-001LEU-154LEU-1,-0.0006388786
SSI-003THR-182GLU-1,-0.0011727722
SSI-003TYR-056ALA-1,-0.001186251
SSI-004LEU-031TYR-1,-0.0004762662
SSI-005LEU-010TRP-1,-0.0003465394
SSI-005LEU-015LYS-1,-0.00021725
SSI-005PHE-163LEU-1,-0.0008803042
SSI-006GLU-010TYR-1,-0.001078989
SSI-007THR-031LYS-1,-0.0009331718
SSI-009ARG-128ARG-2,-0.0005038864
SSI-009GLN-068ILE-1,-0.0002815234
SSI-009VAL-025ILE-1,-0.000621803
SSI-013LEU-065PHE-1,-0.002140104
SSI-015ILE-034LEU-1,-0.0004372942
SSI-016LEU-062LEU-1,-0.0009969158
SSI-019VAL-075LEU-1,-0.000495833
SSI-022GLN-058GLU-1,-0.001794164
SSI-023ASP-057ARG-1,-0.007276097
SSI-023GLU-028LEU-1,-0.000925723
SSI-024LEU-260ILE-1,-0.000598393
SSI-024LYS-069TYR-2,-0.0012298968
SSI-025SER-075ASP-1,-0.0007700864
SSI-029PHE-103HIE-1,-0.0007367892
SSI-031PHE-095TYR-1,-0.0010990126
SSI-034ASP-037PHE-1,-0.001319858
SSI-034TYR-143MET-1,-0.0016152358
SSI-035ALA-065LEU-1,-0.0004772024
SSI-036ARG-162GLN-1,-0.0023401598
SSI-038PHE-046ARG-1,-0.0007845964
SSI-039THR-046THR-1,-0.005029395
SSI-039THR-077LEU-1,-0.0005650236
SSI-041ILE-107PHE-2,-0.0004698422
SSI-043LEU-055THR-1,-0.0005340824
SSI-043TYR-048GLN-1,-0.0003908158
SSI-048LYS-082ILE-1,-0.0006817352
SSI-049GLU-080ARG-1,-0.0022716052
SSI-051VAL-104ILE-1,-0.0004690042
SSI-052ILE-056GLN-1,-0.0003597914
SSI-058TRP-180SER-1,-0.000526012
SSI-059PHE-118THR-1,-0.0020300916
SSI-062ILE-105TYR-1,-0.0007158654
SSI-065THR-069ILE-1,-0.0005216544
SSI-068ARG-072THR-1,-0.00146336
SSI-068HIE-075LYS-1,-0.0007809634
SSI-070MET-075ILE-1,-0.0016962648
SSI-075LEU-111LEU-2,-0.0009001144
SSI-079ASP-135ILE-1,-0.000549142
SSI-083LEU-088TYR-2,-0.0005509064
SSI-084TYR-089ASP-1,-0.0009720218
SSI-091LYS-140SER-2,-0.0014391266
SSI-095TYR-106TYR-1,-0.0028378528
SSI-113ILE-185VAL-1,-0.001532007
SSI-115ASP-156ASP-1,-0.0061719182
SSI-115GLU-123PRO-1,-0.000479945
SSI-126LEU-162PHE-1,-0.0006013
SSI-130VAL-185PHE-1,-0.0006416176
SSI-131ASP-182PHE-1,-0.000973888
SSI-131THR-149LEU-1,-0.000395521
SSI-136SER-144ARG-1,-0.0030180686
SSI-153PHE-163LEU-1,-0.0005821016
SSI-158VAL-205TYR-1,-0.0008655794
SSI-165TYR-208ILE-1,-0.0004457132
SSI-175LEU-233ALA-1,-0.0007822066
SSI-189THR-199LYS-1,-0.0014327452
SSI-193HIE-248MET-1,-0.001160029
UBQ-ala28-asp32,-0.0028043926
UBQ-ala46-lys48,-0.0002777138
UBQ-arg42-val70,-0.0062475588
UBQ-asn25-lys29,-0.0023018474
UBQ-asp21-leu56,-0.0014630884
UBQ-gln2-glu64-small,-0.003371509
UBQ-gln31-gly35,-0.0043846624
UBQ-gln62-ser65,-0.0117779996
UBQ-glu16-lys29,-0.0039713722
UBQ-glu18-asp21-C,-0.0044227654
UBQ-glu18-asp21-N,-0.0028456058
UBQ-ile13-leu15,-0.0004042918
UBQ-ile13-lys33,-0.0019317586
UBQ-ile3-leu15-big,-0.0024418294
UBQ-ile3-leu15-part1,-0.0013302514
UBQ-ile3-leu15-part2,-0.0012872698
UBQ-ile3-leu15,-0.0006422464
UBQ-ile3-leu67,-0.000480073
UBQ-ile3-val17,-0.0007619012
UBQ-ile36-leu71,-0.0011571294
UBQ-ile44-gly47,-0.0001625896
UBQ-ile44-his68-big,-0.000952167
UBQ-ile44-his68-small,-0.0009511836
UBQ-ile44-his68,-0.0083641962
UBQ-ile61-leu67,-0.0006264766
UBQ-leu15-ile30,-0.0006203368
UBQ-leu43-leu50,-0.0032078968
UBQ-leu50-tyr59,-0.0012327388
UBQ-leu56-ile61np,-0.0011775028
UBQ-leu56-ile61p,-0.0003249756
UBQ-leu56-tyr59,-0.0008542952
UBQ-leu71-leu73,-0.0004088958
UBQ-lys11-glu34,-0.00133499
UBQ-lys27-asp52,-0.003329987
UBQ-met1-val17-mono,-0.0029259758
UBQ-phe4-thr12,-0.0007448734
UBQ-phe4-thr14,-0.0012976132
UBQ-phe45-ile61,-0.0011510298
UBQ-pro19-ser57,-0.003719719
UBQ-pro37-gln40,-0.0018388782
UBQ-ser57-asn60,-0.0030886976
UBQ-thr14-lys33,-0.0002093582
UBQ-thr22-asn25,-0.000986618
UBQ-thr22-thr55-big,-0.0075989616
UBQ-thr22-thr55-small,-0.001163883
UBQ-thr22-val26,-0.001157034
UBQ-thr55-asp58-backbone,-0.0007321796
UBQ-thr55-asp58-sidechain-small,-0.0021089958
UBQ-thr55-asp58-sidechain,-0.002939968
UBQ-thr7-ile13,-6.45912e-05
UBQ-thr7-lys11,-0.0023081192
UBQ-thr7-thr9-v2,-0.000264036
UBQ-tyr59-ile61,-0.000601148
UBQ-val17-leu56,-0.0008287986
UBQ-val26-leu56,-0.001109571
UBQ-val5-leu15,-0.001033923
UBQ-val5-leu69,-0.0006778734
