File,Overlap Pen. Energy * 2,SAPT Coulomb,Undamped Coulomb,Total Coulomb (damped*2)
A24-1,-0.0042032126,-0.017522170624,-0.0157159598999999,-0.019919172499999898
A24-10,-0.0013772806,-0.00550117624,-0.0052268988,-0.0066041794
A24-13,-0.0008062912,-0.00267011031,-0.0022241487,-0.0030304398999999997
A24-14,-0.0007117046,-0.001363023186,-0.0002453351,-0.0009570396999999999
A24-15,-0.0003503954,-0.0006702765719999,-0.0004330499,-0.0007834453
A24-16,-0.0013931188,-0.002408597268,-0.0008278366,-0.0022209554000000003
A24-17,-0.0003711544,-0.00057529682,-7.504990000000003e-05,-0.0004462043
A24-18,-0.0002461152,-0.00037529751,-9.144240000000004e-05,-0.00033755760000000004
A24-19,-0.0002158758,-0.000326054652,-7.07747e-05,-0.0002866505
A24-2,-0.0023118202,-0.012535733644,-0.0110782901,-0.0133901103
A24-23,-0.0017647662,-0.000888124426,0.0020646712,0.00029990500000000027
A24-5,-0.0013119464,-0.00755216518,-0.0059652015,-0.007277147899999999
A24-7,-0.0006098568,-0.001512026656,-0.0010172153999999,-0.0016270721999999001
A24-8,-0.0003137506,-0.001109796968,-0.0006909986,-0.0010047492
A24-9,-0.0022501756,-0.010416378406,-0.0084496964999999,-0.0106998720999999
ACHC-AC-3.2_____,-0.004075868,-0.008893515134,-0.001082499,-0.005158367
ACHC-AC-3.4_0.4____,-0.0022145858,-0.003739269968,0.0003114106999999,-0.0019031751000001002
ACHC-AC-3.4_0.8____,-0.0022711648,-0.00303983015,0.0016085327999999,-0.0006626320000000998
ACHC-AC-3.4_1.2____,-0.0021170436,-0.002167482562,0.0025947120999999,0.0004776684999999001
ACHC-AC-3.4_2.0____,-0.001391901,-0.000409879064,0.0030115379,0.0016196369000000001
ACHC-AC-3.4_n0.4____,-0.0020527252,-0.00447886901,-0.0009504350999999,-0.0030031602999999003
ACHC-AC-3.4_n1.2____,-0.0020704534,-0.00491791132,-6.43345000000072e-05,-0.002134787900000007
ACHC-AC-3.4_n1.6____,-0.0018958076,-0.005208906332,-7.001280000000845e-05,-0.0019658204000000084
ACHC-AC-3.4__0.4___,-0.0021236788,-0.0054548018979999,-0.0020085561999999,-0.004132234999999901
ACHC-AC-3.4__0.8___,-0.0020405708,-0.0064924078799999,-0.0033757057,-0.0054162765
ACHC-AC-3.4__1.2___,-0.0019497524,-0.00703105144,-0.0041092634,-0.0060590158
ACHC-AC-3.4__2.0___,-0.0018209858,-0.00650117279,-0.0028723576999999,-0.0046933434999999
ACHC-AC-3.4__n0.4___,-0.0019043014,-0.003013376058,0.0002199851,-0.0016843163
ACHC-AC-3.4__n0.8___,-0.0016617184,-0.001985172434,0.0009685486,-0.0006931698
ACHC-AC-3.4__n1.2___,-0.0014691602,-0.001047645788,0.0018909256,0.0004217654000000001
ACHC-AC-3.4___120__,-0.002414482,-0.007353281404,-0.0015769892999999,-0.0039914712999999
ACHC-AC-3.4___150__,-0.002075047,-0.008031366714,-0.0024069608,-0.0044820078
ACHC-AC-3.4___180__,-0.0020276026,-0.005697032138,0.000307869,-0.0017197336
ACHC-AC-3.4___30__,-0.0020177672,-0.002974810454,0.0006398699,-0.0013778972999999998
ACHC-AC-3.4___60__,-0.002271117,-0.002563656494,0.0024165809,0.00014546390000000006
ACHC-AC-3.4___90__,-0.0022089128,-0.006345954202,-0.000731185,-0.0029400978000000003
ACHC-AC-3.6____4_,-0.001027068,-0.001437126516,-0.0002604102,-0.0012874782
ACHC-AC-3.6____n12_,-0.001966832,-0.004914245994,-0.0015424122999999,-0.0035092442999999
ACHC-AC-3.6____n20_,-0.0037625526,-0.0103664981,-0.0030714544,-0.006834007
ACHC-AC-3.6_____,-0.0010749358,-0.001754734982,-0.0004096819,-0.0014846177
ACHC-AC-3.6_____12,0.0,-0.002025012934,0.0036360815,0.0036360815
ACHC-AC-3.6_____4,-0.0010731134,-0.001666607796,-0.0002128339999999,-0.0012859473999999
ACHC-AC-3.6_____n12,-0.0016873114,-0.0034278766199999,-0.0008493748,-0.0025366862
ACHC-AC-3.6_____n16,-0.0021991468,-0.004672015754,-0.0010368284999999,-0.0032359752999999002
ACHC-AC-3.6_____n20,-0.0029827928,-0.006454479724,-0.0012894486999999,-0.0042722414999999
ACHC-AC-3.6_____n4,-0.0011655608,-0.002047164252,-0.0005636119,-0.0017291727
ACHC-AC-3.6_____n8,-0.0013599498,-0.00258405483,-0.0007009466999999,-0.0020608964999999
ACHC-AC-3.8_____,-0.0005571632,-0.00049800625,-0.0001931919,-0.0007503551
ACHC-AC-4.0_____,-0.0002920284,0.0001317923739999,-3.365839999999982e-05,-0.0003256867999999998
BBI-007VAL-041VAL-1,-0.0042906454,-0.0177304567579999,-0.0123968832,-0.0166875286
BBI-008TRP-251HIE-2,-0.001557116,-0.01224378246,-0.0108715395,-0.0124286555
BBI-012LEU-085ASP-1,-0.0041735716,-0.019010771066,-0.0149519785999999,-0.0191255501999999
BBI-015LEU-026LEU-1,-0.0039814436,-0.018079937624,-0.0136943272,-0.0176757708
BBI-017ASN-021LYS-2,-0.000829284,-0.008722200984,-0.0084136911,-0.0092429751
BBI-030TRP-178GLY-2,-0.0019923618,-0.013641865286,-0.0124459842,-0.014438346
BBI-033ASN-036TRP-2,-0.0002942728,0.0034858843879999,0.0054312379,0.0051369651
BBI-033VAL-115VAL-1,-0.0028548272,-0.015515643682,-0.0128607793,-0.0157156065
BBI-038ALA-041GLY-1,-0.0019372404,-0.0028701096199999,0.0006279045,-0.0013093358999999999
BBI-040THR-049GLN-2,-0.0028514234,-0.015936837448,-0.0135264587,-0.0163778821
BBI-041GLY-045LEU-2,-0.0022375606,-0.013793896634,-0.0116901004999999,-0.0139276610999999
BBI-044SER-047GLU-1,-0.0024425062,-0.006089062658,-0.0020820029,-0.004524509100000001
BBI-044TRP-054LEU-1,-0.0035835034,-0.017261135668,-0.0138308598999999,-0.017414363299999902
BBI-061VAL-064TYR-2,-0.002800848,-0.011717250412,-0.0090758765,-0.0118767245
BBI-072THR-075PRO-1,-0.0018484118,-0.003866600206,0.0004850551999999,-0.0013633566000001
BBI-081LEU-084LYS-1,-0.0021541336,-0.003750265946,0.0006261877,-0.0015279459
BBI-084LEU-088MET-2,-0.0026155806,-0.01456807723,-0.0117435485,-0.0143591291
BBI-087LEU-090TYR-1,-0.0037708718,-0.014606961558,-0.0102555374,-0.014026409200000001
BBI-108LYS-112TYR-1,-0.0012459268,-0.01092665553,-0.0100901690999999,-0.0113360958999999
BBI-108TYR-129TRP-1,-0.0030911024,-0.016111338838,-0.012939061,-0.0160301634
BBI-112SER-115ALA-2,-0.0021454732,-0.004278550976,-0.0003043288,-0.0024498019999999996
BBI-121VAL-155THR-2,-0.0045370418,-0.01836328326,-0.0131473299,-0.0176843717
BBI-171ALA-175GLU-1,-0.0003531486,-0.001078402654,-0.0004357389,-0.0007888875
BBI-197TYR-201LEU-2,-0.0019892544,-0.01189557649,-0.0101627911999999,-0.012152045599999899
BBI-228ARG-232GLU-1,-0.0029348952,-0.015699866154,-0.0124927878999999,-0.015427683099999898
HBC1-FaNNFaNN-10.0,-0.0,-0.000163824136,-0.0001669192,-0.0001669192
HBC1-FaNNFaNN-3.7,-0.0458887284,-0.087930055206,-0.0617867989999999,-0.1076755273999999
HBC1-FaNNFaNN-3.9,-0.0302463736,-0.06889697346,-0.0503593305999999,-0.0806057041999999
HBC1-FaONFaNN-10.0,-0.0,-0.000361911102,-0.0003921765,-0.0003921765
HBC1-FaONFaNN-3.7,-0.035035446,-0.077761165986,-0.0556885481,-0.0907239941
HBC1-FaONFaNN-3.8,-0.0282781124,-0.0688826308799999,-0.0506700629999999,-0.0789481753999999
HBC1-FaONFaNN-4.0,-0.0169788118,-0.051965876494,-0.040574103,-0.0575529148
HBC1-FaONFaNN-4.1,-0.0126841878,-0.0444859023,-0.0358801880999999,-0.0485643758999999
HBC1-FaONFaNN-4.2,-0.0092921314,-0.03788512826,-0.0315880847,-0.0408802161
HBC1-FaONFaNN-4.3,-0.0067060356,-0.032206104028,-0.0277502874999999,-0.0344563230999999
HBC1-FaONFaNN-4.6,-0.0023873092,-0.020071006452,-0.0188645566999999,-0.0212518658999999
HBC1-FaONFaNN-4.8,-0.0011720226,-0.014998513992,-0.0147409535999999,-0.0159129761999999
HBC1-FaONFaNN-5.0,-0.0005731824,-0.011466573986,-0.0116513876999999,-0.0122245700999999
HBC1-FaONFaNN-5.4,-0.0001392148,-0.007148501234,-0.0075572433,-0.007696458099999999
HBC1-FaONFaNN-5.8,-3.49796e-05,-0.004777832122,-0.0051415051,-0.0051764847
HBC1-FaONFaNN-6.4,-4.4182e-06,-0.002849711284,-0.0030999248,-0.003104343
HBC1-FaONFaNN-7.0,-5.14e-07,-0.00182708533,-0.0019943961,-0.0019949101
HBC1-FaONFaNN-8.0,-1.22e-08,-0.000973383096,-0.001061871,-0.0010618832
HBC1-FaONFaON-10.0,-0.0,-0.00053226908,-0.0005929848,-0.0005929848
HBC1-FaONFaON-3.4,-0.0378941838,-0.083034295204,-0.0526529394,-0.0905471232
HBC1-FaONFaON-3.5,-0.0348886754,-0.080141874904,-0.0536571389999999,-0.0885458143999999
HBC1-FaONFaON-3.6,-0.0300127812,-0.074047393938,-0.0518485889999999,-0.08186137019999991
HBC1-FaONFaON-3.7,-0.024624907,-0.066569810174,-0.0484594495999999,-0.0730843565999999
HBC1-FaONFaON-3.8,-0.019422368,-0.058629120438,-0.0443170044999999,-0.0637393724999999
HBC1-FaONFaON-3.9,-0.0147853322,-0.050811458166,-0.039932192,-0.0547175242
HBC1-FaONFaON-4.0,-0.0109023664,-0.043527817956,-0.0356075716,-0.046509938
HBC1-FaONFaON-4.1,-0.007825449,-0.037029194958,-0.0315405998999999,-0.039366048899999895
HBC1-FaONFaON-4.2,-0.0054986584,-0.03143176407,-0.0278526601,-0.0333513185
HBC1-FaONFaON-4.3,-0.003806226,-0.026731541242,-0.0245816092,-0.0283878352
HBC1-FaONFaON-4.4,-0.002610384,-0.02284772994,-0.0217257123,-0.024336096300000002
HBC1-FaONFaON-4.6,-0.0012147768,-0.01704774995,-0.0171174658,-0.0183322426
HBC1-FaONFaON-4.8,-0.000566676,-0.013104496622,-0.013676568,-0.014243244
HBC1-FaONFaON-5.0,-0.0002675568,-0.010351199348,-0.0110815829,-0.0113491397
HBC1-FaONFaON-5.4,-6.2651e-05,-0.006898621618,-0.0075791326,-0.0076417836
HBC1-FaONFaON-5.8,-1.52704e-05,-0.004889863608,-0.0054280831,-0.0054433534999999995
HBC1-FaONFaON-6.4,-1.795e-06,-0.003139272038,-0.0035068527,-0.0035086477000000004
HBC1-FaONFaON-7.0,-1.938e-07,-0.002143259538,-0.0023983856999999,-0.0023985794999999
HBC1-FaONFaON-8.0,-5e-09,-0.001247167012,-0.0013949957,-0.0013950007
HBC1-FaOOFaNN-3.6,-0.0478239202,-0.10162116335,-0.0845997256,-0.1324236458
HBC1-FaOOFaNN-3.8,-0.0262477768,-0.072952417636,-0.0601768904999999,-0.0864246672999999
HBC1-FaOOFaNN-4.0,-0.0140373784,-0.0522622898139999,-0.0447230186,-0.058760397
HBC1-FaOOFaNN-4.2,-0.0070461806,-0.036932780948,-0.0332021263,-0.0402483069
HBC1-FaOOFaNN-4.4,-0.003381289,-0.026182857876,-0.0247839527,-0.0281652417
HBC1-FaOOFaNN-4.6,-0.0016006902,-0.0189344366679999,-0.0187539766,-0.0203546668
HBC1-FaOOFaNN-5.0,-0.0003713688,-0.01074657647,-0.0113216539999999,-0.0116930227999999
HBC1-FaOOFaNN-5.8,-2.39608e-05,-0.004476159856,-0.0049308586,-0.0049548194
HBC1-FaOOFaNN-6.4,-3.0818e-06,-0.002643178132,-0.002941327,-0.0029444088
HBC1-FaOOFaNN-7.0,-3.576e-07,-0.001671388656,-0.0018684985,-0.0018688561000000002
HBC1-FaOOFaON-10.0,-0.0,-0.000354421088,-0.0004101674999999,-0.0004101674999999
HBC1-FaOOFaON-3.4,-0.0411763816,-0.094704693188,-0.0689020207,-0.11007840229999999
HBC1-FaOOFaON-3.5,-0.0342602296,-0.085465521876,-0.0640024817,-0.0982627113
HBC1-FaOOFaON-3.6,-0.0273331364,-0.075343006998,-0.0579509887,-0.0852841251
HBC1-FaOOFaON-3.7,-0.0210597262,-0.065260651344,-0.0516114327999999,-0.0726711589999999
HBC1-FaOOFaON-3.8,-0.0157292704,-0.055747855478,-0.0454540763,-0.0611833467
HBC1-FaOOFaON-3.9,-0.0114244132,-0.0471246182959999,-0.0397255022,-0.051149915399999996
HBC1-FaOOFaON-4.0,-0.0081053388,-0.039575002908,-0.034551649,-0.0426569878
HBC1-FaOOFaON-4.1,-0.005652374,-0.033166897526,-0.029998744,-0.035651118
HBC1-FaOOFaON-4.2,-0.0039009382,-0.027860621012,-0.0260708874,-0.029971825599999998
HBC1-FaOOFaON-4.3,-0.0026792646,-0.0235331459019999,-0.0227240112,-0.0254032758
HBC1-FaOOFaON-4.4,-0.0018378388,-0.020024472748,-0.0198879748,-0.021725813599999998
HBC1-FaOOFaON-4.6,-0.0008668766,-0.014848713712,-0.0154415044,-0.016308381
HBC1-FaOOFaON-4.8,-0.000411925,-0.01134737121,-0.0121973208,-0.0126092458
HBC1-FaOOFaON-5.0,-0.0001978564,-0.008903873664,-0.0097878224,-0.0099856788
HBC1-FaOOFaON-5.4,-4.75252e-05,-0.005834880268,-0.0065691422,-0.0066166674
HBC1-FaOOFaON-5.8,-1.174e-05,-0.004047635438,-0.0046068747,-0.0046186147
HBC1-FaOOFaON-6.4,-1.3788e-06,-0.002505808088,-0.0028764319,-0.0028778107
HBC1-FaOOFaON-7.0,-1.456e-07,-0.0016493966999999,-0.0019011348999999,-0.0019012804999999
HBC1-FaOOFaON-8.0,-3.6e-09,-0.000907885314,-0.0010494965999999,-0.0010495001999999
HBC1-FaOOFaOO-10.0,-0.0,-0.000207489324,-0.0002534951999999,-0.0002534951999999
HBC1-FaOOFaOO-3.4,-0.0431323146,-0.102227057674,-0.0795728526,-0.12270516719999999
HBC1-FaOOFaOO-3.5,-0.0328789492,-0.08720527683,-0.0687800938999999,-0.1016590430999999
HBC1-FaOOFaOO-3.6,-0.0245684188,-0.073785243448,-0.0593069704,-0.0838753892
HBC1-FaOOFaOO-3.7,-0.0179635402,-0.061903531452,-0.0510042805,-0.0689678207
HBC1-FaOOFaOO-3.8,-0.0128457478,-0.051538308248,-0.0437291977,-0.0565749455
HBC1-FaOOFaOO-3.9,-0.008998844,-0.042678418496,-0.0374182621,-0.0464171061
HBC1-FaOOFaOO-4.0,-0.0062005284,-0.035276053596,-0.0320176012,-0.038218129600000005
HBC1-FaOOFaOO-4.1,-0.0042254754,-0.029215357374,-0.0274523357,-0.0316778111
HBC1-FaOOFaOO-4.2,-0.0028636486,-0.024323900146,-0.0236235002,-0.026487148800000002
HBC1-FaOOFaOO-4.3,-0.0019389246,-0.020400248344,-0.0204201805,-0.0223591051
HBC1-FaOOFaOO-4.4,-0.001315944,-0.017254442464,-0.0177379256,-0.0190538696
HBC1-FaOOFaOO-4.6,-0.000614882,-0.012654458334,-0.0135799107,-0.0141947927
HBC1-FaOOFaOO-4.8,-0.0002938718,-0.00956650086,-0.0105827971,-0.010876668899999999
HBC1-FaOOFaOO-5.0,-0.0001435478,-0.007418938548,-0.0083777944999999,-0.0085213422999999
HBC1-FaOOFaOO-5.4,-3.58452e-05,-0.0047260394719999,-0.0054598642999999,-0.0054957094999999
HBC1-FaOOFaOO-5.8,-9.05e-06,-0.003168754008,-0.0037068837,-0.0037159337
HBC1-FaOOFaOO-6.4,-1.0686e-06,-0.0018583202819999,-0.0022019111,-0.0022029797
HBC1-FaOOFaOO-7.0,-1.12e-07,-0.001161430256,-0.0013880971,-0.0013882091
HBC1-FaOOFaOO-8.0,-3e-09,-0.00059282664,-0.0007156971,-0.0007157001
HSG-11,-0.0006326822,-0.007799654366,-0.0075452641999999,-0.0081779463999999
HSG-12,-0.00239432,-0.002762699632,-0.0002862352,-0.0026805552000000003
HSG-13,-0.0010758656,-0.002080311548,-0.0004093707999999,-0.0014852363999999
HSG-17,-0.0013864988,-0.001673141638,0.0004479927999999,-0.0009385060000000999
HSG-3,-0.0007850836,0.000993303346,0.0040289115,0.0032438279
HSG-4,-0.007386688,-0.037245449192,-0.0270369962999999,-0.0344236842999999
HSG-6,-0.0009890718,-0.005040460698,-0.0037733494,-0.0047624212
HSG-7,-0.0005566826,-0.002445569252,-0.001379867,-0.0019365495999999999
HSG-8,-0.000928412,-9.2111236e-05,0.0033511653,0.0024227533
JSCH-10,-0.0091570018,-0.037135808136,-0.0287718663,-0.0379288681
JSCH-100,-0.0013563856,0.003374171626,0.0069361887,0.0055798031
JSCH-101,-0.0030670702,-0.005906593168,0.0018263946,-0.0012406755999999999
JSCH-102,-0.002001311,-0.001109318882,0.0046451415999999,0.0026438305999999
JSCH-103,-0.0030357592,-0.0145666429719999,-0.0086529201999999,-0.0116886793999999
JSCH-104,-0.0016435286,-0.008468656042,-0.0023277035999999,-0.0039712321999999
JSCH-106,-0.0015668394,-0.00292907356,0.0015906406,2.3801200000000012e-05
JSCH-108,-0.0014703696,-0.004369068592,-0.000914514,-0.0023848836
JSCH-109,-0.0015125676,-0.004501657776,0.0007497389,-0.0007628287
JSCH-110,-0.001982767,-0.004155682874,0.0017695989999999,-0.00021316800000009987
JSCH-111,-0.0027624904,-0.002688915026,-0.0026363360999999,-0.0053988264999999
JSCH-112,-0.0023048228,-0.0040513007639999,0.0007664936999999,-0.0015383291000001
JSCH-113,-0.0021440296,-0.005228189134,-0.0055897024,-0.007733732
JSCH-114,-0.0049329562,-0.009246342602,-0.0027682084,-0.007701164599999999
JSCH-121,-0.003121394,-0.010613987286,-0.0074348258999999,-0.0105562198999999
JSCH-124,-0.0021670174,-0.0137115064799999,-0.0093513513,-0.0115183687
JSCH-14,-0.015018331,-0.0563615585399999,-0.0456417513,-0.0606600823
JSCH-15,-0.0034561286,-0.0130629031399999,-0.0048042974999999,-0.0082604260999999
JSCH-18,-0.0131577994,-0.045527970418,-0.0354323736,-0.048590173
JSCH-19,-0.0090355922,-0.045680479852,-0.0370275883999999,-0.0460631805999999
JSCH-23,-0.0123638726,-0.045599205232,-0.036302824,-0.048666696599999996
JSCH-25,-0.0098723994,-0.033418848848,-0.0235070052,-0.0333794046
JSCH-26,-0.0130105444,-0.04778150846,-0.0366360093,-0.0496465537
JSCH-30,-0.008855685,-0.030734714682,-0.0215083661,-0.030364051099999997
JSCH-39,-0.0001787,-0.003430107688,-0.0028742981999999,-0.0030529981999999
JSCH-40,-4.64516e-05,-0.006773363086,-0.0062016992,-0.0062481507999999995
JSCH-41,-0.0007832242,-0.003425167466,-0.0022055469,-0.0029887711
JSCH-43,-3.7062e-06,0.007367783346,0.007074854,0.0070711478
JSCH-44,-0.0002288932,0.010049845806,0.0101998658999999,0.0099709726999999
JSCH-45,-0.0015119154,-0.00182549171,0.0046721364999999,0.0031602210999999002
JSCH-46,-4.09444e-05,0.0039872372399999,0.0038401396,0.0037991952
JSCH-52,-1.67374e-05,-0.000967486702,-0.0009202837999999,-0.0009370211999999
JSCH-55,-2.14286e-05,0.003206841526,0.0034731319,0.0034517032999999996
NBC1-BzBz_PD32-0.2,-0.008079921,-0.010979404352,0.0107836280999999,0.0027037070999999004
NBC1-BzMe-3.3,-0.003350743,-0.004981178034,-0.0001516253,-0.0035023683
NBC1-BzMe-3.7,-0.0009749332,-0.001678241222,-0.0002484808999999,-0.0012234140999999
NBC1-MeMe-3.2,-0.0011326504,-0.001669157588,-0.0002059377999999,-0.0013385881999998998
NBC1-MeMe-3.3,-0.0007843236,-0.001167167288,-0.0001642947,-0.0009486182999999999
NBC1-MeMe-3.4,-0.0005425478,-0.000812586838,-0.0001313992999999,-0.0006739470999999001
NBC1-MeMe-3.5,-0.0003750276,-0.000562866584,-0.0001053585,-0.0004803861
NBC1-MeMe-3.6,-0.000259137,-0.000387409022,-8.469570000000004e-05,-0.00034383270000000005
NBC1-MeMe-3.7,-0.0001790666,-0.000264700282,-6.825990000000005e-05,-0.00024732650000000003
NBC1-MeMe-3.8,-0.0001237972,-0.0001789635259999,-5.515239999999998e-05,-0.00017894959999999996
NBC1-MeMe-3.9,-8.56692e-05,-0.0001193621379999,-4.467220000000002e-05,-0.00013034140000000002
NBC1-MeMe-4.0,-5.93706e-05,-7.808738e-05,-3.62705e-05,-9.56411e-05
NBC1-MeMe-4.1,-4.12258e-05,-4.9720944e-05,-2.9517299999999982e-05,-7.074309999999999e-05
NBC1-MeMe-4.2,-2.86968e-05,-3.027878e-05,-2.4074699999999985e-05,-5.277149999999998e-05
NBC1-MeMe-4.3,-2.00346e-05,-1.7211096e-05,-1.9677299999999995e-05,-3.9711899999999995e-05
NBC1-MeMe-4.4,-1.40348e-05,-8.446186e-06,-1.6115500000000012e-05,-3.0150300000000012e-05
NBC1-MeMe-4.6,-6.9694e-06,1.115534e-06,-1.08688e-05,-1.78382e-05
NBC1-MeMe-4.8,-3.5234e-06,4.78086e-06,-7.377299999999998e-06,-1.0900699999999999e-05
NBC1-MeMe-5.0,-1.8162e-06,5.896394e-06,-5.033399999999998e-06,-6.849599999999998e-06
NBC1-MeMe-5.4,-5.112e-07,5.099584000000001e-06,-2.365699999999997e-06,-2.876899999999997e-06
NBC1-MeMe-5.8,-1.536e-07,3.665326e-06,-1.1122000000000012e-06,-1.265800000000001e-06
S22-1,-0.0014027336,-0.007791845628,-0.0060988366,-0.0075015702
S22-10,-0.000877244,-0.001534177974,-0.0002023254999999,-0.0010795694999999
S22-11,-0.0026848726,-0.00404859161,0.0036327647999999,0.0009478921999999
S22-12,-0.0026199178,-0.006798064196,-0.0008675010999999,-0.0034874188999999
S22-16,-0.0007777694,-0.002824054002,-0.0030124924,-0.0037902618
S22-17,-0.0008680656,-0.0043263595759999,-0.0046910783,-0.0055591439
S22-18,-0.0008349334,-0.002775129868,-0.0024277556,-0.003262689
S22-19,-0.0013957472,-0.006119819524,-0.0045763662999999,-0.0059721134999999
S22-2,-0.0024478012,-0.012910234344,-0.0113321974999999,-0.0137799986999999
S22-20,-0.0015259902,-0.00318803681,-0.0014857727,-0.0030117629
S22-21,-0.002025807,-0.00676810414,-0.0078319615,-0.009857768499999999
S22-22,-0.0028585676,-0.013653817436,-0.0101464463,-0.013005013900000001
S22-3,-0.012808528,-0.051345798952,-0.0434768918,-0.0562854198
S22-4,-0.0095308,-0.0404124502179999,-0.033503556,-0.043034355999999996
S22-5,-0.0109545104,-0.047472664904,-0.0412098096,-0.05216432
S22-6,-0.0121529734,-0.042882879942,-0.0347306821999999,-0.04688365559999989
S22-8,-0.0001607394,-0.0002403178959999,-7.687459999999998e-05,-0.00023761399999999998
S22-9,-0.0007327952,-0.001799834428,-0.0009634983,-0.0016962935
S22by7-1-0.7,-0.0228812124,-0.043746143896,-0.0192893042,-0.0421705166
S22by7-1-0.8,-0.0090644544,-0.02357203023,-0.0126697642,-0.0217342186
S22by7-1-0.9,-0.0035615508,-0.0134818658379999,-0.0086503405,-0.0122118913
S22by7-1-1.0,-0.0014027336,-0.008285549104,-0.0060988366,-0.0075015702
S22by7-1-1.2,-0.000228301,-0.003820066502,-0.0032740024999999,-0.0035023034999999
S22by7-1-1.5,-1.79916e-05,-0.0016463688219999,-0.0014867686,-0.0015047602
S22by7-1-2.0,-3.312e-07,-0.0005737032,-0.0005160747,-0.0005164058999999999
S22by7-10-0.8,-0.0044612052,-0.006556630766,1.1955999999999914e-05,-0.004449249200000001
S22by7-13-0.8,-0.0264249022,-0.073889625558,-0.0149436076999999,-0.0413685098999999
S22by7-15-1.5,-2.45212e-05,-0.002480150806,-0.0022067133,-0.0022312345
S22by7-17-0.7,-0.0090866386,-0.017089821518,-0.0082486089,-0.017335247499999998
S22by7-17-0.8,-0.0042461322,-0.010459246784,-0.0069328995999999,-0.011179031799999899
S22by7-18-1.2,-0.0001547156,-0.001696886576,-0.0015796832,-0.0017343988
S22by7-18-2.0,-2.068e-07,-0.000355536622,-0.0003488396999999,-0.0003490464999999
S22by7-2-0.7,-0.0254123124,-0.0475765689279999,-0.0312374192,-0.0566497316
S22by7-2-0.8,-0.0116129002,-0.030419177922,-0.0213708258999999,-0.0329837260999999
S22by7-2-0.9,-0.0053159612,-0.020187340712,-0.0152933138,-0.020609275
S22by7-2-1.0,-0.0024478012,-0.014075170564,-0.0113321974999999,-0.0137799986999999
S22by7-2-1.2,-0.0005375196,-0.007763957278,-0.0067340644,-0.007271583999999999
S22by7-2-1.5,-6.19756e-05,-0.003928751386,-0.0035504532,-0.0036124288
S22by7-2-2.0,-1.8792e-06,-0.0017327430259999,-0.0015504809,-0.0015523601
S22by7-22-0.7,-0.0231230746,-0.049543892818,-0.0266792321,-0.0498023067
S22by7-22-0.8,-0.0113034874,-0.031782201108,-0.0185527829,-0.029856270299999998
S22by7-22-0.9,-0.0056218632,-0.021016819922,-0.0134842514999999,-0.0191061146999999
S22by7-22-1.0,-0.0028585676,-0.01449556752,-0.0101464315999999,-0.0130049991999999
S22by7-22-1.2,-0.000796114,-0.007741965322,-0.006196552,-0.006992666
S22by7-22-1.5,-0.000136429,-0.003744688276,-0.0033480221,-0.0034844511
S22by7-22-2.0,-8.662e-06,-0.001572424854,-0.0014652154999999,-0.0014738774999999
S22by7-3-0.7,-0.0961322784,-0.14596842071,-0.1076513682,-0.2037836466
S22by7-3-0.8,-0.0489691852,-0.104182429414,-0.0771503567999999,-0.12611954199999992
S22by7-3-0.9,-0.0249885486,-0.073926278818,-0.0571951765,-0.0821837251
S22by7-3-1.2,-0.003451629,-0.02997758582,-0.0265307165,-0.0299823455
S22by7-3-1.5,-0.000534237,-0.014708953238,-0.0139226646,-0.0144569016
S22by7-3-2.0,-2.99714e-05,-0.0057472311679999,-0.0056784447,-0.0057084161000000005
S22by7-4-0.7,-0.083734171,-0.128907284352,-0.0806087839,-0.1643429549
S22by7-4-0.8,-0.0404686492,-0.086100738808,-0.0580694179,-0.0985380671
S22by7-4-0.9,-0.019600745,-0.058913422246,-0.0434740604999999,-0.0630748054999999
S22by7-4-1.0,-0.0095308,-0.0418962698,-0.033503556,-0.043034355999999996
S22by7-4-1.2,-0.0023134274,-0.023812188764,-0.0211997021999999,-0.023513129599999898
S22by7-4-1.5,-0.0003075016,-0.012429598552,-0.0119080171,-0.012215518699999999
S22by7-4-2.0,-1.27414e-05,-0.005625000514,-0.0055110903,-0.0055238317000000006
S22by7-5-0.7,-0.0920529272,-0.142082537702,-0.0937009162,-0.1857538434
S22by7-6-0.9,-0.0240587112,-0.06243643798,-0.0461064044999999,-0.07016511569999989
S22by7-6-1.0,-0.0121529526,-0.0438766613739999,-0.0347306621,-0.04688361469999999
S22by7-6-1.2,-0.0031526392,-0.023752587376,-0.020942717,-0.0240953562
S22by7-8-0.7,-0.0095637358,-0.011852708112,-0.0008874128,-0.010451148600000001
S22by7-8-0.8,-0.00249834,-0.00322150283,-0.0003768735,-0.0028752135
S22by7-8-0.9,-0.000637329,-0.000867407366,-0.0001662106999999,-0.0008035396999999
S22by7-8-1.0,-0.0001607394,-0.000222947438,-7.687459999999998e-05,-0.00023761399999999998
S22by7-8-1.2,-1.07674e-05,-5.57767e-06,-1.9078799999999987e-05,-2.9846199999999985e-05
S22by7-8-1.5,-2.834e-07,2.231068e-06,-3.337999999999999e-06,-3.6213999999999993e-06
S22by7-8-2.0,-1.2e-09,3.1872400000000004e-07,-3.987e-07,-3.999e-07
S22by7-9-0.7,-0.0271645482,-0.034938365518,-0.0065534155,-0.0337179637
S22by7-9-0.8,-0.0085636392,-0.012783541554,-0.003410219,-0.0119738582
S22by7-9-0.9,-0.0025555618,-0.004716637114,-0.0017998011,-0.0043553629
S22by7-9-1.2,-5.87012e-05,-0.000338325526,-0.0002929329999999,-0.00035163419999989997
S22by7-9-1.5,-1.7824e-06,-5.035839200000001e-05,-5.81764e-05,-5.99588e-05
S22by7-9-2.0,-1.42e-08,-5.57767e-06,-5.417999999999998e-06,-5.432199999999998e-06
S66-1,-0.0022650516,-0.013655092332,-0.0109590604,-0.013224112
S66-10,-0.0025330314,-0.009514548848,-0.006549406,-0.0090824374
S66-11,-0.0024982404,-0.011687449718,-0.0079467441,-0.0104449845
S66-12,-0.0049080546,-0.020613793424,-0.0168291484,-0.021737203
S66-13,-0.0021958676,-0.013551188308,-0.0099134056999999,-0.0121092732999999
S66-14,-0.0046061572,-0.01782703013,-0.013526449,-0.018132606199999998
S66-15,-0.0038423378,-0.018713242212,-0.014112646,-0.0179549838
S66-16,-0.0016812484,-0.011746732382,-0.0091098268,-0.0107910752
S66-17,-0.0100071038,-0.043801920596,-0.0350784871,-0.0450855909
S66-18,-0.0043408832,-0.018445195328,-0.0152659886,-0.0196068718
S66-19,-0.0048772158,-0.019309415454,-0.0158275068,-0.0207047226
S66-2,-0.0027768468,-0.015167118988,-0.0119202022,-0.014697049
S66-20,-0.0125536804,-0.0535822852599999,-0.0438061204,-0.0563598008
S66-23,-0.0107970164,-0.0486532186,-0.0394381819,-0.0502351983
S66-24,-0.0018534242,-0.002668197966,0.0033465821,0.0014931578999999998
S66-29,-0.0023705026,-0.010548330142,-0.0043966309999999,-0.0067671335999999
S66-3,-0.0047637178,-0.02026925278,-0.0168733427,-0.0216370605
S66-30,-0.0013453274,-0.001421349678,0.0025139131,0.0011685857
S66-31,-0.001413614,-0.006036473198,-0.0022094064,-0.0036230204
S66-32,-0.0013648414,-0.00745176712,-0.0036709446999999,-0.005035786099999899
S66-33,-0.0014201588,-0.002727799354,0.0012161422,-0.0002040166
S66-34,-0.0019595282,-0.002627720018,0.0003025216,-0.0016570066
S66-35,-0.0013723066,-0.001855133042,1.657320000000017e-05,-0.0013557333999999997
S66-36,-0.0009107894,-0.00105019558,-0.0001622503,-0.0010730397
S66-37,-0.0013694504,-0.001822782556,5.489420000000034e-05,-0.0013145561999999998
S66-38,-0.0015769086,-0.002109793518,0.0007315475,-0.0008453610999999999
S66-4,-0.0039651654,-0.02131705793,-0.0169706815999999,-0.020935846999999896
S66-40,-0.0014764008,-0.002890348594,-0.0003030049999999,-0.0017794057999999
S66-41,-0.0019013722,-0.003932416712,-0.0006169078,-0.00251828
S66-42,-0.001603672,-0.0031713038,0.0011888909,-0.00041478109999999995
S66-44,-0.0010851154,-0.0016231019699999,5.772099999999994e-05,-0.0010273944
S66-45,-0.001014374,-0.001978160506,-0.0002915703,-0.0013059443
S66-47,-0.001343377,-0.003226602414,-0.0014854733,-0.0028288503
S66-48,-0.0014845852,-0.004833130736,-0.0044959271,-0.0059805123
S66-5,-0.0028954444,-0.015214768226,-0.0116624478,-0.0145578922
S66-51,-0.0007327228,-0.003364450544,-0.0029066867999999,-0.0036394095999999
S66-59,-0.0010170984,-0.007142445478,-0.0058172613,-0.006834359700000001
S66-6,-0.0054217608,-0.021051560838,-0.0169611844,-0.022382945199999997
S66-60,-0.0022373262,-0.012409678302,-0.0101194021,-0.0123567283
S66-66,-0.0019160086,-0.007366189726,-0.0043514685999999,-0.006267477199999901
S66-7,-0.0041335464,-0.021074668328,-0.0164916058,-0.0206251522
S66-8,-0.0023230502,-0.013472622842,-0.0106180377,-0.012941087899999999
S66-9,-0.0015544138,-0.0069328844479999,-0.0047697430999999,-0.0063241568999999
SSI-001LEU-154LEU-1,-0.0006388786,-0.001043343014,-2.3133499999999988e-05,-0.0006620121
SSI-003THR-182GLU-1,-0.0011727722,-0.003194251928,-0.0008887883999999,-0.0020615605999999
SSI-003TYR-056ALA-1,-0.001186251,-0.002422461762,-0.0016192237,-0.0028054747
SSI-004LEU-031TYR-1,-0.0004762662,-0.000711710692,2.7698400000000185e-05,-0.0004485677999999998
SSI-005LEU-010TRP-1,-0.0003465394,-0.000629001814,-0.0003086417999999,-0.0006551811999999
SSI-005LEU-015LYS-1,-0.00021725,-0.000371791546,2.449389999999998e-05,-0.00019275610000000002
SSI-005PHE-163LEU-1,-0.0008803042,-0.001682703358,0.0008218914,-5.841280000000004e-05
SSI-006GLU-010TYR-1,-0.001078989,-0.002615608506,-0.0014076247999999,-0.0024866137999999
SSI-007THR-031LYS-1,-0.0009331718,-0.001402704324,-4.615939999999999e-05,-0.0009793312
SSI-009ARG-128ARG-2,-0.0005038864,0.1002488971679999,0.1015906469,0.1010867605
SSI-009GLN-068ILE-1,-0.0002815234,-0.0003182459139999,0.0003542037999999,7.26803999999e-05
SSI-009VAL-025ILE-1,-0.000621803,-0.001038721516,3.340580000000001e-05,-0.0005883972
SSI-013LEU-065PHE-1,-0.002140104,-0.003917436684,0.0016672427999999,-0.0004728612000000998
SSI-015ILE-034LEU-1,-0.0004372942,-0.000583743006,3.487690000000003e-05,-0.00040241729999999996
SSI-016LEU-062LEU-1,-0.0009969158,-0.001674416534,5.554210000000005e-05,-0.0009413736999999999
SSI-019VAL-075LEU-1,-0.000495833,-0.0006669299699999,3.4196900000000005e-05,-0.0004616361
SSI-022GLN-058GLU-1,-0.001794164,-0.00429719633,-0.0002926680999999,-0.0020868320999999
SSI-023ASP-057ARG-1,-0.007276097,-0.177265205166,-0.1728418677,-0.18011796470000002
SSI-023GLU-028LEU-1,-0.000925723,-0.0012296371919999,0.0002522542999999,-0.0006734687000001
SSI-024LEU-260ILE-1,-0.000598393,-0.000925255772,-2.55306e-05,-0.0006239236000000001
SSI-024LYS-069TYR-2,-0.0012298968,-0.007667224544,-0.0065321783,-0.0077620751
SSI-025SER-075ASP-1,-0.0007700864,0.007664356028,0.0101857432,0.0094156568
SSI-029PHE-103HIE-1,-0.0007367892,-0.000121433844,0.0024796307,0.0017428415
SSI-031PHE-095TYR-1,-0.0010990126,-0.002899432228,-0.0008815061999999,-0.0019805187999998998
SSI-034ASP-037PHE-1,-0.001319858,-0.002196327084,0.0010331165,-0.00028674150000000003
SSI-034TYR-143MET-1,-0.0016152358,-0.004078551666,-0.0033716998999999,-0.0049869356999999
SSI-035ALA-065LEU-1,-0.0004772024,-0.000771790166,-0.0001020397999999,-0.0005792421999999
SSI-036ARG-162GLN-1,-0.0023401598,-0.027143810736,-0.02651053,-0.028850689800000003
SSI-038PHE-046ARG-1,-0.0007845964,-0.001616568128,0.000173389,-0.0006112073999999999
SSI-039THR-046THR-1,-0.005029395,-0.019882959292,-0.0144425839,-0.0194719789
SSI-039THR-077LEU-1,-0.0005650236,-0.000850355632,8.224100000000001e-06,-0.0005567995
SSI-041ILE-107PHE-2,-0.0004698422,-0.001064378798,-0.0001264519,-0.0005962941000000001
SSI-043LEU-055THR-1,-0.0005340824,-0.000827248142,8.425099999999998e-05,-0.0004498314
SSI-043TYR-048GLN-1,-0.0003908158,-0.002047323614,0.0020532506999999,0.0016624348999999
SSI-048LYS-082ILE-1,-0.0006817352,-0.001158880464,0.0001436621,-0.0005380731000000001
SSI-049GLU-080ARG-1,-0.0022716052,-0.137195223886,-0.1370178589,-0.1392894641
SSI-051VAL-104ILE-1,-0.0004690042,-0.000767965478,3.421720000000003e-05,-0.00043478699999999996
SSI-052ILE-056GLN-1,-0.0003597914,-0.001185175194,-0.000383831,-0.0007436224
SSI-058TRP-180SER-1,-0.000526012,-0.001044139824,0.0005524198,2.640780000000005e-05
SSI-059PHE-118THR-1,-0.0020300916,-0.00345656178,-0.0002184224999999,-0.0022485140999999
SSI-062ILE-105TYR-1,-0.0007158654,-0.001117446344,0.0001844716999999,-0.0005313937000001
SSI-065THR-069ILE-1,-0.0005216544,-0.00090517616,-2.2341699999999976e-05,-0.0005439961
SSI-068ARG-072THR-1,-0.00146336,-0.01888519381,-0.0173853119999999,-0.0188486719999999
SSI-068HIE-075LYS-1,-0.0007809634,-0.0113123115699999,-0.0099111585999999,-0.0106921219999999
SSI-070MET-075ILE-1,-0.0016962648,-0.0025749711959999,1.0737699999999889e-05,-0.0016855271
SSI-075LEU-111LEU-2,-0.0009001144,-0.001340075058,2.8755e-05,-0.0008713594
SSI-079ASP-135ILE-1,-0.000549142,-0.0009517098639999,0.0003676746,-0.00018146739999999996
SSI-083LEU-088TYR-2,-0.0005509064,-0.001124458272,0.0004797365,-7.116990000000003e-05
SSI-084TYR-089ASP-1,-0.0009720218,0.0023950514979999,0.0054509087,0.0044788868999999995
SSI-091LYS-140SER-2,-0.0014391266,-0.023066533966,-0.0229384354,-0.024377562
SSI-095TYR-106TYR-1,-0.0028378528,-0.012474219912,-0.0052037769999999,-0.0080416297999999
SSI-113ILE-185VAL-1,-0.001532007,-0.002402860236,-0.0001109591,-0.0016429660999999999
SSI-115ASP-156ASP-1,-0.0061719182,0.131104408246,0.1506207994,0.14444888120000002
SSI-115GLU-123PRO-1,-0.000479945,-0.000862626506,-2.6092099999999967e-05,-0.0005060371
SSI-126LEU-162PHE-1,-0.0006013,-0.00108764565,-0.0003275109,-0.0009288109000000001
SSI-130VAL-185PHE-1,-0.0006416176,-0.001026450642,-0.0002597613999999,-0.0009013789999999
SSI-131ASP-182PHE-1,-0.000973888,-0.00024462067,0.0027352162999999,0.0017613282999998999
SSI-131THR-149LEU-1,-0.000395521,-0.000647965892,-4.414350000000001e-05,-0.00043966450000000005
SSI-136SER-144ARG-1,-0.0030180686,-0.02318956143,-0.0211919582999999,-0.0242100268999999
SSI-153PHE-163LEU-1,-0.0005821016,-0.001056729422,-0.0006352806,-0.0012173822
SSI-158VAL-205TYR-1,-0.0008655794,-0.001427405434,-0.0002078804,-0.0010734598
SSI-165TYR-208ILE-1,-0.0004457132,-0.00079282595,0.0001930976999999,-0.0002526155000001
SSI-175LEU-233ALA-1,-0.0007822066,-0.00118166923,5.9736e-05,-0.0007224706
SSI-189THR-199LYS-1,-0.0014327452,-0.002919352478,0.0004447299999999,-0.0009880152000001
SSI-193HIE-248MET-1,-0.001160029,-0.0018680413639999,-0.0001933335,-0.0013533624999999998
UBQ-ala28-asp32,-0.0028043926,-0.018684875776,-0.0140424073,-0.0168467999
UBQ-ala46-lys48,-0.0002777138,-0.038584568078,-0.0371809374,-0.037458651200000005
UBQ-arg42-val70,-0.0062475588,-0.033892632074,-0.0242379064,-0.0304854652
UBQ-asn25-lys29,-0.0023018474,-0.016339067136,-0.0127067407999999,-0.0150085881999999
UBQ-asp21-leu56,-0.0014630884,-0.014734929244,-0.0118306373,-0.0132937257
UBQ-gln2-glu64-small,-0.003371509,-0.019009336808,-0.0134126973,-0.0167842063
UBQ-gln31-gly35,-0.0043846624,-0.0201709264259999,-0.0139413054999999,-0.0183259678999999
UBQ-gln62-ser65,-0.0117779996,-0.044725104662,-0.0308658766,-0.0426438762
UBQ-glu16-lys29,-0.0039713722,-0.037636045454,-0.031749823,-0.0357211952
UBQ-glu18-asp21-C,-0.0044227654,-0.018095714462,-0.0118004412,-0.016223206599999998
UBQ-glu18-asp21-N,-0.0028456058,-0.021246619926,-0.0162738216,-0.0191194274
UBQ-ile13-leu15,-0.0004042918,-0.000629161176,-2.395379999999998e-05,-0.00042824559999999994
UBQ-ile13-lys33,-0.0019317586,-0.002225968416,0.0003660078999999,-0.0015657507000000999
UBQ-ile3-leu15-big,-0.0024418294,-0.021138731852,-0.0165156279,-0.0189574573
UBQ-ile3-leu15-part1,-0.0013302514,-0.0139107089799999,-0.0113625501,-0.0126928015
UBQ-ile3-leu15-part2,-0.0012872698,-0.013695092194,-0.0112923917,-0.012579661499999999
UBQ-ile3-leu15,-0.0006422464,-0.000673941898,9.423350000000004e-05,-0.0005480128999999999
UBQ-ile3-leu67,-0.000480073,-0.000660874214,-2.313300000000003e-05,-0.0005032060000000001
UBQ-ile3-val17,-0.0007619012,-0.001035374914,-2.2339399999999988e-05,-0.0007842406
UBQ-ile36-leu71,-0.0011571294,-0.001417843714,-0.0001683902,-0.0013255196
UBQ-ile44-gly47,-0.0001625896,-0.000619280732,-0.0002747545,-0.0004373441
UBQ-ile44-his68-big,-0.000952167,-0.000904698074,8.315740000000005e-05,-0.0008690095999999999
UBQ-ile44-his68-small,-0.0009511836,-0.000879040792,8.795140000000001e-05,-0.0008632322
UBQ-ile44-his68,-0.0083641962,-0.04065563663,-0.0307263357,-0.0390905319
UBQ-ile61-leu67,-0.0006264766,-0.00084621222,-0.0001003383,-0.0007268149
UBQ-leu15-ile30,-0.0006203368,-0.00072669072,-2.5717800000000064e-05,-0.0006460546000000001
UBQ-leu43-leu50,-0.0032078968,-0.01936965429,-0.0143454943999999,-0.0175533911999999
UBQ-leu50-tyr59,-0.0012327388,-0.002023419314,0.0031705099,0.0019377711
UBQ-leu56-ile61np,-0.0011775028,-0.001438720136,5.543099999999998e-05,-0.0011220718000000001
UBQ-leu56-ile61p,-0.0003249756,-0.008163796536,-0.00734311,-0.0076680856
UBQ-leu56-tyr59,-0.0008542952,-0.007528579604,-0.0057505805,-0.0066048756999999994
UBQ-leu71-leu73,-0.0004088958,-0.000501830938,-4.40932e-05,-0.000452989
UBQ-lys11-glu34,-0.00133499,-0.1524899918359999,-0.1490878017,-0.1504227917
UBQ-lys27-asp52,-0.003329987,-0.167933922618,-0.1636367644,-0.1669667514
UBQ-met1-val17-mono,-0.0029259758,-0.018700493252,-0.0145174239,-0.0174433997
UBQ-phe4-thr12,-0.0007448734,-0.000939917076,0.0002145643,-0.0005303091
UBQ-phe4-thr14,-0.0012976132,-0.00174979476,0.0004966028,-0.0008010104
UBQ-phe45-ile61,-0.0011510298,-0.002182303228,-0.0030686246,-0.0042196544
UBQ-pro19-ser57,-0.003719719,-0.017601214176,-0.0126780709,-0.0163977899
UBQ-pro37-gln40,-0.0018388782,-0.013779394692,-0.0106972053,-0.0125360835
UBQ-ser57-asn60,-0.0030886976,-0.01720711195,-0.0125919339,-0.0156806315
UBQ-thr14-lys33,-0.0002093582,-0.021616180404,-0.0203844397,-0.0205937979
UBQ-thr22-asn25,-0.000986618,-0.009344668956,-0.0077291362,-0.0087157542
UBQ-thr22-thr55-big,-0.0075989616,-0.045113310494,-0.0336974684,-0.04129643
UBQ-thr22-thr55-small,-0.001163883,2.1035784e-05,0.0011264984999999,-3.738450000010003e-05
UBQ-thr22-val26,-0.001157034,-0.012380993142,-0.0104921435999999,-0.011649177599999899
UBQ-thr55-asp58-backbone,-0.0007321796,-0.008167780586,-0.0068908007,-0.007622980299999999
UBQ-thr55-asp58-sidechain-small,-0.0021089958,-0.0306692169,-0.0274630582,-0.029572054
UBQ-thr55-asp58-sidechain,-0.002939968,-0.023714977944,-0.0187958305,-0.0217357985
UBQ-thr7-ile13,-6.45912e-05,-9.0517616e-05,-5.112239999999997e-05,-0.00011571359999999997
UBQ-thr7-lys11,-0.0023081192,-0.016384644668,-0.0123939263,-0.0147020455
UBQ-thr7-thr9-v2,-0.000264036,-0.001280792394,-0.0007109308,-0.0009749667999999999
UBQ-tyr59-ile61,-0.000601148,-0.000783104868,5.637120000000017e-05,-0.0005447767999999999
UBQ-val17-leu56,-0.0008287986,-0.00115298407,-0.0001010983,-0.0009298969
UBQ-val26-leu56,-0.001109571,-0.001408600718,-0.0001172983,-0.0012268693
UBQ-val5-leu15,-0.001033923,-0.001329716528,-5.834889999999999e-05,-0.0010922719
UBQ-val5-leu69,-0.0006778734,-0.000963980738,8.589399999999993e-05,-0.0005919794
