File,Total Coulomb,SAPT Coulomb,Undamped Coulomb
A24-1,-0.0178175663,-0.017522170624,-0.0157159598999999
A24-10,-0.0059155391,-0.00550117624,-0.0052268988
A24-13,-0.0026272944,-0.00267011031,-0.0022241487
A24-14,-0.0006011875,-0.001363023186,-0.0002453351
A24-15,-0.0006082476,-0.0006702765719999,-0.0004330499
A24-16,-0.0015243959,-0.002408597268,-0.0008278366
A24-17,-0.0002606269,-0.00057529682,-7.504990000000003e-05
A24-18,-0.0002144999,-0.00037529751,-9.144240000000004e-05
A24-19,-0.0001787126,-0.000326054652,-7.07747e-05
A24-2,-0.0122342002,-0.012535733644,-0.0110782901
A24-23,0.0011822881,-0.000888124426,0.0020646712
A24-5,-0.0066211748,-0.00755216518,-0.0059652015
A24-7,-0.0013221437,-0.001512026656,-0.0010172153999999
A24-8,-0.0008478739,-0.001109796968,-0.0006909986
A24-9,-0.0095747842,-0.010416378406,-0.0084496964999999
ACHC-AC-3.2_____,-0.0031204331,-0.008893515134,-0.001082499
ACHC-AC-3.4_0.4____,-0.0007958822,-0.003739269968,0.0003114106999999
ACHC-AC-3.4_0.8____,0.0004729503,-0.00303983015,0.0016085327999999
ACHC-AC-3.4_1.2____,0.0015361902,-0.002167482562,0.0025947120999999
ACHC-AC-3.4_2.0____,0.0023155876,-0.000409879064,0.0030115379
ACHC-AC-3.4_n0.4____,-0.0019767978,-0.00447886901,-0.0009504350999999
ACHC-AC-3.4_n1.2____,-0.0010995614,-0.00491791132,-6.43345000000072e-05
ACHC-AC-3.4_n1.6____,-0.0010179165,-0.005208906332,-7.001280000000845e-05
ACHC-AC-3.4__0.4___,-0.0030703955,-0.0054548018979999,-0.0020085561999999
ACHC-AC-3.4__0.8___,-0.0043959912,-0.0064924078799999,-0.0033757057
ACHC-AC-3.4__1.2___,-0.0050841396,-0.00703105144,-0.0041092634
ACHC-AC-3.4__2.0___,-0.0037828506,-0.00650117279,-0.0028723576999999
ACHC-AC-3.4__n0.4___,-0.0007321654,-0.003013376058,0.0002199851
ACHC-AC-3.4__n0.8___,0.0001376893,-0.001985172434,0.0009685486
ACHC-AC-3.4__n1.2___,0.0011563456,-0.001047645788,0.0018909256
ACHC-AC-3.4___120__,-0.0027842305,-0.007353281404,-0.0015769892999999
ACHC-AC-3.4___150__,-0.003444484,-0.008031366714,-0.0024069608
ACHC-AC-3.4___180__,-0.0007059325,-0.005697032138,0.000307869
ACHC-AC-3.4___30__,-0.0003690137,-0.002974810454,0.0006398699
ACHC-AC-3.4___60__,0.0012810224,-0.002563656494,0.0024165809
ACHC-AC-3.4___90__,-0.0018356413,-0.006345954202,-0.000731185
ACHC-AC-3.6____4_,-0.0007739442,-0.001437126516,-0.0002604102
ACHC-AC-3.6____n12_,-0.0025258282,-0.004914245994,-0.0015424122999999
ACHC-AC-3.6____n20_,-0.0049527307,-0.0103664981,-0.0030714544
ACHC-AC-3.6_____,-0.0009471499,-0.001754734982,-0.0004096819
ACHC-AC-3.6_____12,0.0036360814,-0.002025012934,0.0036360815
ACHC-AC-3.6_____4,-0.0007493905,-0.001666607796,-0.0002128339999999
ACHC-AC-3.6_____n12,-0.0016930305,-0.0034278766199999,-0.0008493748
ACHC-AC-3.6_____n16,-0.0021364018,-0.004672015754,-0.0010368284999999
ACHC-AC-3.6_____n20,-0.0027808451,-0.006454479724,-0.0012894486999999
ACHC-AC-3.6_____n4,-0.0011463923,-0.002047164252,-0.0005636119
ACHC-AC-3.6_____n8,-0.0013809217,-0.00258405483,-0.0007009466999999
ACHC-AC-3.8_____,-0.0004717735,-0.00049800625,-0.0001931919
ACHC-AC-4.0_____,-0.0001796725,0.0001317923739999,-3.365839999999982e-05
BBI-007VAL-041VAL-1,-0.0145422059,-0.0177304567579999,-0.0123968832
BBI-008TRP-251HIE-2,-0.0116500975,-0.01224378246,-0.0108715395
BBI-012LEU-085ASP-1,-0.0170387645,-0.019010771066,-0.0149519785999999
BBI-015LEU-026LEU-1,-0.015685049,-0.018079937624,-0.0136943272
BBI-017ASN-021LYS-2,-0.0088283331,-0.008722200984,-0.0084136911
BBI-030TRP-178GLY-2,-0.013442165,-0.013641865286,-0.0124459842
BBI-033ASN-036TRP-2,0.0052841016,0.0034858843879999,0.0054312379
BBI-033VAL-115VAL-1,-0.014288193,-0.015515643682,-0.0128607793
BBI-038ALA-041GLY-1,-0.0003407156,-0.0028701096199999,0.0006279045
BBI-040THR-049GLN-2,-0.0149521704,-0.015936837448,-0.0135264587
BBI-041GLY-045LEU-2,-0.0128088807,-0.013793896634,-0.0116901004999999
BBI-044SER-047GLU-1,-0.0033032562,-0.006089062658,-0.0020820029
BBI-044TRP-054LEU-1,-0.0156226118,-0.017261135668,-0.0138308598999999
BBI-061VAL-064TYR-2,-0.0104763005,-0.011717250412,-0.0090758765
BBI-072THR-075PRO-1,-0.0004391507,-0.003866600206,0.0004850551999999
BBI-081LEU-084LYS-1,-0.0004508792,-0.003750265946,0.0006261877
BBI-084LEU-088MET-2,-0.0130513386,-0.01456807723,-0.0117435485
BBI-087LEU-090TYR-1,-0.0121409733,-0.014606961558,-0.0102555374
BBI-108LYS-112TYR-1,-0.0107131324,-0.01092665553,-0.0100901690999999
BBI-108TYR-129TRP-1,-0.0144846124,-0.016111338838,-0.012939061
BBI-112SER-115ALA-2,-0.0013770654,-0.004278550976,-0.0003043288
BBI-121VAL-155THR-2,-0.0154158509,-0.01836328326,-0.0131473299
BBI-171ALA-175GLU-1,-0.0006123132,-0.001078402654,-0.0004357389
BBI-197TYR-201LEU-2,-0.0111574184,-0.01189557649,-0.0101627911999999
BBI-228ARG-232GLU-1,-0.0139602357,-0.015699866154,-0.0124927878999999
HBC1-FaNNFaNN-10.0,-0.0001669191,-0.000163824136,-0.0001669192
HBC1-FaNNFaNN-3.7,-0.0847311632,-0.087930055206,-0.0617867989999999
HBC1-FaNNFaNN-3.9,-0.0654825174,-0.06889697346,-0.0503593305999999
HBC1-FaONFaNN-10.0,-0.0003921765,-0.000361911102,-0.0003921765
HBC1-FaONFaNN-3.7,-0.0732062711,-0.077761165986,-0.0556885481
HBC1-FaONFaNN-3.8,-0.0648091193,-0.0688826308799999,-0.0506700629999999
HBC1-FaONFaNN-4.0,-0.0490635088,-0.051965876494,-0.040574103
HBC1-FaONFaNN-4.1,-0.0422222819,-0.0444859023,-0.0358801880999999
HBC1-FaONFaNN-4.2,-0.0362341502,-0.03788512826,-0.0315880847
HBC1-FaONFaNN-4.3,-0.0311033053,-0.032206104028,-0.0277502874999999
HBC1-FaONFaNN-4.6,-0.0200582112,-0.020071006452,-0.0188645566999999
HBC1-FaONFaNN-4.8,-0.0153269649,-0.014998513992,-0.0147409535999999
HBC1-FaONFaNN-5.0,-0.011937979,-0.011466573986,-0.0116513876999999
HBC1-FaONFaNN-5.4,-0.0076268507,-0.007148501234,-0.0075572433
HBC1-FaONFaNN-5.8,-0.005158995,-0.004777832122,-0.0051415051
HBC1-FaONFaNN-6.4,-0.0031021338,-0.002849711284,-0.0030999248
HBC1-FaONFaNN-7.0,-0.001994653,-0.00182708533,-0.0019943961
HBC1-FaONFaNN-8.0,-0.0010618771,-0.000973383096,-0.001061871
HBC1-FaONFaON-10.0,-0.0005929847,-0.00053226908,-0.0005929848
HBC1-FaONFaON-3.4,-0.0716000312,-0.083034295204,-0.0526529394
HBC1-FaONFaON-3.5,-0.0711014766,-0.080141874904,-0.0536571389999999
HBC1-FaONFaON-3.6,-0.0668549796,-0.074047393938,-0.0518485889999999
HBC1-FaONFaON-3.7,-0.0607719031,-0.066569810174,-0.0484594495999999
HBC1-FaONFaON-3.8,-0.0540281885,-0.058629120438,-0.0443170044999999
HBC1-FaONFaON-3.9,-0.047324858,-0.050811458166,-0.039932192
HBC1-FaONFaON-4.0,-0.0410587548,-0.043527817956,-0.0356075716
HBC1-FaONFaON-4.1,-0.0354533243,-0.037029194958,-0.0315405998999999
HBC1-FaONFaON-4.2,-0.0306019892,-0.03143176407,-0.0278526601
HBC1-FaONFaON-4.3,-0.0264847221,-0.026731541242,-0.0245816092
HBC1-FaONFaON-4.4,-0.0230309042,-0.02284772994,-0.0217257123
HBC1-FaONFaON-4.6,-0.0177248541,-0.01704774995,-0.0171174658
HBC1-FaONFaON-4.8,-0.013959906,-0.013104496622,-0.013676568
HBC1-FaONFaON-5.0,-0.0112153613,-0.010351199348,-0.0110815829
HBC1-FaONFaON-5.4,-0.0076104581,-0.006898621618,-0.0075791326
HBC1-FaONFaON-5.8,-0.0054357183,-0.004889863608,-0.0054280831
HBC1-FaONFaON-6.4,-0.0035077503,-0.003139272038,-0.0035068527
HBC1-FaONFaON-7.0,-0.0023984826,-0.002143259538,-0.0023983856999999
HBC1-FaONFaON-8.0,-0.001394998,-0.001247167012,-0.0013949957
HBC1-FaOOFaNN-3.6,-0.1085116857,-0.10162116335,-0.0845997256
HBC1-FaOOFaNN-3.8,-0.0733007789,-0.072952417636,-0.0601768904999999
HBC1-FaOOFaNN-4.0,-0.0517417078,-0.0522622898139999,-0.0447230186
HBC1-FaOOFaNN-4.2,-0.0367252165,-0.036932780948,-0.0332021263
HBC1-FaOOFaNN-4.4,-0.0264745973,-0.026182857876,-0.0247839527
HBC1-FaOOFaNN-4.6,-0.0195543217,-0.0189344366679999,-0.0187539766
HBC1-FaOOFaNN-5.0,-0.0115073384,-0.01074657647,-0.0113216539999999
HBC1-FaOOFaNN-5.8,-0.0049428391,-0.004476159856,-0.0049308586
HBC1-FaOOFaNN-6.4,-0.002942868,-0.002643178132,-0.002941327
HBC1-FaOOFaNN-7.0,-0.0018686774,-0.001671388656,-0.0018684985
HBC1-FaOOFaON-10.0,-0.0004101674,-0.000354421088,-0.0004101674999999
HBC1-FaOOFaON-3.4,-0.0894902116,-0.094704693188,-0.0689020207
HBC1-FaOOFaON-3.5,-0.0811325965,-0.085465521876,-0.0640024817
HBC1-FaOOFaON-3.6,-0.0716175567,-0.075343006998,-0.0579509887
HBC1-FaOOFaON-3.7,-0.0621412959,-0.065260651344,-0.0516114327999999
HBC1-FaOOFaON-3.8,-0.0533187115,-0.055747855478,-0.0454540763
HBC1-FaOOFaON-3.9,-0.0454377089,-0.0471246182959999,-0.0397255022
HBC1-FaOOFaON-4.0,-0.0386043184,-0.039575002908,-0.034551649
HBC1-FaOOFaON-4.1,-0.032824931,-0.033166897526,-0.029998744
HBC1-FaOOFaON-4.2,-0.0280213566,-0.027860621012,-0.0260708874
HBC1-FaOOFaON-4.3,-0.0240636435,-0.0235331459019999,-0.0227240112
HBC1-FaOOFaON-4.4,-0.0208068941,-0.020024472748,-0.0198879748
HBC1-FaOOFaON-4.6,-0.0158749427,-0.014848713712,-0.0154415044
HBC1-FaOOFaON-4.8,-0.0124032833,-0.01134737121,-0.0121973208
HBC1-FaOOFaON-5.0,-0.0098867505,-0.008903873664,-0.0097878224
HBC1-FaOOFaON-5.4,-0.0065929049,-0.005834880268,-0.0065691422
HBC1-FaOOFaON-5.8,-0.0046127446,-0.004047635438,-0.0046068747
HBC1-FaOOFaON-6.4,-0.0028771214,-0.002505808088,-0.0028764319
HBC1-FaOOFaON-7.0,-0.0019012078,-0.0016493966999999,-0.0019011348999999
HBC1-FaOOFaON-8.0,-0.0010494983,-0.000907885314,-0.0010494965999999
HBC1-FaOOFaOO-10.0,-0.0002534953,-0.000207489324,-0.0002534951999999
HBC1-FaOOFaOO-3.4,-0.1011390099,-0.102227057674,-0.0795728526
HBC1-FaOOFaOO-3.5,-0.0852195687,-0.08720527683,-0.0687800938999999
HBC1-FaOOFaOO-3.6,-0.0715911798,-0.073785243448,-0.0593069704
HBC1-FaOOFaOO-3.7,-0.0599860506,-0.061903531452,-0.0510042805
HBC1-FaOOFaOO-3.8,-0.0501520717,-0.051538308248,-0.0437291977
HBC1-FaOOFaOO-3.9,-0.041917684,-0.042678418496,-0.0374182621
HBC1-FaOOFaOO-4.0,-0.0351178654,-0.035276053596,-0.0320176012
HBC1-FaOOFaOO-4.1,-0.0295650733,-0.029215357374,-0.0274523357
HBC1-FaOOFaOO-4.2,-0.0250553244,-0.024323900146,-0.0236235002
HBC1-FaOOFaOO-4.3,-0.0213896427,-0.020400248344,-0.0204201805
HBC1-FaOOFaOO-4.4,-0.0183958977,-0.017254442464,-0.0177379256
HBC1-FaOOFaOO-4.6,-0.0138873517,-0.012654458334,-0.0135799107
HBC1-FaOOFaOO-4.8,-0.0107297329,-0.00956650086,-0.0105827971
HBC1-FaOOFaOO-5.0,-0.0084495683,-0.007418938548,-0.0083777944999999
HBC1-FaOOFaOO-5.4,-0.0054777869,-0.0047260394719999,-0.0054598642999999
HBC1-FaOOFaOO-5.8,-0.0037114088,-0.003168754008,-0.0037068837
HBC1-FaOOFaOO-6.4,-0.0022024454,-0.0018583202819999,-0.0022019111
HBC1-FaOOFaOO-7.0,-0.0013881531,-0.001161430256,-0.0013880971
HBC1-FaOOFaOO-8.0,-0.0007156986,-0.00059282664,-0.0007156971
HSG-11,-0.0078616053,-0.007799654366,-0.0075452641999999
HSG-12,-0.0014833952,-0.002762699632,-0.0002862352
HSG-13,-0.0009473038,-0.002080311548,-0.0004093707999999
HSG-17,-0.0002452566,-0.001673141638,0.0004479927999999
HSG-3,0.0036363698,0.000993303346,0.0040289115
HSG-4,-0.0307303403,-0.037245449192,-0.0270369962999999
HSG-6,-0.0042678851,-0.005040460698,-0.0037733494
HSG-7,-0.0016582083,-0.002445569252,-0.001379867
HSG-8,0.0028869593,-9.2111236e-05,0.0033511653
JSCH-10,-0.0333503673,-0.037135808136,-0.0287718663
JSCH-100,0.0062579959,0.003374171626,0.0069361887
JSCH-101,0.0002928596,-0.005906593168,0.0018263946
JSCH-102,0.0036444861,-0.001109318882,0.0046451415999999
JSCH-103,-0.0101707998,-0.0145666429719999,-0.0086529201999999
JSCH-104,-0.003149468,-0.008468656042,-0.0023277035999999
JSCH-106,0.000807221,-0.00292907356,0.0015906406
JSCH-108,-0.0016496987,-0.004369068592,-0.000914514
JSCH-109,-6.545e-06,-0.004501657776,0.0007497389
JSCH-110,0.0007782156,-0.004155682874,0.0017695989999999
JSCH-111,-0.0040175814,-0.002688915026,-0.0026363360999999
JSCH-112,-0.0003859178,-0.0040513007639999,0.0007664936999999
JSCH-113,-0.0066617174,-0.005228189134,-0.0055897024
JSCH-114,-0.0052346866,-0.009246342602,-0.0027682084
JSCH-121,-0.0089955231,-0.010613987286,-0.0074348258999999
JSCH-124,-0.0104348601,-0.0137115064799999,-0.0093513513
JSCH-14,-0.053150917,-0.0563615585399999,-0.0456417513
JSCH-15,-0.0065323619,-0.0130629031399999,-0.0048042974999999
JSCH-18,-0.0420112735,-0.045527970418,-0.0354323736
JSCH-19,-0.0415453846,-0.045680479852,-0.0370275883999999
JSCH-23,-0.0424847604,-0.045599205232,-0.036302824
JSCH-25,-0.028443205,-0.033418848848,-0.0235070052
JSCH-26,-0.0431412816,-0.04778150846,-0.0366360093
JSCH-30,-0.0259362087,-0.030734714682,-0.0215083661
JSCH-39,-0.0029636482,-0.003430107688,-0.0028742981999999
JSCH-40,-0.0062249251,-0.006773363086,-0.0062016992
JSCH-41,-0.0025971591,-0.003425167466,-0.0022055469
JSCH-43,0.007073001,0.007367783346,0.007074854
JSCH-44,0.0100854193,0.010049845806,0.0101998658999999
JSCH-45,0.0039161788,-0.00182549171,0.0046721364999999
JSCH-46,0.0038196675,0.0039872372399999,0.0038401396
JSCH-52,-0.0009286524,-0.000967486702,-0.0009202837999999
JSCH-55,0.0034624176,0.003206841526,0.0034731319
NBC1-BzBz_PD32-0.2,0.0067436675,-0.010979404352,0.0107836280999999
NBC1-BzMe-3.3,-0.0018269968,-0.004981178034,-0.0001516253
NBC1-BzMe-3.7,-0.0007359476,-0.001678241222,-0.0002484808999999
NBC1-MeMe-3.2,-0.000772263,-0.001669157588,-0.0002059377999999
NBC1-MeMe-3.3,-0.0005564564,-0.001167167288,-0.0001642947
NBC1-MeMe-3.4,-0.0004026732,-0.000812586838,-0.0001313992999999
NBC1-MeMe-3.5,-0.0002928724,-0.000562866584,-0.0001053585
NBC1-MeMe-3.6,-0.0002142644,-0.000387409022,-8.469570000000004e-05
NBC1-MeMe-3.7,-0.0001577931,-0.000264700282,-6.825990000000005e-05
NBC1-MeMe-3.8,-0.0001170511,-0.0001789635259999,-5.515239999999998e-05
NBC1-MeMe-3.9,-8.75069e-05,-0.0001193621379999,-4.467220000000002e-05
NBC1-MeMe-4.0,-6.59558e-05,-7.808738e-05,-3.62705e-05
NBC1-MeMe-4.1,-5.01301e-05,-4.9720944e-05,-2.9517299999999982e-05
NBC1-MeMe-4.2,-3.84232e-05,-3.027878e-05,-2.4074699999999985e-05
NBC1-MeMe-4.3,-2.96947e-05,-1.7211096e-05,-1.9677299999999995e-05
NBC1-MeMe-4.4,-2.31329e-05,-8.446186e-06,-1.6115500000000012e-05
NBC1-MeMe-4.6,-1.43535e-05,1.115534e-06,-1.08688e-05
NBC1-MeMe-4.8,-9.1391e-06,4.78086e-06,-7.377299999999998e-06
NBC1-MeMe-5.0,-5.9415e-06,5.896394e-06,-5.033399999999998e-06
NBC1-MeMe-5.4,-2.6214e-06,5.099584000000001e-06,-2.365699999999997e-06
NBC1-MeMe-5.8,-1.189e-06,3.665326e-06,-1.1122000000000012e-06
S22-1,-0.0068002035,-0.007791845628,-0.0060988366
S22-10,-0.0006409473,-0.001534177974,-0.0002023254999999
S22-11,0.0022903285,-0.00404859161,0.0036327647999999
S22-12,-0.00217746,-0.006798064196,-0.0008675010999999
S22-16,-0.0034013771,-0.002824054002,-0.0030124924
S22-17,-0.0051251112,-0.0043263595759999,-0.0046910783
S22-18,-0.0028452222,-0.002775129868,-0.0024277556
S22-19,-0.00527424,-0.006119819524,-0.0045763662999999
S22-2,-0.0125560981,-0.012910234344,-0.0113321974999999
S22-20,-0.0022487677,-0.00318803681,-0.0014857727
S22-21,-0.0088448649,-0.00676810414,-0.0078319615
S22-22,-0.0115757301,-0.013653817436,-0.0101464463
S22-3,-0.0498811557,-0.051345798952,-0.0434768918
S22-4,-0.038268956,-0.0404124502179999,-0.033503556
S22-5,-0.0466870647,-0.047472664904,-0.0412098096
S22-6,-0.0408071689,-0.042882879942,-0.0347306821999999
S22-8,-0.0001572443,-0.0002403178959999,-7.687459999999998e-05
S22-9,-0.0013298957,-0.001799834428,-0.0009634983
S22by7-1-0.7,-0.0307299103,-0.043746143896,-0.0192893042
S22by7-1-0.8,-0.0172019914,-0.02357203023,-0.0126697642
S22by7-1-0.9,-0.0104311159,-0.0134818658379999,-0.0086503405
S22by7-1-1.0,-0.0068002035,-0.008285549104,-0.0060988366
S22by7-1-1.2,-0.003388153,-0.003820066502,-0.0032740024999999
S22by7-1-1.5,-0.0014957643,-0.0016463688219999,-0.0014867686
S22by7-1-2.0,-0.0005162404,-0.0005737032,-0.0005160747
S22by7-10-0.8,-0.0022186465,-0.006556630766,1.1955999999999914e-05
S22by7-13-0.8,-0.0281560587,-0.073889625558,-0.0149436076999999
S22by7-15-1.5,-0.0022189738,-0.002480150806,-0.0022067133
S22by7-17-0.7,-0.0127919283,-0.017089821518,-0.0082486089
S22by7-17-0.8,-0.0090559658,-0.010459246784,-0.0069328995999999
S22by7-18-1.2,-0.0016570411,-0.001696886576,-0.0015796832
S22by7-18-2.0,-0.000348943,-0.000355536622,-0.0003488396999999
S22by7-2-0.7,-0.0439435754,-0.0475765689279999,-0.0312374192
S22by7-2-0.8,-0.027177276,-0.030419177922,-0.0213708258999999
S22by7-2-0.9,-0.0179512945,-0.020187340712,-0.0152933138
S22by7-2-1.0,-0.0125560981,-0.014075170564,-0.0113321974999999
S22by7-2-1.2,-0.0070028242,-0.007763957278,-0.0067340644
S22by7-2-1.5,-0.003581441,-0.003928751386,-0.0035504532
S22by7-2-2.0,-0.0015514206,-0.0017327430259999,-0.0015504809
S22by7-22-0.7,-0.0382407693,-0.049543892818,-0.0266792321
S22by7-22-0.8,-0.0242045268,-0.031782201108,-0.0185527829
S22by7-22-0.9,-0.0162951832,-0.021016819922,-0.0134842514999999
S22by7-22-1.0,-0.0115757155,-0.01449556752,-0.0101464315999999
S22by7-22-1.2,-0.006594609,-0.007741965322,-0.006196552
S22by7-22-1.5,-0.0034162365,-0.003744688276,-0.0033480221
S22by7-22-2.0,-0.0014695465,-0.001572424854,-0.0014652154999999
S22by7-3-0.7,-0.1557175074,-0.14596842071,-0.1076513682
S22by7-3-0.8,-0.1016349493,-0.104182429414,-0.0771503567999999
S22by7-3-0.9,-0.0696894508,-0.073926278818,-0.0571951765
S22by7-3-1.2,-0.0282565309,-0.02997758582,-0.0265307165
S22by7-3-1.5,-0.0141897831,-0.014708953238,-0.0139226646
S22by7-3-2.0,-0.0056934305,-0.0057472311679999,-0.0056784447
S22by7-4-0.7,-0.1224758696,-0.128907284352,-0.0806087839
S22by7-4-0.8,-0.0783037424,-0.086100738808,-0.0580694179
S22by7-4-0.9,-0.0532744331,-0.058913422246,-0.0434740604999999
S22by7-4-1.0,-0.038268956,-0.0418962698,-0.033503556
S22by7-4-1.2,-0.0223564157,-0.023812188764,-0.0211997021999999
S22by7-4-1.5,-0.0120617678,-0.012429598552,-0.0119080171
S22by7-4-2.0,-0.0055174609,-0.005625000514,-0.0055110903
S22by7-5-0.7,-0.1397273799,-0.142082537702,-0.0937009162
S22by7-6-0.9,-0.0581357602,-0.06243643798,-0.0461064044999999
S22by7-6-1.0,-0.0408071384,-0.0438766613739999,-0.0347306621
S22by7-6-1.2,-0.0225190366,-0.023752587376,-0.020942717
S22by7-8-0.7,-0.0056692807,-0.011852708112,-0.0008874128
S22by7-8-0.8,-0.0016260434,-0.00322150283,-0.0003768735
S22by7-8-0.9,-0.0004848751,-0.000867407366,-0.0001662106999999
S22by7-8-1.0,-0.0001572443,-0.000222947438,-7.687459999999998e-05
S22by7-8-1.2,-2.44625e-05,-5.57767e-06,-1.9078799999999987e-05
S22by7-8-1.5,-3.4797e-06,2.231068e-06,-3.337999999999999e-06
S22by7-8-2.0,-3.992e-07,3.1872400000000004e-07,-3.987e-07
S22by7-9-0.7,-0.0201356896,-0.034938365518,-0.0065534155
S22by7-9-0.8,-0.0076920386,-0.012783541554,-0.003410219
S22by7-9-0.9,-0.0030775821,-0.004716637114,-0.0017998011
S22by7-9-1.2,-0.0003222837,-0.000338325526,-0.0002929329999999
S22by7-9-1.5,-5.90676e-05,-5.035839200000001e-05,-5.81764e-05
S22by7-9-2.0,-5.4252e-06,-5.57767e-06,-5.417999999999998e-06
S66-1,-0.0120915862,-0.013655092332,-0.0109590604
S66-10,-0.0078159217,-0.009514548848,-0.006549406
S66-11,-0.0091958643,-0.011687449718,-0.0079467441
S66-12,-0.0192831757,-0.020613793424,-0.0168291484
S66-13,-0.0110113396,-0.013551188308,-0.0099134056999999
S66-14,-0.0158295275,-0.01782703013,-0.013526449
S66-15,-0.0160338149,-0.018713242212,-0.014112646
S66-16,-0.009950451,-0.011746732382,-0.0091098268
S66-17,-0.0400820389,-0.043801920596,-0.0350784871
S66-18,-0.0174364302,-0.018445195328,-0.0152659886
S66-19,-0.0182661147,-0.019309415454,-0.0158275068
S66-2,-0.0133086256,-0.015167118988,-0.0119202022
S66-20,-0.0500829607,-0.0535822852599999,-0.0438061204
S66-23,-0.0448366902,-0.0486532186,-0.0394381819
S66-24,0.00241987,-0.002668197966,0.0033465821
S66-29,-0.0055818822,-0.010548330142,-0.0043966309999999
S66-3,-0.0192552016,-0.02026925278,-0.0168733427
S66-30,0.0018412494,-0.001421349678,0.0025139131
S66-31,-0.0029162133,-0.006036473198,-0.0022094064
S66-32,-0.0043533655,-0.00745176712,-0.0036709446999999
S66-33,0.0005060627,-0.002727799354,0.0012161422
S66-34,-0.0006772426,-0.002627720018,0.0003025216
S66-35,-0.0006695801,-0.001855133042,1.657320000000017e-05
S66-36,-0.000617645,-0.00105019558,-0.0001622503
S66-37,-0.0006298309,-0.001822782556,5.489420000000034e-05
S66-38,-5.69068e-05,-0.002109793518,0.0007315475
S66-4,-0.0189532643,-0.02131705793,-0.0169706815999999
S66-40,-0.0010412055,-0.002890348594,-0.0003030049999999
S66-41,-0.0015675938,-0.003932416712,-0.0006169078
S66-42,0.0003870551,-0.0031713038,0.0011888909
S66-44,-0.0004848366,-0.0016231019699999,5.772099999999994e-05
S66-45,-0.0007987572,-0.001978160506,-0.0002915703
S66-47,-0.0021571618,-0.003226602414,-0.0014854733
S66-48,-0.0052382196,-0.004833130736,-0.0044959271
S66-5,-0.0131101701,-0.015214768226,-0.0116624478
S66-51,-0.0032730482,-0.003364450544,-0.0029066867999999
S66-59,-0.0063258105,-0.007142445478,-0.0058172613
S66-6,-0.0196720649,-0.021051560838,-0.0169611844
S66-60,-0.0112380651,-0.012409678302,-0.0101194021
S66-66,-0.005309473,-0.007366189726,-0.0043514685999999
S66-7,-0.018558379,-0.021074668328,-0.0164916058
S66-8,-0.0117795627,-0.013472622842,-0.0106180377
S66-9,-0.0055469499,-0.0069328844479999,-0.0047697430999999
SSI-001LEU-154LEU-1,-0.0003425728,-0.001043343014,-2.3133499999999988e-05
SSI-003THR-182GLU-1,-0.0014751747,-0.003194251928,-0.0008887883999999
SSI-003TYR-056ALA-1,-0.0022123493,-0.002422461762,-0.0016192237
SSI-004LEU-031TYR-1,-0.0002104347,-0.000711710692,2.7698400000000185e-05
SSI-005LEU-010TRP-1,-0.0004819116,-0.000629001814,-0.0003086417999999
SSI-005LEU-015LYS-1,-8.41311e-05,-0.000371791546,2.449389999999998e-05
SSI-005PHE-163LEU-1,0.0003817393,-0.001682703358,0.0008218914
SSI-006GLU-010TYR-1,-0.0019471193,-0.002615608506,-0.0014076247999999
SSI-007THR-031LYS-1,-0.0005127453,-0.001402704324,-4.615939999999999e-05
SSI-009ARG-128ARG-2,0.1013387038,0.1002488971679999,0.1015906469
SSI-009GLN-068ILE-1,0.0002134423,-0.0003182459139999,0.0003542037999999
SSI-009VAL-025ILE-1,-0.0002774958,-0.001038721516,3.340580000000001e-05
SSI-013LEU-065PHE-1,0.0005971907,-0.003917436684,0.0016672427999999
SSI-015ILE-034LEU-1,-0.0001837703,-0.000583743006,3.487690000000003e-05
SSI-016LEU-062LEU-1,-0.0004429158,-0.001674416534,5.554210000000005e-05
SSI-019VAL-075LEU-1,-0.0002137197,-0.0006669299699999,3.4196900000000005e-05
SSI-022GLN-058GLU-1,-0.0011897502,-0.00429719633,-0.0002926680999999
SSI-023ASP-057ARG-1,-0.1764799162,-0.177265205166,-0.1728418677
SSI-023GLU-028LEU-1,-0.0002106072,-0.0012296371919999,0.0002522542999999
SSI-024LEU-260ILE-1,-0.0003247271,-0.000925255772,-2.55306e-05
SSI-024LYS-069TYR-2,-0.0071471268,-0.007667224544,-0.0065321783
SSI-025SER-075ASP-1,0.0098007001,0.007664356028,0.0101857432
SSI-029PHE-103HIE-1,0.0021112361,-0.000121433844,0.0024796307
SSI-031PHE-095TYR-1,-0.0014310125,-0.002899432228,-0.0008815061999999
SSI-034ASP-037PHE-1,0.0003731874,-0.002196327084,0.0010331165
SSI-034TYR-143MET-1,-0.0041793178,-0.004078551666,-0.0033716998999999
SSI-035ALA-065LEU-1,-0.000340641,-0.000771790166,-0.0001020397999999
SSI-036ARG-162GLN-1,-0.0276806099,-0.027143810736,-0.02651053
SSI-038PHE-046ARG-1,-0.0002189092,-0.001616568128,0.000173389
SSI-039THR-046THR-1,-0.0169572812,-0.019882959292,-0.0144425839
SSI-039THR-077LEU-1,-0.0002742878,-0.000850355632,8.224100000000001e-06
SSI-041ILE-107PHE-2,-0.000361373,-0.001064378798,-0.0001264519
SSI-043LEU-055THR-1,-0.0001827901,-0.000827248142,8.425099999999998e-05
SSI-043TYR-048GLN-1,0.0018578427,-0.002047323614,0.0020532506999999
SSI-048LYS-082ILE-1,-0.0001972053,-0.001158880464,0.0001436621
SSI-049GLU-080ARG-1,-0.1381536614,-0.137195223886,-0.1370178589
SSI-051VAL-104ILE-1,-0.0002002849,-0.000767965478,3.421720000000003e-05
SSI-052ILE-056GLN-1,-0.0005637267,-0.001185175194,-0.000383831
SSI-058TRP-180SER-1,0.0002894137,-0.001044139824,0.0005524198
SSI-059PHE-118THR-1,-0.0012334683,-0.00345656178,-0.0002184224999999
SSI-062ILE-105TYR-1,-0.0001734609,-0.001117446344,0.0001844716999999
SSI-065THR-069ILE-1,-0.0002831689,-0.00090517616,-2.2341699999999976e-05
SSI-068ARG-072THR-1,-0.018116992,-0.01888519381,-0.0173853119999999
SSI-068HIE-075LYS-1,-0.0103016404,-0.0113123115699999,-0.0099111585999999
SSI-070MET-075ILE-1,-0.0008373948,-0.0025749711959999,1.0737699999999889e-05
SSI-075LEU-111LEU-2,-0.000421302,-0.001340075058,2.8755e-05
SSI-079ASP-135ILE-1,9.31036e-05,-0.0009517098639999,0.0003676746
SSI-083LEU-088TYR-2,0.0002042834,-0.001124458272,0.0004797365
SSI-084TYR-089ASP-1,0.0049648979,0.0023950514979999,0.0054509087
SSI-091LYS-140SER-2,-0.0236579988,-0.023066533966,-0.0229384354
SSI-095TYR-106TYR-1,-0.0066227033,-0.012474219912,-0.0052037769999999
SSI-113ILE-185VAL-1,-0.0008769626,-0.002402860236,-0.0001109591
SSI-115ASP-156ASP-1,0.1475348402,0.131104408246,0.1506207994
SSI-115GLU-123PRO-1,-0.0002660646,-0.000862626506,-2.6092099999999967e-05
SSI-126LEU-162PHE-1,-0.0006281609,-0.00108764565,-0.0003275109
SSI-130VAL-185PHE-1,-0.0005805701,-0.001026450642,-0.0002597613999999
SSI-131ASP-182PHE-1,0.0022482721,-0.00024462067,0.0027352162999999
SSI-131THR-149LEU-1,-0.000241904,-0.000647965892,-4.414350000000001e-05
SSI-136SER-144ARG-1,-0.0227009925,-0.02318956143,-0.0211919582999999
SSI-153PHE-163LEU-1,-0.0009263313,-0.001056729422,-0.0006352806
SSI-158VAL-205TYR-1,-0.0006406701,-0.001427405434,-0.0002078804
SSI-165TYR-208ILE-1,-2.9759e-05,-0.00079282595,0.0001930976999999
SSI-175LEU-233ALA-1,-0.0003313673,-0.00118166923,5.9736e-05
SSI-189THR-199LYS-1,-0.0002716425,-0.002919352478,0.0004447299999999
SSI-193HIE-248MET-1,-0.000773348,-0.0018680413639999,-0.0001933335
UBQ-ala28-asp32,-0.0154446037,-0.018684875776,-0.0140424073
UBQ-ala46-lys48,-0.0373197943,-0.038584568078,-0.0371809374
UBQ-arg42-val70,-0.0273616859,-0.033892632074,-0.0242379064
UBQ-asn25-lys29,-0.0138576645,-0.016339067136,-0.0127067407999999
UBQ-asp21-leu56,-0.0125621815,-0.014734929244,-0.0118306373
UBQ-gln2-glu64-small,-0.0150984519,-0.019009336808,-0.0134126973
UBQ-gln31-gly35,-0.0161336366,-0.0201709264259999,-0.0139413054999999
UBQ-gln62-ser65,-0.0367548765,-0.044725104662,-0.0308658766
UBQ-glu16-lys29,-0.0337355091,-0.037636045454,-0.031749823
UBQ-glu18-asp21-C,-0.0140118238,-0.018095714462,-0.0118004412
UBQ-glu18-asp21-N,-0.0176966245,-0.021246619926,-0.0162738216
UBQ-ile13-leu15,-0.0002260996,-0.000629161176,-2.395379999999998e-05
UBQ-ile13-lys33,-0.0005998713,-0.002225968416,0.0003660078999999
UBQ-ile3-leu15-big,-0.0177365426,-0.021138731852,-0.0165156279
UBQ-ile3-leu15-part1,-0.0120276758,-0.0139107089799999,-0.0113625501
UBQ-ile3-leu15-part2,-0.0119360265,-0.013695092194,-0.0112923917
UBQ-ile3-leu15,-0.0002268898,-0.000673941898,9.423350000000004e-05
UBQ-ile3-leu67,-0.0002631695,-0.000660874214,-2.313300000000003e-05
UBQ-ile3-val17,-0.0004032899,-0.001035374914,-2.2339399999999988e-05
UBQ-ile36-leu71,-0.0007469548,-0.001417843714,-0.0001683902
UBQ-ile44-gly47,-0.0003560494,-0.000619280732,-0.0002747545
UBQ-ile44-his68-big,-0.0003929262,-0.000904698074,8.315740000000005e-05
UBQ-ile44-his68-small,-0.0003876404,-0.000879040792,8.795140000000001e-05
UBQ-ile44-his68,-0.0349084338,-0.04065563663,-0.0307263357
UBQ-ile61-leu67,-0.0004135766,-0.00084621222,-0.0001003383
UBQ-leu15-ile30,-0.0003358862,-0.00072669072,-2.5717800000000064e-05
UBQ-leu43-leu50,-0.0159494428,-0.01936965429,-0.0143454943999999
UBQ-leu50-tyr59,0.0025541405,-0.002023419314,0.0031705099
UBQ-leu56-ile61np,-0.0005333203,-0.001438720136,5.543099999999998e-05
UBQ-leu56-ile61p,-0.0075055978,-0.008163796536,-0.00734311
UBQ-leu56-tyr59,-0.006177728,-0.007528579604,-0.0057505805
UBQ-leu71-leu73,-0.0002485409,-0.000501830938,-4.40932e-05
UBQ-lys11-glu34,-0.1497552966,-0.1524899918359999,-0.1490878017
UBQ-lys27-asp52,-0.1653017579,-0.167933922618,-0.1636367644
UBQ-met1-val17-mono,-0.0159804117,-0.018700493252,-0.0145174239
UBQ-phe4-thr12,-0.0001578725,-0.000939917076,0.0002145643
UBQ-phe4-thr14,-0.0001522037,-0.00174979476,0.0004966028
UBQ-phe45-ile61,-0.0036441396,-0.002182303228,-0.0030686246
UBQ-pro19-ser57,-0.0145379305,-0.017601214176,-0.0126780709
UBQ-pro37-gln40,-0.0116166444,-0.013779394692,-0.0106972053
UBQ-ser57-asn60,-0.0141362827,-0.01720711195,-0.0125919339
UBQ-thr14-lys33,-0.0204891188,-0.021616180404,-0.0203844397
UBQ-thr22-asn25,-0.0082224452,-0.009344668956,-0.0077291362
UBQ-thr22-thr55-big,-0.0374969492,-0.045113310494,-0.0336974684
UBQ-thr22-thr55-small,0.000544557,2.1035784e-05,0.0011264984999999
UBQ-thr22-val26,-0.0110706605,-0.012380993142,-0.0104921435999999
UBQ-thr55-asp58-backbone,-0.0072568905,-0.008167780586,-0.0068908007
UBQ-thr55-asp58-sidechain-small,-0.0285175561,-0.0306692169,-0.0274630582
UBQ-thr55-asp58-sidechain,-0.0202658145,-0.023714977944,-0.0187958305
UBQ-thr7-ile13,-8.34181e-05,-9.0517616e-05,-5.112239999999997e-05
UBQ-thr7-lys11,-0.0135479859,-0.016384644668,-0.0123939263
UBQ-thr7-thr9-v2,-0.0008429486,-0.001280792394,-0.0007109308
UBQ-tyr59-ile61,-0.0002442028,-0.000783104868,5.637120000000017e-05
UBQ-val17-leu56,-0.0005154977,-0.00115298407,-0.0001010983
UBQ-val26-leu56,-0.0006720837,-0.001408600718,-0.0001172983
UBQ-val5-leu15,-0.0005753105,-0.001329716528,-5.834889999999999e-05
UBQ-val5-leu69,-0.0002530426,-0.000963980738,8.589399999999993e-05
