File,Overlap Pen. Energy,Polynomial: -0.0008 + 1.6968 OPE + 17.0727 OPE^2,SAPT Coulomb,Undamped Coulomb
SSI-006GLU-010TYR-1,-0.0005394945,-0.0017104451845872,-0.002615608506,-0.0014076247999999
S22by7-22-0.9,-0.0028109316,-0.0054346915919014,-0.021016819922,-0.0134842514999999
NBC1-MeMe-5.4,-2.556e-07,-0.0008004337009646,5.099584000000001e-06,-2.365699999999997e-06
HBC1-FaONFaON-3.5,-0.0174443377,-0.0252042456393786,-0.080141874904,-0.0536571389999999
ACHC-AC-3.4__n0.4___,-0.0009521507,-0.0024001313523538,-0.003013376058,0.0002199851
A24-1,-0.0021016063,-0.0042905997385013,-0.017522170624,-0.0157159598999999
SSI-019VAL-075LEU-1,-0.0002479165,-0.0012196153848231,-0.0006669299699999,3.4196900000000005e-05
SSI-016LEU-062LEU-1,-0.0004984579,-0.0016415414769305,-0.001674416534,5.554210000000005e-05
S66-15,-0.0019211689,-0.0039968259328016,-0.018713242212,-0.014112646
UBQ-thr55-asp58-backbone,-0.0003660898,-0.001418893059651,-0.008167780586,-0.0068908007
S66-45,-0.000507187,-0.0016562031432494,-0.001978160506,-0.0002915703
JSCH-55,-1.07143e-05,-0.0008181780643584,0.003206841526,0.0034731319
S66-2,-0.0013884234,-0.0031229654477692,-0.015167118988,-0.0119202022
ACHC-AC-3.6____4_,-0.000513534,-0.0016668621270861,-0.001437126516,-0.0002604102
UBQ-ile44-gly47,-8.12948e-05,-0.0009378281858203,-0.000619280732,-0.0002747545
NBC1-MeMe-3.6,-0.0001295685,-0.0010195652143774,-0.000387409022,-8.469570000000004e-05
SSI-136SER-144ARG-1,-0.0015090343,-0.0033216517121096,-0.02318956143,-0.0211919582999999
S22by7-2-1.0,-0.0012239006,-0.0028511407828366,-0.014075170564,-0.0113321974999999
ACHC-AC-3.4__1.2___,-0.0009748762,-0.0024379443219813,-0.00703105144,-0.0041092634
JSCH-39,-8.935e-05,-0.0009514727814226,-0.003430107688,-0.0028742981999999
SSI-058TRP-180SER-1,-0.000263006,-0.0012450876253316,-0.001044139824,0.0005524198
ACHC-AC-3.4___180__,-0.0010138013,-0.0025026708429933,-0.005697032138,0.000307869
NBC1-MeMe-4.8,-1.7617e-06,-0.0008029891995733,4.78086e-06,-7.377299999999998e-06
S66-41,-0.0009506861,-0.0023976937988923,-0.003932416712,-0.0006169078
UBQ-leu71-leu73,-0.0002044479,-0.0011461935758919,-0.000501830938,-4.40932e-05
S22-21,-0.0010129035,-0.0025011785210212,-0.00676810414,-0.0078319615
HBC1-FaOOFaOO-4.1,-0.0021127377,-0.0043086865912221,-0.029215357374,-0.0274523357
HBC1-FaOOFaNN-5.8,-1.19804e-05,-0.0008203258922756,-0.004476159856,-0.0049308586
S66-60,-0.0011186631,-0.0026767826495494,-0.012409678302,-0.0101194021
SSI-015ILE-034LEU-1,-0.0002186471,-0.0011701842123197,-0.000583743006,3.487690000000003e-05
HBC1-FaNNFaNN-10.0,-0.0,-0.0008,-0.000163824136,-0.0001669192
HBC1-FaOOFaOO-6.4,-5.343e-07,-0.0008009065953661,-0.0018583202819999,-0.0022019111
HBC1-FaONFaNN-3.7,-0.017517723,-0.0252849623676106,-0.077761165986,-0.0556885481
UBQ-pro19-ser57,-0.0018598595,-0.0038967538095603,-0.017601214176,-0.0126780709
HBC1-FaOOFaON-5.8,-5.87e-06,-0.0008099596277276,-0.004047635438,-0.0046068747
SSI-083LEU-088TYR-2,-0.0002754532,-0.0012660936077747,-0.001124458272,0.0004797365
ACHC-AC-3.6____n12_,-0.000983416,-0.002452149140625,-0.004914245994,-0.0015424122999999
HBC1-FaONFaON-3.4,-0.0189470919,-0.0268204578413905,-0.083034295204,-0.0526529394
SSI-075LEU-111LEU-2,-0.0004500572,-0.0015601989562515,-0.001340075058,2.8755e-05
SSI-051VAL-104ILE-1,-0.0002345021,-0.0011969643144238,-0.000767965478,3.421720000000003e-05
BBI-108TYR-129TRP-1,-0.0015455512,-0.0033817092308962,-0.016111338838,-0.012939061
JSCH-108,-0.0007351848,-0.002038233830798,-0.004369068592,-0.000914514
ACHC-AC-3.4___120__,-0.001207241,-0.0028235642494331,-0.007353281404,-0.0015769892999999
SSI-115GLU-123PRO-1,-0.0002399725,-0.0012062021758267,-0.000862626506,-2.6092099999999967e-05
UBQ-lys27-asp52,-0.0016649935,-0.0035778319745803,-0.167933922618,-0.1636367644
S22by7-8-0.8,-0.00124917,-0.0028929509763411,-0.00322150283,-0.0003768735
HBC1-FaOOFaON-5.0,-9.89282e-05,-0.0009676942828516,-0.008903873664,-0.0097878224
S66-13,-0.0010979338,-0.0026423936383015,-0.013551188308,-0.0099134056999999
S22-16,-0.0003888847,-0.0014572776321755,-0.002824054002,-0.0030124924
HSG-12,-0.00119716,-0.0028068726298216,-0.002762699632,-0.0002862352
A24-17,-0.0001855772,-0.0011142994280004,-0.00057529682,-7.504990000000003e-05
SSI-009VAL-025ILE-1,-0.0003109015,-0.0013258874224107,-0.001038721516,3.340580000000001e-05
S22-10,-0.000438622,-0.0015409692054998,-0.001534177974,-0.0002023254999999
A24-10,-0.0006886403,-0.0019603885519815,-0.00550117624,-0.0052268988
SSI-130VAL-185PHE-1,-0.0003208088,-0.0013425912788159,-0.001026450642,-0.0002597613999999
JSCH-44,-0.0001144466,-0.0009939693722413,0.010049845806,0.0101998658999999
HBC1-FaOOFaNN-4.0,-0.0070186892,-0.0118682765198337,-0.0522622898139999,-0.0447230186
S66-42,-0.000801836,-0.0021495785864861,-0.0031713038,0.0011888909
S66-24,-0.0009267121,-0.0023577831364836,-0.002668197966,0.0033465821
A24-8,-0.0001568753,-0.0010657658522874,-0.001109796968,-0.0006909986
S66-10,-0.0012665157,-0.0029216381701393,-0.009514548848,-0.006549406
HBC1-FaOOFaON-4.2,-0.0019504691,-0.0040446057890391,-0.027860621012,-0.0260708874
S22-9,-0.0003663976,-0.0014194114854866,-0.001799834428,-0.0009634983
BBI-033VAL-115VAL-1,-0.0014274136,-0.0031872496065802,-0.015515643682,-0.0128607793
HBC1-FaONFaNN-7.0,-2.57e-07,-0.0008004360764723,-0.00182708533,-0.0019943961
S22by7-4-0.9,-0.0098003725,-0.0157894852998483,-0.058913422246,-0.0434740604999999
UBQ-lys11-glu34,-0.000667495,-0.0019249987817704,-0.1524899918359999,-0.1490878017
BBI-084LEU-088MET-2,-0.0013077903,-0.0029898588781362,-0.01456807723,-0.0117435485
JSCH-104,-0.0008217643,-0.0021828405285789,-0.008468656042,-0.0023277035999999
S22by7-8-1.0,-8.03697e-05,-0.0009362610294621,-0.000222947438,-7.687459999999998e-05
SSI-059PHE-118THR-1,-0.0010150458,-0.0025047394037294,-0.00345656178,-0.0002184224999999
A24-5,-0.0006559732,-0.0019057089286239,-0.00755216518,-0.0059652015
SSI-005LEU-010TRP-1,-0.0001732697,-0.0010934914637203,-0.000629001814,-0.0003086417999999
HBC1-FaONFaON-3.8,-0.009711184,-0.015667860275825,-0.058629120438,-0.0443170044999999
S22by7-22-1.2,-0.000398057,-0.0014727179589511,-0.007741965322,-0.006196552
HBC1-FaOOFaNN-3.8,-0.0131238884,-0.0201280726529361,-0.072952417636,-0.0601768904999999
SSI-039THR-077LEU-1,-0.0002825118,-0.0012780034002495,-0.000850355632,8.224100000000001e-06
S22by7-8-0.9,-0.0003186645,-0.0013389762410479,-0.000867407366,-0.0001662106999999
UBQ-ile3-leu15-big,-0.0012209147,-0.0028461989379828,-0.021138731852,-0.0165156279
UBQ-ala28-asp32,-0.0014021963,-0.003145679116527,-0.018684875776,-0.0140424073
SSI-126LEU-162PHE-1,-0.00030065,-0.0013085997114337,-0.00108764565,-0.0003275109
ACHC-AC-3.8_____,-0.0002785816,-0.001271372285766,-0.00049800625,-0.0001931919
A24-23,-0.0008823831,-0.0022839348409668,-0.000888124426,0.0020646712
UBQ-ser57-asn60,-0.0015443488,-0.0033797324287061,-0.01720711195,-0.0125919339
S22by7-17-0.8,-0.0021230661,-0.0043254649054928,-0.010459246784,-0.0069328995999999
UBQ-ile3-leu15-part1,-0.0006651257,-0.0019210324585016,-0.0139107089799999,-0.0113625501
S22-18,-0.0004174667,-0.0015053820929416,-0.002775129868,-0.0024277556
HBC1-FaOOFaOO-4.0,-0.0031002642,-0.0058964316806027,-0.035276053596,-0.0320176012
HBC1-FaNNFaNN-3.7,-0.0229443642,-0.0307441792815528,-0.087930055206,-0.0617867989999999
HBC1-FaNNFaNN-3.9,-0.0151231868,-0.0225563128458167,-0.06889697346,-0.0503593305999999
HBC1-FaOOFaON-10.0,-0.0,-0.0008,-0.000354421088,-0.0004101674999999
HBC1-FaONFaON-4.2,-0.0027493292,-0.0053360124731471,-0.03143176407,-0.0278526601
SSI-115ASP-156ASP-1,-0.0030859591,-0.0058736696277058,0.131104408246,0.1506207994
SSI-024LEU-260ILE-1,-0.0002991965,-0.0013061482979263,-0.000925255772,-2.55306e-05
S66-14,-0.0023030786,-0.0046173072476033,-0.01782703013,-0.013526449
HBC1-FaOOFaON-4.4,-0.0009189194,-0.0023448060304219,-0.020024472748,-0.0198879748
ACHC-AC-3.6_____,-0.0005374679,-0.0017070437121042,-0.001754734982,-0.0004096819
NBC1-BzMe-3.3,-0.0016753715,-0.0035948495175042,-0.004981178034,-0.0001516253
UBQ-val5-leu69,-0.0003389367,-0.0013731465134507,-0.000963980738,8.589399999999993e-05
ACHC-AC-4.0_____,-0.0001460142,-0.0010473929020931,0.0001317923739999,-3.365839999999982e-05
A24-13,-0.0004031456,-0.0014812826900409,-0.00267011031,-0.0022241487
HBC1-FaOOFaNN-4.2,-0.0035230903,-0.0065660704471722,-0.036932780948,-0.0332021263
HBC1-FaOOFaOO-4.3,-0.0009694623,-0.002428937731456,-0.020400248344,-0.0204201805
UBQ-tyr59-ile61,-0.000300574,-0.001308471534737,-0.000783104868,5.637120000000017e-05
S66-33,-0.0007100794,-0.0019962544528295,-0.002727799354,0.0012161422
JSCH-19,-0.0045177961,-0.0081173343932476,-0.045680479852,-0.0370275883999999
S66-11,-0.0012491202,-0.0028928685997985,-0.011687449718,-0.0079467441
BBI-038ALA-041GLY-1,-0.0009686202,-0.0024275367198344,-0.0028701096199999,0.0006279045
NBC1-MeMe-4.2,-1.43484e-05,-0.0008243428502508,-3.027878e-05,-2.4074699999999985e-05
SSI-034ASP-037PHE-1,-0.000659929,-0.0019123322590473,-0.002196327084,0.0010331165
ACHC-AC-3.4___150__,-0.0010375235,-0.0025420918812986,-0.008031366714,-0.0024069608
BBI-017ASN-021LYS-2,-0.000414642,-0.0015006292706364,-0.008722200984,-0.0084136911
UBQ-thr22-thr55-small,-0.0005819415,-0.0017816565664552,2.1035784e-05,0.0011264984999999
SSI-009ARG-128ARG-2,-0.0002519432,-0.0012264135257077,0.1002488971679999,0.1015906469
HBC1-FaONFaON-7.0,-9.69e-08,-0.0008001644197596,-0.002143259538,-0.0023983856999999
S66-31,-0.000706807,-0.0019907810041157,-0.006036473198,-0.0022094064
S66-47,-0.0006716885,-0.0019320184345748,-0.003226602414,-0.0014854733
JSCH-106,-0.0007834197,-0.0021188282383468,-0.00292907356,0.0015906406
S22by7-4-1.0,-0.0047654,-0.0084982261412784,-0.0418962698,-0.033503556
S66-4,-0.0019825827,-0.0040969397874966,-0.02131705793,-0.0169706815999999
HBC1-FaONFaNN-5.8,-1.74898e-05,-0.0008296714702188,-0.004777832122,-0.0051415051
NBC1-MeMe-4.3,-1.00173e-05,-0.0008169956414577,-1.7211096e-05,-1.9677299999999995e-05
A24-19,-0.0001079379,-0.0009829501216877,-0.000326054652,-7.07747e-05
HBC1-FaOOFaON-3.9,-0.0057122066,-0.0099354018363632,-0.0471246182959999,-0.0397255022
S22by7-8-0.7,-0.0047818679,-0.0085234846451515,-0.011852708112,-0.0008874128
JSCH-121,-0.001560697,-0.0034066054116096,-0.010613987286,-0.0074348258999999
HBC1-FaOOFaON-8.0,-1.8e-09,-0.0008000030542399,-0.000907885314,-0.0010494965999999
S66-66,-0.0009580043,-0.0024098728461383,-0.007366189726,-0.0043514685999999
S22by7-2-0.8,-0.0058064501,-0.0100767807921726,-0.030419177922,-0.0213708258999999
HBC1-FaOOFaNN-3.6,-0.0239119601,-0.0316119541492077,-0.10162116335,-0.0845997256
S22-22,-0.0014292838,-0.0031903317494104,-0.013653817436,-0.0101464463
S22by7-17-1.2,-8.34568e-05,-0.0009414905862448,-0.003180546796,-0.0031671815
S22by7-1-0.9,-0.0017807754,-0.0037674794178842,-0.0134818658379999,-0.0086503405
HBC1-FaONFaON-10.0,-0.0,-0.0008,-0.00053226908,-0.0005929848
HBC1-FaONFaON-8.0,-2.5e-09,-0.0008000042419998,-0.001247167012,-0.0013949957
BBI-030TRP-178GLY-2,-0.0009961809,-0.0024733772068028,-0.013641865286,-0.0124459842
HSG-4,-0.003693344,-0.0068339809854343,-0.037245449192,-0.0270369962999999
BBI-087LEU-090TYR-1,-0.0018854359,-0.0039385164311165,-0.014606961558,-0.0102555374
HBC1-FaOOFaON-3.5,-0.0171301148,-0.0248565514820364,-0.085465521876,-0.0640024817
HBC1-FaOOFaOO-7.0,-5.6e-08,-0.0008000950207464,-0.001161430256,-0.0013880971
UBQ-thr7-thr9-v2,-0.000132018,-0.0010237105865401,-0.001280792394,-0.0007109308
S66-29,-0.0011852513,-0.0027871503244285,-0.010548330142,-0.0043966309999999
HBC1-FaOOFaON-4.0,-0.0040526694,-0.0073961652062055,-0.039575002908,-0.034551649
SSI-009GLN-068ILE-1,-0.0001407617,-0.0010385061765374,-0.0003182459139999,0.0003542037999999
HBC1-FaONFaON-4.1,-0.0039127245,-0.0071777379160546,-0.037029194958,-0.0315405998999999
SSI-048LYS-082ILE-1,-0.0003408676,-0.0013764004543621,-0.001158880464,0.0001436621
S66-16,-0.0008406242,-0.0022143067353987,-0.011746732382,-0.0091098268
UBQ-gln62-ser65,-0.0058889998,-0.0102003681845197,-0.044725104662,-0.0308658766
NBC1-MeMe-4.0,-2.96853e-05,-0.0008503549722859,-7.808738e-05,-3.62705e-05
HBC1-FaOOFaON-4.6,-0.0004334383,-0.0015322506804627,-0.014848713712,-0.0154415044
ACHC-AC-3.4_2.0____,-0.0006959505,-0.0019726196956922,-0.000409879064,0.0030115379
SSI-003TYR-056ALA-1,-0.0005931255,-0.0018004092090969,-0.002422461762,-0.0016192237
S22by7-4-2.0,-6.3707e-06,-0.0008108091108504,-0.005625000514,-0.0055110903
S22by7-13-2.0,-5.29e-08,-0.0008000897606722,-0.000994737604,-0.0009457686
S22by7-9-0.8,-0.0042818196,-0.0077523809725223,-0.012783541554,-0.003410219
SSI-001LEU-154LEU-1,-0.0003194393,-0.0013402824808968,-0.001043343014,-2.3133499999999988e-05
S22by7-5-0.7,-0.0460264636,-0.0427302922105482,-0.142082537702,-0.0937009162
SSI-068HIE-075LYS-1,-0.0003904817,-0.0014599661722712,-0.0113123115699999,-0.0099111585999999
JSCH-18,-0.0065788997,-0.0112241377538189,-0.045527970418,-0.0354323736
A24-2,-0.0011559101,-0.002738536942455,-0.012535733644,-0.0110782901
ACHC-AC-3.6_____4,-0.0005365567,-0.0017055142961628,-0.001666607796,-0.0002128339999999
HBC1-FaOOFaOO-4.8,-0.0001469359,-0.0010489522328174,-0.00956650086,-0.0105827971
S22by7-1-0.7,-0.0114406062,-0.0179778180872756,-0.043746143896,-0.0192893042
NBC1-MeMe-5.8,-7.68e-08,-0.0008001303141393,3.665326e-06,-1.1122000000000012e-06
ACHC-AC-3.4__n0.8___,-0.0008308592,-0.0021980161446125,-0.001985172434,0.0009685486
UBQ-leu56-tyr59,-0.0004271476,-0.001521669046969,-0.007528579604,-0.0057505805
UBQ-ile13-lys33,-0.0009658793,-0.0024229764847739,-0.002225968416,0.0003660078999999
HSG-6,-0.0004945359,-0.0016349531173309,-0.005040460698,-0.0037733494
UBQ-glu18-asp21-C,-0.0022113827,-0.0044687850182628,-0.018095714462,-0.0118004412
HBC1-FaOOFaOO-4.4,-0.000657972,-0.0019090556541986,-0.017254442464,-0.0177379256
HBC1-FaONFaON-5.4,-3.13255e-05,-0.0008531363551822,-0.006898621618,-0.0075791326
HBC1-FaONFaNN-4.0,-0.0084894059,-0.0139743942281144,-0.051965876494,-0.040574103
S22by7-22-2.0,-4.331e-06,-0.0008073485205577,-0.001572424854,-0.0014652154999999
ACHC-AC-3.6_____n4,-0.0005827804,-0.0017830633304926,-0.002047164252,-0.0005636119
S22by7-9-0.7,-0.0135822741,-0.0206968622445727,-0.034938365518,-0.0065534155
UBQ-arg42-val70,-0.0031237794,-0.0059338335179066,-0.033892632074,-0.0242379064
HBC1-FaOOFaNN-4.4,-0.0016906445,-0.0036198870506979,-0.026182857876,-0.0247839527
HBC1-FaOOFaON-5.4,-2.37626e-05,-0.0008403107393894,-0.005834880268,-0.0065691422
S22by7-1-1.5,-8.9958e-06,-0.0008152626918416,-0.0016463688219999,-0.0014867686
HBC1-FaOOFaOO-4.6,-0.000307441,-0.0013200521777341,-0.012654458334,-0.0135799107
HBC1-FaONFaON-6.4,-8.975e-07,-0.0008015228642478,-0.003139272038,-0.0035068527
S66-35,-0.0006861533,-0.0019562269838495,-0.001855133042,1.657320000000017e-05
HBC1-FaONFaON-3.6,-0.0150063906,-0.0224182122289362,-0.074047393938,-0.0518485889999999
SSI-062ILE-105TYR-1,-0.0003579327,-0.0014051529224386,-0.001117446344,0.0001844716999999
UBQ-ile44-his68-big,-0.0004760835,-0.0016039488614626,-0.000904698074,8.315740000000005e-05
JSCH-114,-0.0024664781,-0.0048812580268941,-0.009246342602,-0.0027682084
UBQ-leu43-leu50,-0.0016039484,-0.0034776575554431,-0.01936965429,-0.0143454943999999
JSCH-101,-0.0015335351,-0.0033619519785662,-0.005906593168,0.0018263946
NBC1-MeMe-5.0,-9.081e-07,-0.000801540850001,5.896394e-06,-5.033399999999998e-06
S22by7-13-0.8,-0.0132124511,-0.0202385251808739,-0.073889625558,-0.0149436076999999
JSCH-15,-0.0017280643,-0.0036811969012235,-0.0130629031399999,-0.0048042974999999
HBC1-FaONFaNN-10.0,-0.0,-0.0008,-0.000361911102,-0.0003921765
S22by7-2-2.0,-9.396e-07,-0.0008015942982073,-0.0017327430259999,-0.0015504809
S22by7-3-0.9,-0.0124942743,-0.0193351185264944,-0.073926278818,-0.0571951765
S22-8,-8.03697e-05,-0.0009362610294621,-0.0002403178959999,-7.687459999999998e-05
ACHC-AC-3.6____n20_,-0.0018812763,-0.0039317259171744,-0.0103664981,-0.0030714544
S66-6,-0.0027108804,-0.0052743567664533,-0.021051560838,-0.0169611844
JSCH-46,-2.04722e-05,-0.000834730073604,0.0039872372399999,0.0038401396
HBC1-FaONFaNN-3.8,-0.0141390562,-0.0213780974177316,-0.0688826308799999,-0.0506700629999999
SSI-003THR-182GLU-1,-0.0005863861,-0.0017891095094918,-0.003194251928,-0.0008887883999999
HSG-11,-0.0003163411,-0.0013350590845116,-0.007799654366,-0.0075452641999999
S22by7-8-1.5,-1.417e-07,-0.0008002404362171,2.231068e-06,-3.337999999999999e-06
HBC1-FaOOFaOO-8.0,-1.5e-09,-0.0008000025451999,-0.00059282664,-0.0007156971
ACHC-AC-3.4__2.0___,-0.0009104929,-0.0023307711301586,-0.00650117279,-0.0028723576999999
S22by7-8-2.0,-6e-10,-0.0008000010180799,3.1872400000000004e-07,-3.987e-07
S22by7-4-0.7,-0.0418670855,-0.0419141398538379,-0.128907284352,-0.0806087839
S22by7-3-0.7,-0.0480661392,-0.0429146487387427,-0.14596842071,-0.1076513682
UBQ-thr7-lys11,-0.0011540596,-0.0027354699930001,-0.016384644668,-0.0123939263
UBQ-ile3-leu67,-0.0002400365,-0.0012063102465435,-0.000660874214,-2.313300000000003e-05
SSI-165TYR-208ILE-1,-0.0002228566,-0.001177295162139,-0.00079282595,0.0001930976999999
HBC1-FaOOFaOO-3.9,-0.004499422,-0.0080889858810816,-0.042678418496,-0.0374182621
HBC1-FaOOFaOO-5.8,-4.525e-06,-0.0008076776704257,-0.003168754008,-0.0037068837
S66-9,-0.0007772069,-0.0021084518938319,-0.0069328844479999,-0.0047697430999999
ACHC-AC-3.4_n0.4____,-0.0010263626,-0.0025235473328588,-0.00447886901,-0.0009504350999999
S22by7-9-2.0,-7.1e-09,-0.0008000120472791,-5.57767e-06,-5.417999999999998e-06
HBC1-FaONFaNN-4.1,-0.0063420939,-0.0108745641432297,-0.0444859023,-0.0358801880999999
NBC1-MeMe-4.6,-3.4847e-06,-0.0008059126316439,1.115534e-06,-1.08688e-05
S22by7-5-1.0,-0.0054772601,-0.0095816274807327,-0.050557275776,-0.0412099042999999
ACHC-AC-3.6_____n20,-0.0014913964,-0.0032926272328109,-0.006454479724,-0.0012894486999999
BBI-012LEU-085ASP-1,-0.0020867858,-0.0042665120859929,-0.019010771066,-0.0149519785999999
SSI-004LEU-031TYR-1,-0.0002381331,-0.0012030960961075,-0.000711710692,2.7698400000000185e-05
HBC1-FaONFaNN-5.0,-0.0002865912,-0.00128488569021,-0.011466573986,-0.0116513876999999
SSI-091LYS-140SER-2,-0.0007195633,-0.0020121152526373,-0.023066533966,-0.0229384354
JSCH-41,-0.0003916121,-0.0014618691413785,-0.003425167466,-0.0022055469
UBQ-ile44-his68,-0.0041820981,-0.0075975834803071,-0.04065563663,-0.0307263357
JSCH-45,-0.0007559577,-0.0020729524545911,-0.00182549171,0.0046721364999999
S22-1,-0.0007013668,-0.0019816808623928,-0.007791845628,-0.0060988366
HBC1-FaOOFaON-3.4,-0.0205881908,-0.0284973753315971,-0.094704693188,-0.0689020207
SSI-079ASP-135ILE-1,-0.000274571,-0.0012646049750239,-0.0009517098639999,0.0003676746
SSI-005PHE-163LEU-1,-0.0004401521,-0.0015435425230182,-0.001682703358,0.0008218914
S22by7-22-1.5,-6.82145e-05,-0.0009156669206048,-0.003744688276,-0.0033480221
HBC1-FaONFaNN-8.0,-6.1e-09,-0.0008000103504793,-0.000973383096,-0.001061871
HSG-13,-0.0005379328,-0.0017078240188632,-0.002080311548,-0.0004093707999999
HBC1-FaOOFaOO-4.2,-0.0014318243,-0.0031945183744127,-0.024323900146,-0.0236235002
HBC1-FaOOFaOO-5.0,-7.17739e-05,-0.0009216980036302,-0.007418938548,-0.0083777944999999
SSI-068ARG-072THR-1,-0.00073168,-0.0020323746580654,-0.01888519381,-0.0173853119999999
SSI-049GLU-080ARG-1,-0.0011358026,-0.0027052052569385,-0.137195223886,-0.1370178589
NBC1-MeMe-3.7,-8.95333e-05,-0.0009517832450606,-0.000264700282,-6.825990000000005e-05
S22by7-3-2.0,-1.49857e-05,-0.0008254239017231,-0.0057472311679999,-0.0056784447
HBC1-FaONFaNN-5.4,-6.96074e-05,-0.0009180271158423,-0.007148501234,-0.0075572433
JSCH-10,-0.0045785009,-0.0082109109426231,-0.037135808136,-0.0287718663
UBQ-val26-leu56,-0.0005547855,-0.0017361052821214,-0.001408600718,-0.0001172983
S66-32,-0.0006824207,-0.0019499807213141,-0.00745176712,-0.0036709446999999
JSCH-102,-0.0010006555,-0.0024808171627544,-0.001109318882,0.0046451415999999
A24-15,-0.0001751977,-0.0010967514239097,-0.0006702765719999,-0.0004330499
UBQ-ile13-leu15,-0.0002021459,-0.0011423035219793,-0.000629161176,-2.395379999999998e-05
SSI-065THR-069ILE-1,-0.0002608272,-0.0012414101230383,-0.00090517616,-2.2341699999999976e-05
JSCH-25,-0.0049361997,-0.0087597490907235,-0.033418848848,-0.0235070052
S22by7-2-0.9,-0.0026579806,-0.0051894452319051,-0.020187340712,-0.0152933138
S22by7-22-0.7,-0.0115615373,-0.0181355232832495,-0.049543892818,-0.0266792321
A24-16,-0.0006965594,-0.0019736384012822,-0.002408597268,-0.0008278366
NBC1-MeMe-3.4,-0.0002712739,-0.0012590411815712,-0.000812586838,-0.0001313992999999
S22by7-4-1.5,-0.0001537508,-0.0010604807706177,-0.012429598552,-0.0119080171
BBI-072THR-075PRO-1,-0.0009242059,-0.002353609812664,-0.003866600206,0.0004850551999999
NBC1-BzMe-3.7,-0.0004874666,-0.001623076448974,-0.001678241222,-0.0002484808999999
HBC1-FaONFaON-5.8,-7.6352e-06,-0.0008129544120851,-0.004889863608,-0.0054280831
S22by7-22-1.0,-0.0014292838,-0.0031903317494104,-0.01449556752,-0.0101464315999999
HBC1-FaOOFaOO-3.5,-0.0164394746,-0.0240804953393347,-0.08720527683,-0.0687800938999999
JSCH-43,-1.8531e-06,-0.0008031442814526,0.007367783346,0.007074854
BBI-007VAL-041VAL-1,-0.0021453227,-0.0043616080009089,-0.0177304567579999,-0.0123968832
S22by7-8-1.2,-5.3837e-06,-0.000809134567321,-5.57767e-06,-1.9078799999999987e-05
SSI-131ASP-182PHE-1,-0.000486944,-0.0016221983951735,-0.00024462067,0.0027352162999999
SSI-175LEU-233ALA-1,-0.0003911033,-0.0014610126086661,-0.00118166923,5.9736e-05
ACHC-AC-3.6_____n12,-0.0008436557,-0.0022193634131934,-0.0034278766199999,-0.0008493748
HBC1-FaONFaNN-4.8,-0.0005860113,-0.0017884810508446,-0.014998513992,-0.0147409535999999
HBC1-FaONFaNN-4.3,-0.0033530178,-0.0062974568744467,-0.032206104028,-0.0277502874999999
A24-9,-0.0011250878,-0.002687437970259,-0.010416378406,-0.0084496964999999
S66-5,-0.0014477222,-0.003220712364399,-0.015214768226,-0.0116624478
UBQ-leu50-tyr59,-0.0006163694,-0.0018393694873396,-0.002023419314,0.0031705099
UBQ-thr22-asn25,-0.000493309,-0.0016328920052997,-0.009344668956,-0.0077291362
JSCH-100,-0.0006781928,-0.0019429050319465,0.003374171626,0.0069361887
SSI-041ILE-107PHE-2,-0.0002349211,-0.0011976719156231,-0.001064378798,-0.0001264519
S22by7-2-0.7,-0.0127061562,-0.0196034797950493,-0.0475765689279999,-0.0312374192
SSI-095TYR-106TYR-1,-0.0014189264,-0.0031732609586337,-0.012474219912,-0.0052037769999999
S22by7-3-1.5,-0.0002671185,-0.0012520284945065,-0.014708953238,-0.0139226646
BBI-121VAL-155THR-2,-0.0022685209,-0.0045613669550662,-0.01836328326,-0.0131473299
UBQ-phe45-ile61,-0.0005755149,-0.0017708789070129,-0.002182303228,-0.0030686246
SSI-052ILE-056GLN-1,-0.0001798957,-0.00110469450914,-0.001185175194,-0.000383831
S22by7-3-1.2,-0.0017258145,-0.0036775121046224,-0.02997758582,-0.0265307165
HBC1-FaOOFaOO-3.7,-0.0089817701,-0.0146629753369694,-0.061903531452,-0.0510042805
BBI-015LEU-026LEU-1,-0.0019907218,-0.0041101980962372,-0.018079937624,-0.0136943272
HBC1-FaONFaON-5.0,-0.0001337784,-0.0010266896448075,-0.010351199348,-0.0110815829
UBQ-thr7-ile13,-3.22956e-05,-0.0008547813671552,-9.0517616e-05,-5.112239999999997e-05
UBQ-thr22-thr55-big,-0.0037994808,-0.0070004965963461,-0.045113310494,-0.0336974684
HBC1-FaONFaON-4.0,-0.0054511832,-0.0095422455735456,-0.043527817956,-0.0356075716
BBI-044TRP-054LEU-1,-0.0017917517,-0.0037854345297332,-0.017261135668,-0.0138308598999999
A24-18,-0.0001230576,-0.0010085456008317,-0.00037529751,-9.144240000000004e-05
JSCH-124,-0.0010835087,-0.0026184543642562,-0.0137115064799999,-0.0093513513
S22by7-4-0.8,-0.0202343246,-0.0281435624092214,-0.086100738808,-0.0580694179
S66-36,-0.0004553947,-0.0015691731164616,-0.00105019558,-0.0001622503
S22-19,-0.0006978736,-0.0019758370490294,-0.006119819524,-0.0045763662999999
ACHC-AC-3.4__0.8___,-0.0010202854,-0.0025134478882502,-0.0064924078799999,-0.0033757057
NBC1-MeMe-3.8,-6.18986e-05,-0.0009049641315109,-0.0001789635259999,-5.515239999999998e-05
UBQ-gln2-glu64-small,-0.0016857545,-0.0036118715790667,-0.019009336808,-0.0134126973
SSI-158VAL-205TYR-1,-0.0004327897,-0.0015311597280313,-0.001427405434,-0.0002078804
S22by7-10-0.8,-0.0022306026,-0.0044999397711302,-0.006556630766,1.1955999999999914e-05
HBC1-FaOOFaNN-5.0,-0.0001856844,-0.0011144806454799,-0.01074657647,-0.0113216539999999
SSI-189THR-199LYS-1,-0.0007163726,-0.0020067794938541,-0.002919352478,0.0004447299999999
SSI-153PHE-163LEU-1,-0.0002910508,-0.0012924087593226,-0.001056729422,-0.0006352806
HSG-7,-0.0002783413,-0.0012709668295411,-0.002445569252,-0.001379867
S22by7-18-1.0,-0.000417467,-0.0015053825977052,-0.00316811656,-0.0024277498
UBQ-ala46-lys48,-0.0001388569,-0.0010352832051164,-0.038584568078,-0.0371809374
JSCH-111,-0.0013812452,-0.0031111249043725,-0.002688915026,-0.0026363360999999
HBC1-FaONFaON-4.6,-0.0006073884,-0.0018243181652236,-0.01704774995,-0.0171174658
S22by7-9-0.9,-0.0012777809,-0.0029402636236002,-0.004716637114,-0.0017998011
HBC1-FaONFaNN-4.6,-0.0011936546,-0.0028010677493284,-0.020071006452,-0.0188645566999999
S66-19,-0.0024386079,-0.0048363018074137,-0.019309415454,-0.0158275068
HBC1-FaOOFaON-4.8,-0.0002059625,-0.001148752936652,-0.01134737121,-0.0121973208
UBQ-ile3-leu15-part2,-0.0006436349,-0.0018850470611537,-0.013695092194,-0.0112923917
ACHC-AC-3.4___60__,-0.0011355585,-0.0027048005338334,-0.002563656494,0.0024165809
SSI-035ALA-065LEU-1,-0.0002386012,-0.0012038865582553,-0.000771790166,-0.0001020397999999
S22by7-9-1.2,-2.93506e-05,-0.0008497873906707,-0.000338325526,-0.0002929329999999
UBQ-asn25-lys29,-0.0011509237,-0.0027302724027213,-0.016339067136,-0.0127067407999999
BBI-228ARG-232GLU-1,-0.0014674476,-0.0032532006935225,-0.015699866154,-0.0124927878999999
SSI-023GLU-028LEU-1,-0.0004628615,-0.001581725724837,-0.0012296371919999,0.0002522542999999
S66-18,-0.0021704416,-0.0044023789459398,-0.018445195328,-0.0152659886
JSCH-52,-8.3687e-06,-0.000814198814471,-0.000967486702,-0.0009202837999999
ACHC-AC-3.4__n1.2___,-0.0007345801,-0.0020372229494876,-0.001047645788,0.0018909256
JSCH-103,-0.0015178796,-0.0033362033133368,-0.0145666429719999,-0.0086529201999999
S22by7-12-0.9,-0.003871325,-0.0071129930203218,-0.01981905513,-0.0008289749
NBC1-MeMe-4.1,-2.06129e-05,-0.0008349687146723,-4.9720944e-05,-2.9517299999999982e-05
NBC1-BzBz_PD32-0.2,-0.0040399605,-0.0073763566449762,-0.010979404352,0.0107836280999999
UBQ-leu56-ile61p,-0.0001624878,-0.0010752585407463,-0.008163796536,-0.00734311
S22-6,-0.0060764867,-0.0104801955397925,-0.042882879942,-0.0347306821999999
S22by7-6-1.0,-0.0060764763,-0.010480180050905,-0.0438766613739999,-0.0347306621
HBC1-FaOOFaON-4.3,-0.0013396323,-0.0030424491682649,-0.0235331459019999,-0.0227240112
SSI-031PHE-095TYR-1,-0.0005495063,-0.0017272470655998,-0.002899432228,-0.0008815061999999
S22-11,-0.0013424363,-0.003047078599877,-0.00404859161,0.0036327647999999
JSCH-30,-0.0044278425,-0.0079784393966431,-0.030734714682,-0.0215083661
S66-37,-0.0006847252,-0.001953837207875,-0.001822782556,5.489420000000034e-05
ACHC-AC-3.4_n1.2____,-0.0010352267,-0.0025382759489362,-0.00491791132,-6.43345000000072e-05
SSI-023ASP-057ARG-1,-0.0036380485,-0.0067470767343442,-0.177265205166,-0.1728418677
UBQ-met1-val17-mono,-0.0014629879,-0.0032458565953433,-0.018700493252,-0.0145174239
HBC1-FaONFaNN-6.4,-2.2091e-06,-0.0008037483175631,-0.002849711284,-0.0030999248
SSI-039THR-046THR-1,-0.0025146975,-0.0049589760249737,-0.019882959292,-0.0144425839
UBQ-ile36-leu71,-0.0005785647,-0.0017759937166664,-0.001417843714,-0.0001683902
SSI-043TYR-048GLN-1,-0.0001954079,-0.0011309162165197,-0.002047323614,0.0020532506999999
S22by7-6-0.9,-0.0120293556,-0.0187408987652085,-0.06243643798,-0.0461064044999999
UBQ-val5-leu15,-0.0005169615,-0.0016726176079115,-0.001329716528,-5.834889999999999e-05
S66-59,-0.0005085492,-0.0016584909018096,-0.007142445478,-0.0058172613
SSI-193HIE-248MET-1,-0.0005800145,-0.0017784250601535,-0.0018680413639999,-0.0001933335
SSI-022GLN-058GLU-1,-0.000897082,-0.0023084293778801,-0.00429719633,-0.0002926680999999
UBQ-phe4-thr12,-0.0003724367,-0.0014295824537851,-0.000939917076,0.0002145643
S66-7,-0.0020667732,-0.0042339738491447,-0.021074668328,-0.0164916058
JSCH-14,-0.0075091655,-0.0125788640137063,-0.0563615585399999,-0.0456417513
HBC1-FaOOFaOO-3.6,-0.0122842094,-0.0190675453391057,-0.073785243448,-0.0593069704
S66-1,-0.0011325258,-0.0026997720816618,-0.013655092332,-0.0109590604
ACHC-AC-3.4_0.4____,-0.0011072929,-0.0026579217967982,-0.003739269968,0.0003114106999999
BBI-040THR-049GLN-2,-0.0014257117,-0.0031844447231492,-0.015936837448,-0.0135264587
S22by7-3-0.8,-0.0244845926,-0.0321104537458073,-0.104182429414,-0.0771503567999999
S22by7-9-1.5,-8.912e-07,-0.0008015121746002,-5.035839200000001e-05,-5.81764e-05
S22by7-15-1.5,-1.22606e-05,-0.0008208012196722,-0.002480150806,-0.0022067133
S66-23,-0.0053985082,-0.0094626238095469,-0.0486532186,-0.0394381819
S66-30,-0.0006726637,-0.0019336507714157,-0.001421349678,0.0025139131
