File,Overlap Pen. Energy
A24-1,-0.0021016063
A24-10,-0.0006886403
A24-13,-0.0004031456
A24-14,-0.0003558523
A24-15,-0.0001751977
A24-16,-0.0006965594
A24-17,-0.0001855772
A24-18,-0.0001230576
A24-19,-0.0001079379
A24-2,-0.0011559101
A24-23,-0.0008823831
A24-5,-0.0006559732
A24-7,-0.0003049284
A24-8,-0.0001568753
A24-9,-0.0011250878
ACHC-AC-3.2_____,-0.002037934
ACHC-AC-3.4_0.4____,-0.0011072929
ACHC-AC-3.4_0.8____,-0.0011355824
ACHC-AC-3.4_1.2____,-0.0010585218
ACHC-AC-3.4_2.0____,-0.0006959505
ACHC-AC-3.4__0.4___,-0.0010618394
ACHC-AC-3.4__0.8___,-0.0010202854
ACHC-AC-3.4__1.2___,-0.0009748762
ACHC-AC-3.4__2.0___,-0.0009104929
ACHC-AC-3.4___120__,-0.001207241
ACHC-AC-3.4___150__,-0.0010375235
ACHC-AC-3.4___180__,-0.0010138013
ACHC-AC-3.4___30__,-0.0010088836
ACHC-AC-3.4___60__,-0.0011355585
ACHC-AC-3.4___90__,-0.0011044564
ACHC-AC-3.4__n0.4___,-0.0009521507
ACHC-AC-3.4__n0.8___,-0.0008308592
ACHC-AC-3.4__n1.2___,-0.0007345801
ACHC-AC-3.4_n0.4____,-0.0010263626
ACHC-AC-3.4_n1.2____,-0.0010352267
ACHC-AC-3.4_n1.6____,-0.0009479038
ACHC-AC-3.6____4_,-0.000513534
ACHC-AC-3.6_____,-0.0005374679
ACHC-AC-3.6_____12,-0.0
ACHC-AC-3.6_____4,-0.0005365567
ACHC-AC-3.6_____n12,-0.0008436557
ACHC-AC-3.6_____n16,-0.0010995734
ACHC-AC-3.6_____n20,-0.0014913964
ACHC-AC-3.6_____n4,-0.0005827804
ACHC-AC-3.6_____n8,-0.0006799749
ACHC-AC-3.6____n12_,-0.000983416
ACHC-AC-3.6____n20_,-0.0018812763
ACHC-AC-3.8_____,-0.0002785816
ACHC-AC-4.0_____,-0.0001460142
BBI-007VAL-041VAL-1,-0.0021453227
BBI-008TRP-251HIE-2,-0.000778558
BBI-012LEU-085ASP-1,-0.0020867858
BBI-015LEU-026LEU-1,-0.0019907218
BBI-017ASN-021LYS-2,-0.000414642
BBI-030TRP-178GLY-2,-0.0009961809
BBI-033ASN-036TRP-2,-0.0001471364
BBI-033VAL-115VAL-1,-0.0014274136
BBI-038ALA-041GLY-1,-0.0009686202
BBI-040THR-049GLN-2,-0.0014257117
BBI-041GLY-045LEU-2,-0.0011187803
BBI-044SER-047GLU-1,-0.0012212531
BBI-044TRP-054LEU-1,-0.0017917517
BBI-061VAL-064TYR-2,-0.001400424
BBI-072THR-075PRO-1,-0.0009242059
BBI-081LEU-084LYS-1,-0.0010770668
BBI-084LEU-088MET-2,-0.0013077903
BBI-087LEU-090TYR-1,-0.0018854359
BBI-108LYS-112TYR-1,-0.0006229634
BBI-108TYR-129TRP-1,-0.0015455512
BBI-112SER-115ALA-2,-0.0010727366
BBI-121VAL-155THR-2,-0.0022685209
BBI-171ALA-175GLU-1,-0.0001765743
BBI-197TYR-201LEU-2,-0.0009946272
BBI-228ARG-232GLU-1,-0.0014674476
HBC1-FaNNFaNN-10.0,-0.0
HBC1-FaNNFaNN-3.7,-0.0229443642
HBC1-FaNNFaNN-3.9,-0.0151231868
HBC1-FaONFaNN-10.0,-0.0
HBC1-FaONFaNN-3.7,-0.017517723
HBC1-FaONFaNN-3.8,-0.0141390562
HBC1-FaONFaNN-4.0,-0.0084894059
HBC1-FaONFaNN-4.1,-0.0063420939
HBC1-FaONFaNN-4.2,-0.0046460657
HBC1-FaONFaNN-4.3,-0.0033530178
HBC1-FaONFaNN-4.6,-0.0011936546
HBC1-FaONFaNN-4.8,-0.0005860113
HBC1-FaONFaNN-5.0,-0.0002865912
HBC1-FaONFaNN-5.4,-6.96074e-05
HBC1-FaONFaNN-5.8,-1.74898e-05
HBC1-FaONFaNN-6.4,-2.2091e-06
HBC1-FaONFaNN-7.0,-2.57e-07
HBC1-FaONFaNN-8.0,-6.1e-09
HBC1-FaONFaON-10.0,-0.0
HBC1-FaONFaON-3.4,-0.0189470919
HBC1-FaONFaON-3.5,-0.0174443377
HBC1-FaONFaON-3.6,-0.0150063906
HBC1-FaONFaON-3.7,-0.0123124535
HBC1-FaONFaON-3.8,-0.009711184
HBC1-FaONFaON-3.9,-0.0073926661
HBC1-FaONFaON-4.0,-0.0054511832
HBC1-FaONFaON-4.1,-0.0039127245
HBC1-FaONFaON-4.2,-0.0027493292
HBC1-FaONFaON-4.3,-0.001903113
HBC1-FaONFaON-4.4,-0.001305192
HBC1-FaONFaON-4.6,-0.0006073884
HBC1-FaONFaON-4.8,-0.000283338
HBC1-FaONFaON-5.0,-0.0001337784
HBC1-FaONFaON-5.4,-3.13255e-05
HBC1-FaONFaON-5.8,-7.6352e-06
HBC1-FaONFaON-6.4,-8.975e-07
HBC1-FaONFaON-7.0,-9.69e-08
HBC1-FaONFaON-8.0,-2.5e-09
HBC1-FaOOFaNN-3.6,-0.0239119601
HBC1-FaOOFaNN-3.8,-0.0131238884
HBC1-FaOOFaNN-4.0,-0.0070186892
HBC1-FaOOFaNN-4.2,-0.0035230903
HBC1-FaOOFaNN-4.4,-0.0016906445
HBC1-FaOOFaNN-4.6,-0.0008003451
HBC1-FaOOFaNN-5.0,-0.0001856844
HBC1-FaOOFaNN-5.8,-1.19804e-05
HBC1-FaOOFaNN-6.4,-1.5409e-06
HBC1-FaOOFaNN-7.0,-1.788e-07
HBC1-FaOOFaON-10.0,-0.0
HBC1-FaOOFaON-3.4,-0.0205881908
HBC1-FaOOFaON-3.5,-0.0171301148
HBC1-FaOOFaON-3.6,-0.0136665682
HBC1-FaOOFaON-3.7,-0.0105298631
HBC1-FaOOFaON-3.8,-0.0078646352
HBC1-FaOOFaON-3.9,-0.0057122066
HBC1-FaOOFaON-4.0,-0.0040526694
HBC1-FaOOFaON-4.1,-0.002826187
HBC1-FaOOFaON-4.2,-0.0019504691
HBC1-FaOOFaON-4.3,-0.0013396323
HBC1-FaOOFaON-4.4,-0.0009189194
HBC1-FaOOFaON-4.6,-0.0004334383
HBC1-FaOOFaON-4.8,-0.0002059625
HBC1-FaOOFaON-5.0,-9.89282e-05
HBC1-FaOOFaON-5.4,-2.37626e-05
HBC1-FaOOFaON-5.8,-5.87e-06
HBC1-FaOOFaON-6.4,-6.894e-07
HBC1-FaOOFaON-7.0,-7.28e-08
HBC1-FaOOFaON-8.0,-1.8e-09
HBC1-FaOOFaOO-10.0,-0.0
HBC1-FaOOFaOO-3.4,-0.0215661573
HBC1-FaOOFaOO-3.5,-0.0164394746
HBC1-FaOOFaOO-3.6,-0.0122842094
HBC1-FaOOFaOO-3.7,-0.0089817701
HBC1-FaOOFaOO-3.8,-0.0064228739
HBC1-FaOOFaOO-3.9,-0.004499422
HBC1-FaOOFaOO-4.0,-0.0031002642
HBC1-FaOOFaOO-4.1,-0.0021127377
HBC1-FaOOFaOO-4.2,-0.0014318243
HBC1-FaOOFaOO-4.3,-0.0009694623
HBC1-FaOOFaOO-4.4,-0.000657972
HBC1-FaOOFaOO-4.6,-0.000307441
HBC1-FaOOFaOO-4.8,-0.0001469359
HBC1-FaOOFaOO-5.0,-7.17739e-05
HBC1-FaOOFaOO-5.4,-1.79226e-05
HBC1-FaOOFaOO-5.8,-4.525e-06
HBC1-FaOOFaOO-6.4,-5.343e-07
HBC1-FaOOFaOO-7.0,-5.6e-08
HBC1-FaOOFaOO-8.0,-1.5e-09
HSG-11,-0.0003163411
HSG-12,-0.00119716
HSG-13,-0.0005379328
HSG-17,-0.0006932494
HSG-3,-0.0003925418
HSG-4,-0.003693344
HSG-6,-0.0004945359
HSG-7,-0.0002783413
HSG-8,-0.000464206
JSCH-10,-0.0045785009
JSCH-100,-0.0006781928
JSCH-101,-0.0015335351
JSCH-102,-0.0010006555
JSCH-103,-0.0015178796
JSCH-104,-0.0008217643
JSCH-106,-0.0007834197
JSCH-108,-0.0007351848
JSCH-109,-0.0007562838
JSCH-110,-0.0009913835
JSCH-111,-0.0013812452
JSCH-112,-0.0011524114
JSCH-113,-0.0010720148
JSCH-114,-0.0024664781
JSCH-121,-0.001560697
JSCH-124,-0.0010835087
JSCH-14,-0.0075091655
JSCH-15,-0.0017280643
JSCH-18,-0.0065788997
JSCH-19,-0.0045177961
JSCH-23,-0.0061819363
JSCH-25,-0.0049361997
JSCH-26,-0.0065052722
JSCH-30,-0.0044278425
JSCH-39,-8.935e-05
JSCH-40,-2.32258e-05
JSCH-41,-0.0003916121
JSCH-43,-1.8531e-06
JSCH-44,-0.0001144466
JSCH-45,-0.0007559577
JSCH-46,-2.04722e-05
JSCH-52,-8.3687e-06
JSCH-55,-1.07143e-05
NBC1-BzBz_PD32-0.2,-0.0040399605
NBC1-BzMe-3.3,-0.0016753715
NBC1-BzMe-3.7,-0.0004874666
NBC1-MeMe-3.2,-0.0005663252
NBC1-MeMe-3.3,-0.0003921618
NBC1-MeMe-3.4,-0.0002712739
NBC1-MeMe-3.5,-0.0001875138
NBC1-MeMe-3.6,-0.0001295685
NBC1-MeMe-3.7,-8.95333e-05
NBC1-MeMe-3.8,-6.18986e-05
NBC1-MeMe-3.9,-4.28346e-05
NBC1-MeMe-4.0,-2.96853e-05
NBC1-MeMe-4.1,-2.06129e-05
NBC1-MeMe-4.2,-1.43484e-05
NBC1-MeMe-4.3,-1.00173e-05
NBC1-MeMe-4.4,-7.0174e-06
NBC1-MeMe-4.6,-3.4847e-06
NBC1-MeMe-4.8,-1.7617e-06
NBC1-MeMe-5.0,-9.081e-07
NBC1-MeMe-5.4,-2.556e-07
NBC1-MeMe-5.8,-7.68e-08
S22-1,-0.0007013668
S22-10,-0.000438622
S22-11,-0.0013424363
S22-12,-0.0013099589
S22-16,-0.0003888847
S22-17,-0.0004340328
S22-18,-0.0004174667
S22-19,-0.0006978736
S22-2,-0.0012239006
S22-20,-0.0007629951
S22-21,-0.0010129035
S22-22,-0.0014292838
S22-3,-0.006404264
S22-4,-0.0047654
S22-5,-0.0054772552
S22-6,-0.0060764867
S22-8,-8.03697e-05
S22-9,-0.0003663976
S22by7-1-0.7,-0.0114406062
S22by7-1-0.8,-0.0045322272
S22by7-1-0.9,-0.0017807754
S22by7-1-1.0,-0.0007013668
S22by7-1-1.2,-0.0001141505
S22by7-1-1.5,-8.9958e-06
S22by7-1-2.0,-1.656e-07
S22by7-10-0.8,-0.0022306026
S22by7-11-0.7,-0.0282522103
S22by7-12-0.9,-0.003871325
S22by7-13-0.8,-0.0132124511
S22by7-13-2.0,-5.29e-08
S22by7-15-1.5,-1.22606e-05
S22by7-17-0.7,-0.0045433193
S22by7-17-0.8,-0.0021230661
S22by7-17-1.2,-8.34568e-05
S22by7-18-1.0,-0.000417467
S22by7-18-1.2,-7.73578e-05
S22by7-18-2.0,-1.034e-07
S22by7-2-0.7,-0.0127061562
S22by7-2-0.8,-0.0058064501
S22by7-2-0.9,-0.0026579806
S22by7-2-1.0,-0.0012239006
S22by7-2-1.2,-0.0002687598
S22by7-2-1.5,-3.09878e-05
S22by7-2-2.0,-9.396e-07
S22by7-22-0.7,-0.0115615373
S22by7-22-0.8,-0.0056517437
S22by7-22-0.9,-0.0028109316
S22by7-22-1.0,-0.0014292838
S22by7-22-1.2,-0.000398057
S22by7-22-1.5,-6.82145e-05
S22by7-22-2.0,-4.331e-06
S22by7-3-0.7,-0.0480661392
S22by7-3-0.8,-0.0244845926
S22by7-3-0.9,-0.0124942743
S22by7-3-1.2,-0.0017258145
S22by7-3-1.5,-0.0002671185
S22by7-3-2.0,-1.49857e-05
S22by7-4-0.7,-0.0418670855
S22by7-4-0.8,-0.0202343246
S22by7-4-0.9,-0.0098003725
S22by7-4-1.0,-0.0047654
S22by7-4-1.2,-0.0011567137
S22by7-4-1.5,-0.0001537508
S22by7-4-2.0,-6.3707e-06
S22by7-5-0.7,-0.0460264636
S22by7-5-1.0,-0.0054772601
S22by7-6-0.9,-0.0120293556
S22by7-6-1.0,-0.0060764763
S22by7-6-1.2,-0.0015763196
S22by7-8-0.7,-0.0047818679
S22by7-8-0.8,-0.00124917
S22by7-8-0.9,-0.0003186645
S22by7-8-1.0,-8.03697e-05
S22by7-8-1.2,-5.3837e-06
S22by7-8-1.5,-1.417e-07
S22by7-8-2.0,-6e-10
S22by7-9-0.7,-0.0135822741
S22by7-9-0.8,-0.0042818196
S22by7-9-0.9,-0.0012777809
S22by7-9-1.2,-2.93506e-05
S22by7-9-1.5,-8.912e-07
S22by7-9-2.0,-7.1e-09
S66-1,-0.0011325258
S66-10,-0.0012665157
S66-11,-0.0012491202
S66-12,-0.0024540273
S66-13,-0.0010979338
S66-14,-0.0023030786
S66-15,-0.0019211689
S66-16,-0.0008406242
S66-17,-0.0050035519
S66-18,-0.0021704416
S66-19,-0.0024386079
S66-2,-0.0013884234
S66-20,-0.0062768402
S66-23,-0.0053985082
S66-24,-0.0009267121
S66-29,-0.0011852513
S66-3,-0.0023818589
S66-30,-0.0006726637
S66-31,-0.000706807
S66-32,-0.0006824207
S66-33,-0.0007100794
S66-34,-0.0009797641
S66-35,-0.0006861533
S66-36,-0.0004553947
S66-37,-0.0006847252
S66-38,-0.0007884543
S66-4,-0.0019825827
S66-40,-0.0007382004
S66-41,-0.0009506861
S66-42,-0.000801836
S66-44,-0.0005425577
S66-45,-0.000507187
S66-47,-0.0006716885
S66-48,-0.0007422926
S66-5,-0.0014477222
S66-51,-0.0003663614
S66-59,-0.0005085492
S66-6,-0.0027108804
S66-60,-0.0011186631
S66-66,-0.0009580043
S66-7,-0.0020667732
S66-8,-0.0011615251
S66-9,-0.0007772069
SSI-001LEU-154LEU-1,-0.0003194393
SSI-003THR-182GLU-1,-0.0005863861
SSI-003TYR-056ALA-1,-0.0005931255
SSI-004LEU-031TYR-1,-0.0002381331
SSI-005LEU-010TRP-1,-0.0001732697
SSI-005LEU-015LYS-1,-0.000108625
SSI-005PHE-163LEU-1,-0.0004401521
SSI-006GLU-010TYR-1,-0.0005394945
SSI-007THR-031LYS-1,-0.0004665859
SSI-009ARG-128ARG-2,-0.0002519432
SSI-009GLN-068ILE-1,-0.0001407617
SSI-009VAL-025ILE-1,-0.0003109015
SSI-013LEU-065PHE-1,-0.001070052
SSI-015ILE-034LEU-1,-0.0002186471
SSI-016LEU-062LEU-1,-0.0004984579
SSI-019VAL-075LEU-1,-0.0002479165
SSI-022GLN-058GLU-1,-0.000897082
SSI-023ASP-057ARG-1,-0.0036380485
SSI-023GLU-028LEU-1,-0.0004628615
SSI-024LEU-260ILE-1,-0.0002991965
SSI-024LYS-069TYR-2,-0.0006149484
SSI-025SER-075ASP-1,-0.0003850432
SSI-029PHE-103HIE-1,-0.0003683946
SSI-031PHE-095TYR-1,-0.0005495063
SSI-034ASP-037PHE-1,-0.000659929
SSI-034TYR-143MET-1,-0.0008076179
SSI-035ALA-065LEU-1,-0.0002386012
SSI-036ARG-162GLN-1,-0.0011700799
SSI-038PHE-046ARG-1,-0.0003922982
SSI-039THR-046THR-1,-0.0025146975
SSI-039THR-077LEU-1,-0.0002825118
SSI-041ILE-107PHE-2,-0.0002349211
SSI-043LEU-055THR-1,-0.0002670412
SSI-043TYR-048GLN-1,-0.0001954079
SSI-048LYS-082ILE-1,-0.0003408676
SSI-049GLU-080ARG-1,-0.0011358026
SSI-051VAL-104ILE-1,-0.0002345021
SSI-052ILE-056GLN-1,-0.0001798957
SSI-058TRP-180SER-1,-0.000263006
SSI-059PHE-118THR-1,-0.0010150458
SSI-062ILE-105TYR-1,-0.0003579327
SSI-065THR-069ILE-1,-0.0002608272
SSI-068ARG-072THR-1,-0.00073168
SSI-068HIE-075LYS-1,-0.0003904817
SSI-070MET-075ILE-1,-0.0008481324
SSI-075LEU-111LEU-2,-0.0004500572
SSI-079ASP-135ILE-1,-0.000274571
SSI-083LEU-088TYR-2,-0.0002754532
SSI-084TYR-089ASP-1,-0.0004860109
SSI-091LYS-140SER-2,-0.0007195633
SSI-095TYR-106TYR-1,-0.0014189264
SSI-113ILE-185VAL-1,-0.0007660035
SSI-115ASP-156ASP-1,-0.0030859591
SSI-115GLU-123PRO-1,-0.0002399725
SSI-126LEU-162PHE-1,-0.00030065
SSI-130VAL-185PHE-1,-0.0003208088
SSI-131ASP-182PHE-1,-0.000486944
SSI-131THR-149LEU-1,-0.0001977605
SSI-136SER-144ARG-1,-0.0015090343
SSI-153PHE-163LEU-1,-0.0002910508
SSI-158VAL-205TYR-1,-0.0004327897
SSI-165TYR-208ILE-1,-0.0002228566
SSI-175LEU-233ALA-1,-0.0003911033
SSI-189THR-199LYS-1,-0.0007163726
SSI-193HIE-248MET-1,-0.0005800145
UBQ-ala28-asp32,-0.0014021963
UBQ-ala46-lys48,-0.0001388569
UBQ-arg42-val70,-0.0031237794
UBQ-asn25-lys29,-0.0011509237
UBQ-asp21-leu56,-0.0007315442
UBQ-gln2-glu64-small,-0.0016857545
UBQ-gln31-gly35,-0.0021923312
UBQ-gln62-ser65,-0.0058889998
UBQ-glu16-lys29,-0.0019856861
UBQ-glu18-asp21-C,-0.0022113827
UBQ-glu18-asp21-N,-0.0014228029
UBQ-ile13-leu15,-0.0002021459
UBQ-ile13-lys33,-0.0009658793
UBQ-ile3-leu15,-0.0003211232
UBQ-ile3-leu15-big,-0.0012209147
UBQ-ile3-leu15-part1,-0.0006651257
UBQ-ile3-leu15-part2,-0.0006436349
UBQ-ile3-leu67,-0.0002400365
UBQ-ile3-val17,-0.0003809506
UBQ-ile36-leu71,-0.0005785647
UBQ-ile44-gly47,-8.12948e-05
UBQ-ile44-his68,-0.0041820981
UBQ-ile44-his68-big,-0.0004760835
UBQ-ile44-his68-small,-0.0004755918
UBQ-ile61-leu67,-0.0003132383
UBQ-leu15-ile30,-0.0003101684
UBQ-leu43-leu50,-0.0016039484
UBQ-leu50-tyr59,-0.0006163694
UBQ-leu56-ile61np,-0.0005887514
UBQ-leu56-ile61p,-0.0001624878
UBQ-leu56-tyr59,-0.0004271476
UBQ-leu71-leu73,-0.0002044479
UBQ-lys11-glu34,-0.000667495
UBQ-lys27-asp52,-0.0016649935
UBQ-met1-val17-mono,-0.0014629879
UBQ-phe4-thr12,-0.0003724367
UBQ-phe4-thr14,-0.0006488066
UBQ-phe45-ile61,-0.0005755149
UBQ-pro19-ser57,-0.0018598595
UBQ-pro37-gln40,-0.0009194391
UBQ-ser57-asn60,-0.0015443488
UBQ-thr14-lys33,-0.0001046791
UBQ-thr22-asn25,-0.000493309
UBQ-thr22-thr55-big,-0.0037994808
UBQ-thr22-thr55-small,-0.0005819415
UBQ-thr22-val26,-0.000578517
UBQ-thr55-asp58-backbone,-0.0003660898
UBQ-thr55-asp58-sidechain,-0.001469984
UBQ-thr55-asp58-sidechain-small,-0.0010544979
UBQ-thr7-ile13,-3.22956e-05
UBQ-thr7-lys11,-0.0011540596
UBQ-thr7-thr9-v2,-0.000132018
UBQ-tyr59-ile61,-0.000300574
UBQ-val17-leu56,-0.0004143993
UBQ-val26-leu56,-0.0005547855
UBQ-val5-leu15,-0.0005169615
UBQ-val5-leu69,-0.0003389367
