File,SAPT Coulomb,Undamped Coulomb,SAPT - Undamped
A24-1,-0.017522170624,-0.0157159598999999,-0.001806210724000102
A24-2,-0.012535733644,-0.0110782901,-0.0014574435439999988
A24-5,-0.00755216518,-0.0059652015,-0.0015869636800000001
A24-7,-0.001512026656,-0.0010172153999999,-0.0004948112560001
A24-8,-0.001109796968,-0.0006909986,-0.000418798368
A24-9,-0.010416378406,-0.0084496964999999,-0.0019666819060000992
A24-10,-0.00550117624,-0.0052268988,-0.00027427743999999983
A24-13,-0.00267011031,-0.0022241487,-0.0004459616100000001
A24-14,-0.001363023186,-0.0002453351,-0.001117688086
A24-15,-0.0006702765719999,-0.0004330499,-0.00023722667199989995
A24-16,-0.002408597268,-0.0008278366,-0.001580760668
A24-17,-0.00057529682,-7.504990000000003e-05,-0.00050024692
A24-18,-0.00037529751,-9.144240000000004e-05,-0.00028385510999999995
A24-19,-0.000326054652,-7.07747e-05,-0.00025527995199999996
A24-23,-0.000888124426,0.0020646712,-0.0029527956260000003
S22-1,-0.007791845628,-0.0060988366,-0.0016930090279999995
S22-2,-0.012910234344,-0.0113321974999999,-0.0015780368440001004
S22-3,-0.051345798952,-0.0434768918,-0.007868907151999997
S22-4,-0.0404124502179999,-0.033503556,-0.006908894217999902
S22-5,-0.047472664904,-0.0412098096,-0.0062628553039999965
S22-6,-0.042882879942,-0.0347306821999999,-0.0081521977420001
S22-8,-0.0002403178959999,-7.687459999999998e-05,-0.0001634432959999
S22-9,-0.001799834428,-0.0009634983,-0.000836336128
S22-10,-0.001534177974,-0.0002023254999999,-0.0013318524740001001
S22-11,-0.00404859161,0.0036327647999999,-0.0076813564099999
S22-12,-0.006798064196,-0.0008675010999999,-0.0059305630960001
S22-16,-0.002824054002,-0.0030124924,0.00018843839800000012
S22-17,-0.0043263595759999,-0.0046910783,0.0003647187240001003
S22-18,-0.002775129868,-0.0024277556,-0.0003473742679999999
S22-19,-0.006119819524,-0.0045763662999999,-0.0015434532240001
S22-20,-0.00318803681,-0.0014857727,-0.0017022641099999998
S22-21,-0.00676810414,-0.0078319615,0.00106385736
S22-22,-0.013653817436,-0.0101464463,-0.003507371136
S22by7-1-0.7,-0.043746143896,-0.0192893042,-0.024456839696
S22by7-1-0.8,-0.02357203023,-0.0126697642,-0.01090226603
S22by7-1-0.9,-0.0134818658379999,-0.0086503405,-0.0048315253379999
S22by7-1-1.0,-0.008285549104,-0.0060988366,-0.0021867125039999992
S22by7-1-1.2,-0.003820066502,-0.0032740024999999,-0.0005460640020001004
S22by7-1-1.5,-0.0016463688219999,-0.0014867686,-0.0001596002219999
S22by7-1-2.0,-0.0005737032,-0.0005160747,-5.762850000000006e-05
S22by7-2-0.7,-0.0475765689279999,-0.0312374192,-0.016339149727999897
S22by7-2-0.8,-0.030419177922,-0.0213708258999999,-0.009048352022000099
S22by7-2-0.9,-0.020187340712,-0.0152933138,-0.004894026911999999
S22by7-2-1.0,-0.014075170564,-0.0113321974999999,-0.0027429730640000996
S22by7-2-1.2,-0.007763957278,-0.0067340644,-0.001029892878
S22by7-2-1.5,-0.003928751386,-0.0035504532,-0.0003782981859999997
S22by7-2-2.0,-0.0017327430259999,-0.0015504809,-0.00018226212599990006
S22by7-3-0.7,-0.14596842071,-0.1076513682,-0.03831705250999999
S22by7-3-0.8,-0.104182429414,-0.0771503567999999,-0.02703207261400009
S22by7-3-0.9,-0.073926278818,-0.0571951765,-0.016731102318
S22by7-3-1.2,-0.02997758582,-0.0265307165,-0.0034468693200000004
S22by7-3-1.5,-0.014708953238,-0.0139226646,-0.0007862886379999996
S22by7-3-2.0,-0.0057472311679999,-0.0056784447,-6.878646799989962e-05
S22by7-4-0.7,-0.128907284352,-0.0806087839,-0.048298500452
S22by7-4-0.8,-0.086100738808,-0.0580694179,-0.028031320907999993
S22by7-4-0.9,-0.058913422246,-0.0434740604999999,-0.0154393617460001
S22by7-4-1.0,-0.0418962698,-0.033503556,-0.0083927138
S22by7-4-1.2,-0.023812188764,-0.0211997021999999,-0.0026124865640001008
S22by7-4-1.5,-0.012429598552,-0.0119080171,-0.0005215814520000001
S22by7-4-2.0,-0.005625000514,-0.0055110903,-0.00011391021400000007
S22by7-5-0.7,-0.142082537702,-0.0937009162,-0.048381621502
S22by7-6-0.9,-0.06243643798,-0.0461064044999999,-0.016330033480000103
S22by7-6-1.0,-0.0438766613739999,-0.0347306621,-0.009145999273999901
S22by7-6-1.2,-0.023752587376,-0.020942717,-0.002809870376000001
S22by7-8-0.7,-0.011852708112,-0.0008874128,-0.010965295311999999
S22by7-8-0.8,-0.00322150283,-0.0003768735,-0.00284462933
S22by7-8-0.9,-0.000867407366,-0.0001662106999999,-0.0007011966660001
S22by7-8-1.0,-0.000222947438,-7.687459999999998e-05,-0.000146072838
S22by7-8-1.2,-5.57767e-06,-1.9078799999999987e-05,1.3501129999999987e-05
S22by7-8-1.5,2.231068e-06,-3.337999999999999e-06,5.569068e-06
S22by7-8-2.0,3.1872400000000004e-07,-3.987e-07,7.17424e-07
S22by7-9-0.7,-0.034938365518,-0.0065534155,-0.028384950018000003
S22by7-9-0.8,-0.012783541554,-0.003410219,-0.009373322553999999
S22by7-9-0.9,-0.004716637114,-0.0017998011,-0.002916836014
S22by7-9-1.2,-0.000338325526,-0.0002929329999999,-4.539252600010003e-05
S22by7-9-1.5,-5.035839200000001e-05,-5.81764e-05,7.818007999999994e-06
S22by7-9-2.0,-5.57767e-06,-5.417999999999998e-06,-1.596700000000025e-07
S22by7-10-0.8,-0.006556630766,1.1955999999999914e-05,-0.006568586766
S22by7-13-0.8,-0.073889625558,-0.0149436076999999,-0.05894601785800009
S22by7-15-1.5,-0.002480150806,-0.0022067133,-0.0002734375059999998
S22by7-17-0.7,-0.017089821518,-0.0082486089,-0.008841212618
S22by7-17-0.8,-0.010459246784,-0.0069328995999999,-0.0035263471840001007
S22by7-18-1.2,-0.001696886576,-0.0015796832,-0.00011720337599999998
S22by7-18-2.0,-0.000355536622,-0.0003488396999999,-6.696922000100011e-06
S22by7-22-0.7,-0.049543892818,-0.0266792321,-0.022864660718
S22by7-22-0.8,-0.031782201108,-0.0185527829,-0.013229418208000002
S22by7-22-0.9,-0.021016819922,-0.0134842514999999,-0.0075325684220001
S22by7-22-1.0,-0.01449556752,-0.0101464315999999,-0.004349135920000101
S22by7-22-1.2,-0.007741965322,-0.006196552,-0.0015454133220000003
S22by7-22-1.5,-0.003744688276,-0.0033480221,-0.0003966661760000001
S22by7-22-2.0,-0.001572424854,-0.0014652154999999,-0.0001072093540001001
ACHC-AC-3.2_____,-0.008893515134,-0.001082499,-0.007811016134
ACHC-AC-3.6_____,-0.001754734982,-0.0004096819,-0.001345053082
ACHC-AC-3.8_____,-0.00049800625,-0.0001931919,-0.00030481435000000005
ACHC-AC-4.0_____,0.0001317923739999,-3.365839999999982e-05,0.0001654507739998998
ACHC-AC-3.4___30__,-0.002974810454,0.0006398699,-0.0036146803539999998
ACHC-AC-3.4___60__,-0.002563656494,0.0024165809,-0.0049802373939999995
ACHC-AC-3.4___90__,-0.006345954202,-0.000731185,-0.005614769202
ACHC-AC-3.4___120__,-0.007353281404,-0.0015769892999999,-0.0057762921040001
ACHC-AC-3.4___150__,-0.008031366714,-0.0024069608,-0.005624405914
ACHC-AC-3.4___180__,-0.005697032138,0.000307869,-0.0060049011379999994
ACHC-AC-3.4_n1.6____,-0.005208906332,-7.001280000000845e-05,-0.005138893531999991
ACHC-AC-3.4_n1.2____,-0.00491791132,-6.43345000000072e-05,-0.004853576819999993
ACHC-AC-3.4_n0.4____,-0.00447886901,-0.0009504350999999,-0.0035284339100000997
ACHC-AC-3.4_0.4____,-0.003739269968,0.0003114106999999,-0.0040506806679999
ACHC-AC-3.4_0.8____,-0.00303983015,0.0016085327999999,-0.0046483629499999
ACHC-AC-3.4_1.2____,-0.002167482562,0.0025947120999999,-0.0047621946619999
ACHC-AC-3.4_2.0____,-0.000409879064,0.0030115379,-0.003421416964
ACHC-AC-3.4__n1.2___,-0.001047645788,0.0018909256,-0.0029385713880000002
ACHC-AC-3.4__n0.8___,-0.001985172434,0.0009685486,-0.002953721034
ACHC-AC-3.4__n0.4___,-0.003013376058,0.0002199851,-0.003233361158
ACHC-AC-3.4__0.4___,-0.0054548018979999,-0.0020085561999999,-0.0034462456979999995
ACHC-AC-3.4__0.8___,-0.0064924078799999,-0.0033757057,-0.0031167021799999
ACHC-AC-3.4__1.2___,-0.00703105144,-0.0041092634,-0.0029217880399999997
ACHC-AC-3.4__2.0___,-0.00650117279,-0.0028723576999999,-0.0036288150900001
ACHC-AC-3.6____n20_,-0.0103664981,-0.0030714544,-0.0072950437
ACHC-AC-3.6____n12_,-0.004914245994,-0.0015424122999999,-0.0033718336940001
ACHC-AC-3.6____4_,-0.001437126516,-0.0002604102,-0.001176716316
ACHC-AC-3.6_____n20,-0.006454479724,-0.0012894486999999,-0.005165031024000099
ACHC-AC-3.6_____n16,-0.004672015754,-0.0010368284999999,-0.0036351872540001003
ACHC-AC-3.6_____n12,-0.0034278766199999,-0.0008493748,-0.0025785018199999
ACHC-AC-3.6_____n8,-0.00258405483,-0.0007009466999999,-0.0018831081300000998
ACHC-AC-3.6_____n4,-0.002047164252,-0.0005636119,-0.001483552352
ACHC-AC-3.6_____4,-0.001666607796,-0.0002128339999999,-0.0014537737960000998
ACHC-AC-3.6_____12,-0.002025012934,0.0036360815,-0.005661094433999999
BBI-007VAL-041VAL-1,-0.0177304567579999,-0.0123968832,-0.005333573557999901
BBI-008TRP-251HIE-2,-0.01224378246,-0.0108715395,-0.0013722429600000006
BBI-012LEU-085ASP-1,-0.019010771066,-0.0149519785999999,-0.0040587924660001
BBI-015LEU-026LEU-1,-0.018079937624,-0.0136943272,-0.004385610423999998
BBI-017ASN-021LYS-2,-0.008722200984,-0.0084136911,-0.00030850988400000015
BBI-030TRP-178GLY-2,-0.013641865286,-0.0124459842,-0.0011958810859999999
BBI-033ASN-036TRP-2,0.0034858843879999,0.0054312379,-0.0019453535120001002
BBI-033VAL-115VAL-1,-0.015515643682,-0.0128607793,-0.002654864382000001
BBI-038ALA-041GLY-1,-0.0028701096199999,0.0006279045,-0.0034980141199999
BBI-040THR-049GLN-2,-0.015936837448,-0.0135264587,-0.002410378748
BBI-041GLY-045LEU-2,-0.013793896634,-0.0116901004999999,-0.0021037961340001007
BBI-044SER-047GLU-1,-0.006089062658,-0.0020820029,-0.004007059758
BBI-044TRP-054LEU-1,-0.017261135668,-0.0138308598999999,-0.0034302757680000993
BBI-061VAL-064TYR-2,-0.011717250412,-0.0090758765,-0.0026413739120000005
BBI-072THR-075PRO-1,-0.003866600206,0.0004850551999999,-0.0043516554059999
BBI-081LEU-084LYS-1,-0.003750265946,0.0006261877,-0.004376453646
BBI-084LEU-088MET-2,-0.01456807723,-0.0117435485,-0.002824528730000001
BBI-087LEU-090TYR-1,-0.014606961558,-0.0102555374,-0.004351424158
BBI-108LYS-112TYR-1,-0.01092665553,-0.0100901690999999,-0.0008364864300000989
BBI-108TYR-129TRP-1,-0.016111338838,-0.012939061,-0.0031722778379999986
BBI-112SER-115ALA-2,-0.004278550976,-0.0003043288,-0.0039742221760000005
BBI-121VAL-155THR-2,-0.01836328326,-0.0131473299,-0.005215953359999999
BBI-171ALA-175GLU-1,-0.001078402654,-0.0004357389,-0.0006426637539999999
BBI-197TYR-201LEU-2,-0.01189557649,-0.0101627911999999,-0.001732785290000101
BBI-228ARG-232GLU-1,-0.015699866154,-0.0124927878999999,-0.003207078254000101
HSG-3,0.000993303346,0.0040289115,-0.0030356081540000002
HSG-4,-0.037245449192,-0.0270369962999999,-0.010208452892000099
HSG-6,-0.005040460698,-0.0037733494,-0.0012671112979999997
HSG-7,-0.002445569252,-0.001379867,-0.0010657022520000003
HSG-8,-9.2111236e-05,0.0033511653,-0.003443276536
HSG-11,-0.007799654366,-0.0075452641999999,-0.0002543901660001001
HSG-12,-0.002762699632,-0.0002862352,-0.0024764644320000003
HSG-13,-0.002080311548,-0.0004093707999999,-0.0016709407480001001
HSG-17,-0.001673141638,0.0004479927999999,-0.0021211344379999
NBC1-BzMe-3.3,-0.004981178034,-0.0001516253,-0.004829552734
NBC1-BzMe-3.7,-0.001678241222,-0.0002484808999999,-0.0014297603220001
NBC1-MeMe-3.2,-0.001669157588,-0.0002059377999999,-0.0014632197880001
NBC1-MeMe-3.3,-0.001167167288,-0.0001642947,-0.001002872588
NBC1-MeMe-3.4,-0.000812586838,-0.0001313992999999,-0.0006811875380001
NBC1-MeMe-3.5,-0.000562866584,-0.0001053585,-0.000457508084
NBC1-MeMe-3.6,-0.000387409022,-8.469570000000004e-05,-0.00030271332199999993
NBC1-MeMe-3.7,-0.000264700282,-6.825990000000005e-05,-0.00019644038199999995
NBC1-MeMe-3.8,-0.0001789635259999,-5.515239999999998e-05,-0.0001238111259999
NBC1-MeMe-3.9,-0.0001193621379999,-4.467220000000002e-05,-7.468993799989998e-05
NBC1-MeMe-4.0,-7.808738e-05,-3.62705e-05,-4.181688e-05
NBC1-MeMe-4.1,-4.9720944e-05,-2.9517299999999982e-05,-2.0203644000000018e-05
NBC1-MeMe-4.2,-3.027878e-05,-2.4074699999999985e-05,-6.204080000000016e-06
NBC1-MeMe-4.3,-1.7211096e-05,-1.9677299999999995e-05,2.4662039999999944e-06
NBC1-MeMe-4.4,-8.446186e-06,-1.6115500000000012e-05,7.669314000000011e-06
NBC1-MeMe-4.6,1.115534e-06,-1.08688e-05,1.1984334e-05
NBC1-MeMe-4.8,4.78086e-06,-7.377299999999998e-06,1.2158159999999999e-05
NBC1-MeMe-5.0,5.896394e-06,-5.033399999999998e-06,1.0929793999999999e-05
NBC1-MeMe-5.4,5.099584000000001e-06,-2.365699999999997e-06,7.465283999999997e-06
NBC1-MeMe-5.8,3.665326e-06,-1.1122000000000012e-06,4.7775260000000016e-06
NBC1-BzBz_PD32-0.2,-0.010979404352,0.0107836280999999,-0.0217630324519999
SSI-001LEU-154LEU-1,-0.001043343014,-2.3133499999999988e-05,-0.001020209514
SSI-003THR-182GLU-1,-0.003194251928,-0.0008887883999999,-0.0023054635280001
SSI-003TYR-056ALA-1,-0.002422461762,-0.0016192237,-0.0008032380619999999
SSI-004LEU-031TYR-1,-0.000711710692,2.7698400000000185e-05,-0.0007394090920000002
SSI-005LEU-010TRP-1,-0.000629001814,-0.0003086417999999,-0.0003203600140001
SSI-005LEU-015LYS-1,-0.000371791546,2.449389999999998e-05,-0.00039628544599999997
SSI-005PHE-163LEU-1,-0.001682703358,0.0008218914,-0.002504594758
SSI-006GLU-010TYR-1,-0.002615608506,-0.0014076247999999,-0.0012079837060000999
SSI-007THR-031LYS-1,-0.001402704324,-4.615939999999999e-05,-0.001356544924
SSI-009ARG-128ARG-2,0.1002488971679999,0.1015906469,-0.0013417497320001026
SSI-009GLN-068ILE-1,-0.0003182459139999,0.0003542037999999,-0.0006724497139998
SSI-009VAL-025ILE-1,-0.001038721516,3.340580000000001e-05,-0.001072127316
SSI-013LEU-065PHE-1,-0.003917436684,0.0016672427999999,-0.0055846794839998996
SSI-015ILE-034LEU-1,-0.000583743006,3.487690000000003e-05,-0.0006186199060000001
SSI-016LEU-062LEU-1,-0.001674416534,5.554210000000005e-05,-0.001729958634
SSI-019VAL-075LEU-1,-0.0006669299699999,3.4196900000000005e-05,-0.0007011268699999
SSI-022GLN-058GLU-1,-0.00429719633,-0.0002926680999999,-0.0040045282300001
SSI-023ASP-057ARG-1,-0.177265205166,-0.1728418677,-0.004423337465999988
SSI-023GLU-028LEU-1,-0.0012296371919999,0.0002522542999999,-0.0014818914919998
SSI-024LEU-260ILE-1,-0.000925255772,-2.55306e-05,-0.0008997251719999999
SSI-024LYS-069TYR-2,-0.007667224544,-0.0065321783,-0.0011350462439999997
SSI-025SER-075ASP-1,0.007664356028,0.0101857432,-0.002521387172
SSI-029PHE-103HIE-1,-0.000121433844,0.0024796307,-0.0026010645439999997
SSI-031PHE-095TYR-1,-0.002899432228,-0.0008815061999999,-0.0020179260280001
SSI-034ASP-037PHE-1,-0.002196327084,0.0010331165,-0.003229443584
SSI-034TYR-143MET-1,-0.004078551666,-0.0033716998999999,-0.0007068517660000998
SSI-035ALA-065LEU-1,-0.000771790166,-0.0001020397999999,-0.0006697503660001
SSI-036ARG-162GLN-1,-0.027143810736,-0.02651053,-0.0006332807360000005
SSI-038PHE-046ARG-1,-0.001616568128,0.000173389,-0.001789957128
SSI-039THR-046THR-1,-0.019882959292,-0.0144425839,-0.005440375391999999
SSI-039THR-077LEU-1,-0.000850355632,8.224100000000001e-06,-0.0008585797319999999
SSI-041ILE-107PHE-2,-0.001064378798,-0.0001264519,-0.000937926898
SSI-043LEU-055THR-1,-0.000827248142,8.425099999999998e-05,-0.0009114991419999999
SSI-043TYR-048GLN-1,-0.002047323614,0.0020532506999999,-0.0041005743139999
SSI-048LYS-082ILE-1,-0.001158880464,0.0001436621,-0.001302542564
SSI-049GLU-080ARG-1,-0.137195223886,-0.1370178589,-0.0001773649859999893
SSI-051VAL-104ILE-1,-0.000767965478,3.421720000000003e-05,-0.0008021826780000001
SSI-052ILE-056GLN-1,-0.001185175194,-0.000383831,-0.0008013441939999999
SSI-058TRP-180SER-1,-0.001044139824,0.0005524198,-0.001596559624
SSI-059PHE-118THR-1,-0.00345656178,-0.0002184224999999,-0.0032381392800000996
SSI-062ILE-105TYR-1,-0.001117446344,0.0001844716999999,-0.0013019180439998999
SSI-065THR-069ILE-1,-0.00090517616,-2.2341699999999976e-05,-0.00088283446
SSI-068ARG-072THR-1,-0.01888519381,-0.0173853119999999,-0.0014998818100000998
SSI-068HIE-075LYS-1,-0.0113123115699999,-0.0099111585999999,-0.0014011529699999997
SSI-070MET-075ILE-1,-0.0025749711959999,1.0737699999999889e-05,-0.0025857088959999
SSI-075LEU-111LEU-2,-0.001340075058,2.8755e-05,-0.0013688300580000001
SSI-079ASP-135ILE-1,-0.0009517098639999,0.0003676746,-0.0013193844639999
SSI-083LEU-088TYR-2,-0.001124458272,0.0004797365,-0.0016041947720000001
SSI-084TYR-089ASP-1,0.0023950514979999,0.0054509087,-0.0030558572020000997
SSI-091LYS-140SER-2,-0.023066533966,-0.0229384354,-0.00012809856600000044
SSI-095TYR-106TYR-1,-0.012474219912,-0.0052037769999999,-0.0072704429120001
SSI-113ILE-185VAL-1,-0.002402860236,-0.0001109591,-0.002291901136
SSI-115ASP-156ASP-1,0.131104408246,0.1506207994,-0.019516391154
SSI-115GLU-123PRO-1,-0.000862626506,-2.6092099999999967e-05,-0.000836534406
SSI-126LEU-162PHE-1,-0.00108764565,-0.0003275109,-0.0007601347499999999
SSI-130VAL-185PHE-1,-0.001026450642,-0.0002597613999999,-0.0007666892420001
SSI-131ASP-182PHE-1,-0.00024462067,0.0027352162999999,-0.0029798369699999
SSI-131THR-149LEU-1,-0.000647965892,-4.414350000000001e-05,-0.000603822392
SSI-136SER-144ARG-1,-0.02318956143,-0.0211919582999999,-0.001997603130000098
SSI-153PHE-163LEU-1,-0.001056729422,-0.0006352806,-0.000421448822
SSI-158VAL-205TYR-1,-0.001427405434,-0.0002078804,-0.001219525034
SSI-165TYR-208ILE-1,-0.00079282595,0.0001930976999999,-0.0009859236499999
SSI-175LEU-233ALA-1,-0.00118166923,5.9736e-05,-0.0012414052299999998
SSI-189THR-199LYS-1,-0.002919352478,0.0004447299999999,-0.0033640824779999
SSI-193HIE-248MET-1,-0.0018680413639999,-0.0001933335,-0.0016747078639999002
UBQ-ala28-asp32,-0.018684875776,-0.0140424073,-0.004642468476
UBQ-ala46-lys48,-0.038584568078,-0.0371809374,-0.0014036306779999994
UBQ-arg42-val70,-0.033892632074,-0.0242379064,-0.009654725674000001
UBQ-asn25-lys29,-0.016339067136,-0.0127067407999999,-0.003632326336000101
UBQ-asp21-leu56,-0.014734929244,-0.0118306373,-0.0029042919439999995
UBQ-gln2-glu64-small,-0.019009336808,-0.0134126973,-0.0055966395079999984
UBQ-gln31-gly35,-0.0201709264259999,-0.0139413054999999,-0.006229620926000001
UBQ-gln62-ser65,-0.044725104662,-0.0308658766,-0.013859228061999997
UBQ-glu16-lys29,-0.037636045454,-0.031749823,-0.005886222453999994
UBQ-glu18-asp21-C,-0.018095714462,-0.0118004412,-0.006295273262
UBQ-glu18-asp21-N,-0.021246619926,-0.0162738216,-0.004972798326000002
UBQ-ile13-leu15,-0.000629161176,-2.395379999999998e-05,-0.000605207376
UBQ-ile13-lys33,-0.002225968416,0.0003660078999999,-0.0025919763159999
UBQ-ile3-leu15-big,-0.021138731852,-0.0165156279,-0.004623103952
UBQ-ile3-leu15-part1,-0.0139107089799999,-0.0113625501,-0.0025481588799998994
UBQ-ile3-leu15-part2,-0.013695092194,-0.0112923917,-0.0024027004940000013
UBQ-ile3-leu15,-0.000673941898,9.423350000000004e-05,-0.0007681753980000001
UBQ-ile3-leu67,-0.000660874214,-2.313300000000003e-05,-0.000637741214
UBQ-ile3-val17,-0.001035374914,-2.2339399999999988e-05,-0.001013035514
UBQ-ile36-leu71,-0.001417843714,-0.0001683902,-0.0012494535139999999
UBQ-ile44-gly47,-0.000619280732,-0.0002747545,-0.00034452623200000005
UBQ-ile44-his68-big,-0.000904698074,8.315740000000005e-05,-0.000987855474
UBQ-ile44-his68-small,-0.000879040792,8.795140000000001e-05,-0.000966992192
UBQ-ile44-his68,-0.04065563663,-0.0307263357,-0.00992930093
UBQ-ile61-leu67,-0.00084621222,-0.0001003383,-0.00074587392
UBQ-leu15-ile30,-0.00072669072,-2.5717800000000064e-05,-0.00070097292
UBQ-leu43-leu50,-0.01936965429,-0.0143454943999999,-0.0050241598900001
UBQ-leu50-tyr59,-0.002023419314,0.0031705099,-0.005193929214
UBQ-leu56-ile61np,-0.001438720136,5.543099999999998e-05,-0.0014941511359999999
UBQ-leu56-ile61p,-0.008163796536,-0.00734311,-0.0008206865360000006
UBQ-leu56-tyr59,-0.007528579604,-0.0057505805,-0.0017779991040000002
UBQ-leu71-leu73,-0.000501830938,-4.40932e-05,-0.00045773773800000003
UBQ-lys11-glu34,-0.1524899918359999,-0.1490878017,-0.003402190135999905
UBQ-lys27-asp52,-0.167933922618,-0.1636367644,-0.004297158218000002
UBQ-met1-val17-mono,-0.018700493252,-0.0145174239,-0.004183069352
UBQ-phe4-thr12,-0.000939917076,0.0002145643,-0.001154481376
UBQ-phe4-thr14,-0.00174979476,0.0004966028,-0.00224639756
UBQ-phe45-ile61,-0.002182303228,-0.0030686246,0.0008863213720000001
UBQ-pro19-ser57,-0.017601214176,-0.0126780709,-0.004923143276
UBQ-pro37-gln40,-0.013779394692,-0.0106972053,-0.0030821893919999992
UBQ-ser57-asn60,-0.01720711195,-0.0125919339,-0.00461517805
UBQ-thr14-lys33,-0.021616180404,-0.0203844397,-0.0012317407039999992
UBQ-thr22-asn25,-0.009344668956,-0.0077291362,-0.0016155327559999998
UBQ-thr22-thr55-big,-0.045113310494,-0.0336974684,-0.011415842093999998
UBQ-thr22-thr55-small,2.1035784e-05,0.0011264984999999,-0.0011054627159999
UBQ-thr22-val26,-0.012380993142,-0.0104921435999999,-0.0018888495420001008
UBQ-thr55-asp58-backbone,-0.008167780586,-0.0068908007,-0.001276979886
UBQ-thr55-asp58-sidechain-small,-0.0306692169,-0.0274630582,-0.0032061586999999996
UBQ-thr55-asp58-sidechain,-0.023714977944,-0.0187958305,-0.004919147444000002
UBQ-thr7-ile13,-9.0517616e-05,-5.112239999999997e-05,-3.9395216000000036e-05
UBQ-thr7-lys11,-0.016384644668,-0.0123939263,-0.003990718367999999
UBQ-thr7-thr9-v2,-0.001280792394,-0.0007109308,-0.000569861594
UBQ-tyr59-ile61,-0.000783104868,5.637120000000017e-05,-0.0008394760680000002
UBQ-val17-leu56,-0.00115298407,-0.0001010983,-0.00105188577
UBQ-val26-leu56,-0.001408600718,-0.0001172983,-0.001291302418
UBQ-val5-leu15,-0.001329716528,-5.834889999999999e-05,-0.001271367628
UBQ-val5-leu69,-0.000963980738,8.589399999999993e-05,-0.001049874738
S66-1,-0.013655092332,-0.0109590604,-0.0026960319319999995
S66-2,-0.015167118988,-0.0119202022,-0.0032469167879999993
S66-3,-0.02026925278,-0.0168733427,-0.0033959100800000017
S66-4,-0.02131705793,-0.0169706815999999,-0.004346376330000103
S66-5,-0.015214768226,-0.0116624478,-0.0035523204260000003
S66-6,-0.021051560838,-0.0169611844,-0.004090376438000001
S66-7,-0.021074668328,-0.0164916058,-0.004583062528
S66-8,-0.013472622842,-0.0106180377,-0.002854585142
S66-9,-0.0069328844479999,-0.0047697430999999,-0.002163141348
S66-10,-0.009514548848,-0.006549406,-0.0029651428479999997
S66-11,-0.011687449718,-0.0079467441,-0.0037407056180000006
S66-12,-0.020613793424,-0.0168291484,-0.0037846450239999996
S66-13,-0.013551188308,-0.0099134056999999,-0.003637782608000099
S66-14,-0.01782703013,-0.013526449,-0.004300581130000002
S66-15,-0.018713242212,-0.014112646,-0.004600596211999999
S66-16,-0.011746732382,-0.0091098268,-0.0026369055820000004
S66-17,-0.043801920596,-0.0350784871,-0.008723433496
S66-18,-0.018445195328,-0.0152659886,-0.0031792067279999992
S66-19,-0.019309415454,-0.0158275068,-0.0034819086540000023
S66-20,-0.0535822852599999,-0.0438061204,-0.009776164859999895
S66-23,-0.0486532186,-0.0394381819,-0.009215036699999998
S66-24,-0.002668197966,0.0033465821,-0.006014780066
S66-29,-0.010548330142,-0.0043966309999999,-0.0061516991420001
S66-30,-0.001421349678,0.0025139131,-0.003935262778
S66-31,-0.006036473198,-0.0022094064,-0.003827066798
S66-32,-0.00745176712,-0.0036709446999999,-0.0037808224200001003
S66-33,-0.002727799354,0.0012161422,-0.003943941554
S66-34,-0.002627720018,0.0003025216,-0.002930241618
S66-35,-0.001855133042,1.657320000000017e-05,-0.0018717062420000002
S66-36,-0.00105019558,-0.0001622503,-0.00088794528
S66-37,-0.001822782556,5.489420000000034e-05,-0.0018776767560000002
S66-38,-0.002109793518,0.0007315475,-0.002841341018
S66-40,-0.002890348594,-0.0003030049999999,-0.0025873435940000997
S66-41,-0.003932416712,-0.0006169078,-0.003315508912
S66-42,-0.0031713038,0.0011888909,-0.0043601947
S66-44,-0.0016231019699999,5.772099999999994e-05,-0.0016808229699998998
S66-45,-0.001978160506,-0.0002915703,-0.0016865902059999998
S66-47,-0.003226602414,-0.0014854733,-0.0017411291139999999
S66-48,-0.004833130736,-0.0044959271,-0.0003372036360000004
S66-51,-0.003364450544,-0.0029066867999999,-0.00045776374400010016
S66-59,-0.007142445478,-0.0058172613,-0.0013251841779999994
S66-60,-0.012409678302,-0.0101194021,-0.002290276202000001
S66-66,-0.007366189726,-0.0043514685999999,-0.0030147211260001
HBC1-FaOOFaOO-3.4,-0.102227057674,-0.0795728526,-0.02265420507400001
HBC1-FaOOFaOO-3.5,-0.08720527683,-0.0687800938999999,-0.018425182930000103
HBC1-FaOOFaOO-3.6,-0.073785243448,-0.0593069704,-0.014478273048
HBC1-FaOOFaOO-3.7,-0.061903531452,-0.0510042805,-0.010899250951999999
HBC1-FaOOFaOO-3.8,-0.051538308248,-0.0437291977,-0.007809110548000001
HBC1-FaOOFaOO-3.9,-0.042678418496,-0.0374182621,-0.005260156395999999
HBC1-FaOOFaOO-4.0,-0.035276053596,-0.0320176012,-0.0032584523959999986
HBC1-FaOOFaOO-4.1,-0.029215357374,-0.0274523357,-0.0017630216739999982
HBC1-FaOOFaOO-4.2,-0.024323900146,-0.0236235002,-0.0007003999459999979
HBC1-FaOOFaOO-4.3,-0.020400248344,-0.0204201805,1.9932155999997925e-05
HBC1-FaOOFaOO-4.4,-0.017254442464,-0.0177379256,0.0004834831359999993
HBC1-FaOOFaOO-4.6,-0.012654458334,-0.0135799107,0.0009254523659999996
HBC1-FaOOFaOO-4.8,-0.00956650086,-0.0105827971,0.001016296239999999
HBC1-FaOOFaOO-5.0,-0.007418938548,-0.0083777944999999,0.0009588559519998997
HBC1-FaOOFaOO-5.4,-0.0047260394719999,-0.0054598642999999,0.0007338248280000003
HBC1-FaOOFaOO-5.8,-0.003168754008,-0.0037068837,0.0005381296919999999
HBC1-FaOOFaOO-6.4,-0.0018583202819999,-0.0022019111,0.0003435908180000999
HBC1-FaOOFaOO-7.0,-0.001161430256,-0.0013880971,0.00022666684400000003
HBC1-FaOOFaOO-8.0,-0.00059282664,-0.0007156971,0.00012287045999999997
HBC1-FaOOFaOO-10.0,-0.000207489324,-0.0002534951999999,4.600587599990001e-05
HBC1-FaONFaON-3.4,-0.083034295204,-0.0526529394,-0.030381355804000004
HBC1-FaONFaON-3.5,-0.080141874904,-0.0536571389999999,-0.0264847359040001
HBC1-FaONFaON-3.6,-0.074047393938,-0.0518485889999999,-0.022198804938000097
HBC1-FaONFaON-3.7,-0.066569810174,-0.0484594495999999,-0.018110360574000103
HBC1-FaONFaON-3.8,-0.058629120438,-0.0443170044999999,-0.014312115938000095
HBC1-FaONFaON-3.9,-0.050811458166,-0.039932192,-0.010879266166000004
HBC1-FaONFaON-4.0,-0.043527817956,-0.0356075716,-0.007920246356
HBC1-FaONFaON-4.1,-0.037029194958,-0.0315405998999999,-0.005488595058000104
HBC1-FaONFaON-4.2,-0.03143176407,-0.0278526601,-0.0035791039700000006
HBC1-FaONFaON-4.3,-0.026731541242,-0.0245816092,-0.002149932042000001
HBC1-FaONFaON-4.4,-0.02284772994,-0.0217257123,-0.001122017639999997
HBC1-FaONFaON-4.6,-0.01704774995,-0.0171174658,6.971584999999891e-05
HBC1-FaONFaON-4.8,-0.013104496622,-0.013676568,0.0005720713779999997
HBC1-FaONFaON-5.0,-0.010351199348,-0.0110815829,0.0007303835519999989
HBC1-FaONFaON-5.4,-0.006898621618,-0.0075791326,0.000680510982
HBC1-FaONFaON-5.8,-0.004889863608,-0.0054280831,0.0005382194920000001
HBC1-FaONFaON-6.4,-0.003139272038,-0.0035068527,0.0003675806620000001
HBC1-FaONFaON-7.0,-0.002143259538,-0.0023983856999999,0.0002551261619999001
HBC1-FaONFaON-8.0,-0.001247167012,-0.0013949957,0.0001478286880000001
HBC1-FaONFaON-10.0,-0.00053226908,-0.0005929848,6.071571999999997e-05
HBC1-FaNNFaNN-3.7,-0.087930055206,-0.0617867989999999,-0.026143256206000103
HBC1-FaNNFaNN-3.9,-0.06889697346,-0.0503593305999999,-0.0185376428600001
HBC1-FaNNFaNN-10.0,-0.000163824136,-0.0001669192,3.095064000000012e-06
HBC1-FaOOFaON-3.4,-0.094704693188,-0.0689020207,-0.025802672488
HBC1-FaOOFaON-3.5,-0.085465521876,-0.0640024817,-0.021463040175999995
HBC1-FaOOFaON-3.6,-0.075343006998,-0.0579509887,-0.01739201829800001
HBC1-FaOOFaON-3.7,-0.065260651344,-0.0516114327999999,-0.0136492185440001
HBC1-FaOOFaON-3.8,-0.055747855478,-0.0454540763,-0.010293779178
HBC1-FaOOFaON-3.9,-0.0471246182959999,-0.0397255022,-0.0073991160959999
HBC1-FaOOFaON-4.0,-0.039575002908,-0.034551649,-0.005023353908000003
HBC1-FaOOFaON-4.1,-0.033166897526,-0.029998744,-0.0031681535260000004
HBC1-FaOOFaON-4.2,-0.027860621012,-0.0260708874,-0.001789733612000001
HBC1-FaOOFaON-4.3,-0.0235331459019999,-0.0227240112,-0.0008091347019998987
HBC1-FaOOFaON-4.4,-0.020024472748,-0.0198879748,-0.00013649794800000073
HBC1-FaOOFaON-4.6,-0.014848713712,-0.0154415044,0.000592790688
HBC1-FaOOFaON-4.8,-0.01134737121,-0.0121973208,0.0008499495899999994
HBC1-FaOOFaON-5.0,-0.008903873664,-0.0097878224,0.0008839487359999995
HBC1-FaOOFaON-5.4,-0.005834880268,-0.0065691422,0.0007342619319999997
HBC1-FaOOFaON-5.8,-0.004047635438,-0.0046068747,0.0005592392620000003
HBC1-FaOOFaON-6.4,-0.002505808088,-0.0028764319,0.00037062381199999984
HBC1-FaOOFaON-7.0,-0.0016493966999999,-0.0019011348999999,0.0002517381999999999
HBC1-FaOOFaON-8.0,-0.000907885314,-0.0010494965999999,0.00014161128599990002
HBC1-FaOOFaON-10.0,-0.000354421088,-0.0004101674999999,5.5746411999900035e-05
HBC1-FaONFaNN-3.7,-0.077761165986,-0.0556885481,-0.022072617886
HBC1-FaONFaNN-3.8,-0.0688826308799999,-0.0506700629999999,-0.01821256788000001
HBC1-FaONFaNN-4.0,-0.051965876494,-0.040574103,-0.011391773494000001
HBC1-FaONFaNN-4.1,-0.0444859023,-0.0358801880999999,-0.0086057142000001
HBC1-FaONFaNN-4.2,-0.03788512826,-0.0315880847,-0.00629704356
HBC1-FaONFaNN-4.3,-0.032206104028,-0.0277502874999999,-0.004455816528000096
HBC1-FaONFaNN-4.6,-0.020071006452,-0.0188645566999999,-0.0012064497520000994
HBC1-FaONFaNN-4.8,-0.014998513992,-0.0147409535999999,-0.0002575603920000995
HBC1-FaONFaNN-5.0,-0.011466573986,-0.0116513876999999,0.00018481371399989982
HBC1-FaONFaNN-5.4,-0.007148501234,-0.0075572433,0.00040874206599999987
HBC1-FaONFaNN-5.8,-0.004777832122,-0.0051415051,0.0003636729780000002
HBC1-FaONFaNN-6.4,-0.002849711284,-0.0030999248,0.00025021351599999967
HBC1-FaONFaNN-7.0,-0.00182708533,-0.0019943961,0.0001673107699999999
HBC1-FaONFaNN-8.0,-0.000973383096,-0.001061871,8.848790400000001e-05
HBC1-FaONFaNN-10.0,-0.000361911102,-0.0003921765,3.0265398000000005e-05
HBC1-FaOOFaNN-3.6,-0.10162116335,-0.0845997256,-0.017021437750000007
HBC1-FaOOFaNN-3.8,-0.072952417636,-0.0601768904999999,-0.012775527136000095
HBC1-FaOOFaNN-4.0,-0.0522622898139999,-0.0447230186,-0.007539271213999901
HBC1-FaOOFaNN-4.2,-0.036932780948,-0.0332021263,-0.003730654648000001
HBC1-FaOOFaNN-4.4,-0.026182857876,-0.0247839527,-0.0013989051759999982
HBC1-FaOOFaNN-4.6,-0.0189344366679999,-0.0187539766,-0.0001804600679999012
HBC1-FaOOFaNN-5.0,-0.01074657647,-0.0113216539999999,0.0005750775299999001
HBC1-FaOOFaNN-5.8,-0.004476159856,-0.0049308586,0.0004546987440000004
HBC1-FaOOFaNN-6.4,-0.002643178132,-0.002941327,0.00029814886800000025
HBC1-FaOOFaNN-7.0,-0.001671388656,-0.0018684985,0.0001971098440000001
JSCH-10,-0.037135808136,-0.0287718663,-0.008363941836000002
JSCH-14,-0.0563615585399999,-0.0456417513,-0.0107198072399999
JSCH-15,-0.0130629031399999,-0.0048042974999999,-0.00825860564
JSCH-18,-0.045527970418,-0.0354323736,-0.010095596818
JSCH-19,-0.045680479852,-0.0370275883999999,-0.0086528914520001
JSCH-23,-0.045599205232,-0.036302824,-0.009296381232000002
JSCH-25,-0.033418848848,-0.0235070052,-0.009911843647999997
JSCH-26,-0.04778150846,-0.0366360093,-0.011145499159999996
JSCH-30,-0.030734714682,-0.0215083661,-0.009226348582000003
JSCH-39,-0.003430107688,-0.0028742981999999,-0.0005558094880001
JSCH-40,-0.006773363086,-0.0062016992,-0.000571663886
JSCH-41,-0.003425167466,-0.0022055469,-0.0012196205660000002
JSCH-43,0.007367783346,0.007074854,0.0002929293459999994
JSCH-44,0.010049845806,0.0101998658999999,-0.00015002009399990059
JSCH-45,-0.00182549171,0.0046721364999999,-0.0064976282099999
JSCH-46,0.0039872372399999,0.0038401396,0.0001470976399999004
JSCH-52,-0.000967486702,-0.0009202837999999,-4.720290200009992e-05
JSCH-55,0.003206841526,0.0034731319,-0.000266290374
JSCH-100,0.003374171626,0.0069361887,-0.003562017074
JSCH-101,-0.005906593168,0.0018263946,-0.007732987768000001
JSCH-102,-0.001109318882,0.0046451415999999,-0.0057544604819998995
JSCH-103,-0.0145666429719999,-0.0086529201999999,-0.005913722772
JSCH-104,-0.008468656042,-0.0023277035999999,-0.0061409524420001005
JSCH-106,-0.00292907356,0.0015906406,-0.0045197141599999996
JSCH-108,-0.004369068592,-0.000914514,-0.0034545545919999997
JSCH-109,-0.004501657776,0.0007497389,-0.005251396676
JSCH-110,-0.004155682874,0.0017695989999999,-0.0059252818739998995
JSCH-111,-0.002688915026,-0.0026363360999999,-5.257892600010012e-05
JSCH-112,-0.0040513007639999,0.0007664936999999,-0.0048177944639998
JSCH-113,-0.005228189134,-0.0055897024,0.0003615132660000006
JSCH-114,-0.009246342602,-0.0027682084,-0.006478134202
JSCH-121,-0.010613987286,-0.0074348258999999,-0.0031791613860000997
JSCH-124,-0.0137115064799999,-0.0093513513,-0.0043601551799999
S22by7-5-1.0,-0.050557275776,-0.0412099042999999,-0.0093473714760001
S22by7-11-0.7,-0.128689914584,0.0203918815999999,-0.14908179618399992
S22by7-12-0.9,-0.01981905513,-0.0008289749,-0.018990080229999998
S22by7-13-2.0,-0.000994737604,-0.0009457686,-4.8969004000000036e-05
S22by7-17-1.2,-0.003180546796,-0.0031671815,-1.336529600000011e-05
S22by7-18-1.0,-0.00316811656,-0.0024277498,-0.0007403667599999997
