File,SAPT - Undamped
A24-1,-0.0018062107240001
A24-10,-0.0002742774399999
A24-13,-0.00044596161
A24-14,-0.001117688086
A24-15,-0.0002372266719998
A24-16,-0.001580760668
A24-17,-0.00050024692
A24-18,-0.0002838551099999
A24-19,-0.0002552799519999
A24-2,-0.0014574435439999
A24-23,-0.002952795626
A24-5,-0.00158696368
A24-7,-0.0004948112560001
A24-8,-0.000418798368
A24-9,-0.001966681906
ACHC-AC-3.2_____,-0.007811016134
ACHC-AC-3.4_0.4____,-0.0040506806679999
ACHC-AC-3.4_0.8____,-0.0046483629499999
ACHC-AC-3.4_1.2____,-0.0047621946619999
ACHC-AC-3.4_2.0____,-0.003421416964
ACHC-AC-3.4__0.4___,-0.0034462456979999
ACHC-AC-3.4__0.8___,-0.0031167021799999
ACHC-AC-3.4__1.2___,-0.0029217880399999
ACHC-AC-3.4__2.0___,-0.0036288150900001
ACHC-AC-3.4___120__,-0.0057762921040001
ACHC-AC-3.4___150__,-0.005624405914
ACHC-AC-3.4___180__,-0.0060049011379999
ACHC-AC-3.4___30__,-0.0036146803539999
ACHC-AC-3.4___60__,-0.0049802373939999
ACHC-AC-3.4___90__,-0.005614769202
ACHC-AC-3.4__n0.4___,-0.003233361158
ACHC-AC-3.4__n0.8___,-0.002953721034
ACHC-AC-3.4__n1.2___,-0.002938571388
ACHC-AC-3.4_n0.4____,-0.00352843391
ACHC-AC-3.4_n1.2____,-0.0048535768199999
ACHC-AC-3.4_n1.6____,-0.0051388935319999
ACHC-AC-3.6____4_,-0.001176716316
ACHC-AC-3.6_____,-0.001345053082
ACHC-AC-3.6_____12,-0.0056610944339999
ACHC-AC-3.6_____4,-0.001453773796
ACHC-AC-3.6_____n12,-0.0025785018199999
ACHC-AC-3.6_____n16,-0.0036351872540001
ACHC-AC-3.6_____n20,-0.005165031024
ACHC-AC-3.6_____n4,-0.001483552352
ACHC-AC-3.6_____n8,-0.00188310813
ACHC-AC-3.6____n12_,-0.0033718336940001
ACHC-AC-3.6____n20_,-0.0072950437
ACHC-AC-3.8_____,-0.00030481435
ACHC-AC-4.0_____,0.0001654507739998
BBI-007VAL-041VAL-1,-0.0053335735579999
BBI-008TRP-251HIE-2,-0.00137224296
BBI-012LEU-085ASP-1,-0.0040587924660001
BBI-015LEU-026LEU-1,-0.0043856104239999
BBI-017ASN-021LYS-2,-0.000308509884
BBI-030TRP-178GLY-2,-0.0011958810859999
BBI-033ASN-036TRP-2,-0.0019453535120001
BBI-033VAL-115VAL-1,-0.002654864382
BBI-038ALA-041GLY-1,-0.0034980141199999
BBI-040THR-049GLN-2,-0.002410378748
BBI-041GLY-045LEU-2,-0.0021037961340001
BBI-044SER-047GLU-1,-0.004007059758
BBI-044TRP-054LEU-1,-0.003430275768
BBI-061VAL-064TYR-2,-0.002641373912
BBI-072THR-075PRO-1,-0.0043516554059999
BBI-081LEU-084LYS-1,-0.004376453646
BBI-084LEU-088MET-2,-0.00282452873
BBI-087LEU-090TYR-1,-0.004351424158
BBI-108LYS-112TYR-1,-0.00083648643
BBI-108TYR-129TRP-1,-0.0031722778379999
BBI-112SER-115ALA-2,-0.003974222176
BBI-121VAL-155THR-2,-0.0052159533599999
BBI-171ALA-175GLU-1,-0.0006426637539999
BBI-197TYR-201LEU-2,-0.0017327852900001
BBI-228ARG-232GLU-1,-0.0032070782540001
HBC1-FaNNFaNN-10.0,3.095064000000012e-06
HBC1-FaNNFaNN-3.7,-0.0261432562060001
HBC1-FaNNFaNN-3.9,-0.0185376428600001
HBC1-FaONFaNN-10.0,3.0265398000000005e-05
HBC1-FaONFaNN-3.7,-0.022072617886
HBC1-FaONFaNN-3.8,-0.01821256788
HBC1-FaONFaNN-4.0,-0.011391773494
HBC1-FaONFaNN-4.1,-0.0086057142000001
HBC1-FaONFaNN-4.2,-0.00629704356
HBC1-FaONFaNN-4.3,-0.004455816528
HBC1-FaONFaNN-4.6,-0.001206449752
HBC1-FaONFaNN-4.8,-0.000257560392
HBC1-FaONFaNN-5.0,0.0001848137139998
HBC1-FaONFaNN-5.4,0.0004087420659999
HBC1-FaONFaNN-5.8,0.000363672978
HBC1-FaONFaNN-6.4,0.0002502135159999
HBC1-FaONFaNN-7.0,0.0001673107699999
HBC1-FaONFaNN-8.0,8.848790400000001e-05
HBC1-FaONFaON-10.0,6.071571999999997e-05
HBC1-FaONFaON-3.4,-0.030381355804
HBC1-FaONFaON-3.5,-0.0264847359040001
HBC1-FaONFaON-3.6,-0.022198804938
HBC1-FaONFaON-3.7,-0.0181103605740001
HBC1-FaONFaON-3.8,-0.014312115938
HBC1-FaONFaON-3.9,-0.010879266166
HBC1-FaONFaON-4.0,-0.007920246356
HBC1-FaONFaON-4.1,-0.0054885950580001
HBC1-FaONFaON-4.2,-0.00357910397
HBC1-FaONFaON-4.3,-0.002149932042
HBC1-FaONFaON-4.4,-0.0011220176399999
HBC1-FaONFaON-4.6,6.971584999999891e-05
HBC1-FaONFaON-4.8,0.0005720713779999
HBC1-FaONFaON-5.0,0.0007303835519999
HBC1-FaONFaON-5.4,0.000680510982
HBC1-FaONFaON-5.8,0.000538219492
HBC1-FaONFaON-6.4,0.000367580662
HBC1-FaONFaON-7.0,0.0002551261619999
HBC1-FaONFaON-8.0,0.000147828688
HBC1-FaOOFaNN-3.6,-0.01702143775
HBC1-FaOOFaNN-3.8,-0.012775527136
HBC1-FaOOFaNN-4.0,-0.0075392712139999
HBC1-FaOOFaNN-4.2,-0.003730654648
HBC1-FaOOFaNN-4.4,-0.0013989051759999
HBC1-FaOOFaNN-4.6,-0.0001804600679999
HBC1-FaOOFaNN-5.0,0.0005750775299999
HBC1-FaOOFaNN-5.8,0.000454698744
HBC1-FaOOFaNN-6.4,0.000298148868
HBC1-FaOOFaNN-7.0,0.000197109844
HBC1-FaOOFaON-10.0,5.574641199990004e-05
HBC1-FaOOFaON-3.4,-0.025802672488
HBC1-FaOOFaON-3.5,-0.0214630401759999
HBC1-FaOOFaON-3.6,-0.017392018298
HBC1-FaOOFaON-3.7,-0.0136492185440001
HBC1-FaOOFaON-3.8,-0.010293779178
HBC1-FaOOFaON-3.9,-0.0073991160959999
HBC1-FaOOFaON-4.0,-0.005023353908
HBC1-FaOOFaON-4.1,-0.003168153526
HBC1-FaOOFaON-4.2,-0.001789733612
HBC1-FaOOFaON-4.3,-0.0008091347019998
HBC1-FaOOFaON-4.4,-0.000136497948
HBC1-FaOOFaON-4.6,0.000592790688
HBC1-FaOOFaON-4.8,0.0008499495899999
HBC1-FaOOFaON-5.0,0.0008839487359999
HBC1-FaOOFaON-5.4,0.0007342619319999
HBC1-FaOOFaON-5.8,0.000559239262
HBC1-FaOOFaON-6.4,0.0003706238119999
HBC1-FaOOFaON-7.0,0.0002517381999999
HBC1-FaOOFaON-8.0,0.0001416112859999
HBC1-FaOOFaOO-10.0,4.600587599990001e-05
HBC1-FaOOFaOO-3.4,-0.022654205074
HBC1-FaOOFaOO-3.5,-0.0184251829300001
HBC1-FaOOFaOO-3.6,-0.014478273048
HBC1-FaOOFaOO-3.7,-0.0108992509519999
HBC1-FaOOFaOO-3.8,-0.007809110548
HBC1-FaOOFaOO-3.9,-0.0052601563959999
HBC1-FaOOFaOO-4.0,-0.0032584523959999
HBC1-FaOOFaOO-4.1,-0.0017630216739999
HBC1-FaOOFaOO-4.2,-0.0007003999459999
HBC1-FaOOFaOO-4.3,1.9932155999997925e-05
HBC1-FaOOFaOO-4.4,0.0004834831359999
HBC1-FaOOFaOO-4.6,0.0009254523659999
HBC1-FaOOFaOO-4.8,0.0010162962399999
HBC1-FaOOFaOO-5.0,0.0009588559519998
HBC1-FaOOFaOO-5.4,0.000733824828
HBC1-FaOOFaOO-5.8,0.0005381296919999
HBC1-FaOOFaOO-6.4,0.000343590818
HBC1-FaOOFaOO-7.0,0.000226666844
HBC1-FaOOFaOO-8.0,0.0001228704599999
HSG-11,-0.0002543901660001
HSG-12,-0.002476464432
HSG-13,-0.0016709407480001
HSG-17,-0.0021211344379999
HSG-3,-0.003035608154
HSG-4,-0.010208452892
HSG-6,-0.0012671112979999
HSG-7,-0.001065702252
HSG-8,-0.003443276536
JSCH-10,-0.008363941836
JSCH-100,-0.003562017074
JSCH-101,-0.007732987768
JSCH-102,-0.0057544604819998
JSCH-103,-0.005913722772
JSCH-104,-0.0061409524420001
JSCH-106,-0.0045197141599999
JSCH-108,-0.0034545545919999
JSCH-109,-0.005251396676
JSCH-110,-0.0059252818739998
JSCH-111,-5.257892600010012e-05
JSCH-112,-0.0048177944639998
JSCH-113,0.000361513266
JSCH-114,-0.006478134202
JSCH-121,-0.003179161386
JSCH-124,-0.0043601551799999
JSCH-14,-0.0107198072399999
JSCH-15,-0.00825860564
JSCH-18,-0.010095596818
JSCH-19,-0.0086528914520001
JSCH-23,-0.009296381232
JSCH-25,-0.0099118436479999
JSCH-26,-0.0111454991599999
JSCH-30,-0.009226348582
JSCH-39,-0.0005558094880001
JSCH-40,-0.000571663886
JSCH-41,-0.001219620566
JSCH-43,0.0002929293459999
JSCH-44,-0.0001500200939999
JSCH-45,-0.0064976282099999
JSCH-46,0.0001470976399999
JSCH-52,-4.720290200009992e-05
JSCH-55,-0.000266290374
NBC1-BzBz_PD32-0.2,-0.0217630324519999
NBC1-BzMe-3.3,-0.004829552734
NBC1-BzMe-3.7,-0.0014297603220001
NBC1-MeMe-3.2,-0.0014632197880001
NBC1-MeMe-3.3,-0.001002872588
NBC1-MeMe-3.4,-0.0006811875380001
NBC1-MeMe-3.5,-0.000457508084
NBC1-MeMe-3.6,-0.0003027133219999
NBC1-MeMe-3.7,-0.0001964403819999
NBC1-MeMe-3.8,-0.0001238111259999
NBC1-MeMe-3.9,-7.468993799989998e-05
NBC1-MeMe-4.0,-4.181688e-05
NBC1-MeMe-4.1,-2.020364400000001e-05
NBC1-MeMe-4.2,-6.204080000000016e-06
NBC1-MeMe-4.3,2.4662039999999944e-06
NBC1-MeMe-4.4,7.669314000000011e-06
NBC1-MeMe-4.6,1.1984334e-05
NBC1-MeMe-4.8,1.215816e-05
NBC1-MeMe-5.0,1.0929794e-05
NBC1-MeMe-5.4,7.465283999999997e-06
NBC1-MeMe-5.8,4.7775260000000016e-06
S22-1,-0.0016930090279999
S22-10,-0.0013318524740001
S22-11,-0.0076813564099999
S22-12,-0.0059305630960001
S22-16,0.000188438398
S22-17,0.0003647187240001
S22-18,-0.0003473742679999
S22-19,-0.0015434532240001
S22-2,-0.0015780368440001
S22-20,-0.0017022641099999
S22-21,0.00106385736
S22-22,-0.003507371136
S22-3,-0.0078689071519999
S22-4,-0.0069088942179999
S22-5,-0.0062628553039999
S22-6,-0.0081521977420001
S22-8,-0.0001634432959999
S22-9,-0.000836336128
S22by7-1-0.7,-0.024456839696
S22by7-1-0.8,-0.01090226603
S22by7-1-0.9,-0.0048315253379999
S22by7-1-1.0,-0.0021867125039999
S22by7-1-1.2,-0.0005460640020001
S22by7-1-1.5,-0.0001596002219999
S22by7-1-2.0,-5.762850000000006e-05
S22by7-10-0.8,-0.006568586766
S22by7-11-0.7,-0.1490817961839999
S22by7-12-0.9,-0.0189900802299999
S22by7-13-0.8,-0.058946017858
S22by7-13-2.0,-4.896900400000004e-05
S22by7-15-1.5,-0.0002734375059999
S22by7-17-0.7,-0.008841212618
S22by7-17-0.8,-0.0035263471840001
S22by7-17-1.2,-1.336529600000011e-05
S22by7-18-1.0,-0.0007403667599999
S22by7-18-1.2,-0.0001172033759999
S22by7-18-2.0,-6.696922000100011e-06
S22by7-2-0.7,-0.0163391497279998
S22by7-2-0.8,-0.009048352022
S22by7-2-0.9,-0.0048940269119999
S22by7-2-1.0,-0.002742973064
S22by7-2-1.2,-0.001029892878
S22by7-2-1.5,-0.0003782981859999
S22by7-2-2.0,-0.0001822621259999
S22by7-22-0.7,-0.022864660718
S22by7-22-0.8,-0.013229418208
S22by7-22-0.9,-0.0075325684220001
S22by7-22-1.0,-0.0043491359200001
S22by7-22-1.2,-0.001545413322
S22by7-22-1.5,-0.000396666176
S22by7-22-2.0,-0.0001072093540001
S22by7-3-0.7,-0.0383170525099999
S22by7-3-0.8,-0.027032072614
S22by7-3-0.9,-0.016731102318
S22by7-3-1.2,-0.00344686932
S22by7-3-1.5,-0.0007862886379999
S22by7-3-2.0,-6.878646799989962e-05
S22by7-4-0.7,-0.048298500452
S22by7-4-0.8,-0.0280313209079999
S22by7-4-0.9,-0.0154393617460001
S22by7-4-1.0,-0.0083927138
S22by7-4-1.2,-0.0026124865640001
S22by7-4-1.5,-0.000521581452
S22by7-4-2.0,-0.000113910214
S22by7-5-0.7,-0.048381621502
S22by7-5-1.0,-0.0093473714760001
S22by7-6-0.9,-0.0163300334800001
S22by7-6-1.0,-0.0091459992739999
S22by7-6-1.2,-0.002809870376
S22by7-8-0.7,-0.0109652953119999
S22by7-8-0.8,-0.00284462933
S22by7-8-0.9,-0.0007011966660001
S22by7-8-1.0,-0.000146072838
S22by7-8-1.2,1.3501129999999989e-05
S22by7-8-1.5,5.569068e-06
S22by7-8-2.0,7.17424e-07
S22by7-9-0.7,-0.028384950018
S22by7-9-0.8,-0.0093733225539999
S22by7-9-0.9,-0.002916836014
S22by7-9-1.2,-4.539252600010003e-05
S22by7-9-1.5,7.818007999999994e-06
S22by7-9-2.0,-1.596700000000025e-07
S66-1,-0.0026960319319999
S66-10,-0.0029651428479999
S66-11,-0.003740705618
S66-12,-0.0037846450239999
S66-13,-0.003637782608
S66-14,-0.00430058113
S66-15,-0.0046005962119999
S66-16,-0.002636905582
S66-17,-0.008723433496
S66-18,-0.0031792067279999
S66-19,-0.003481908654
S66-2,-0.0032469167879999
S66-20,-0.0097761648599998
S66-23,-0.0092150366999999
S66-24,-0.006014780066
S66-29,-0.0061516991420001
S66-3,-0.00339591008
S66-30,-0.003935262778
S66-31,-0.003827066798
S66-32,-0.0037808224200001
S66-33,-0.003943941554
S66-34,-0.002930241618
S66-35,-0.001871706242
S66-36,-0.00088794528
S66-37,-0.001877676756
S66-38,-0.002841341018
S66-4,-0.0043463763300001
S66-40,-0.002587343594
S66-41,-0.003315508912
S66-42,-0.0043601947
S66-44,-0.0016808229699998
S66-45,-0.0016865902059999
S66-47,-0.0017411291139999
S66-48,-0.000337203636
S66-5,-0.003552320426
S66-51,-0.0004577637440001
S66-59,-0.0013251841779999
S66-6,-0.004090376438
S66-60,-0.002290276202
S66-66,-0.0030147211260001
S66-7,-0.004583062528
S66-8,-0.002854585142
S66-9,-0.002163141348
SSI-001LEU-154LEU-1,-0.001020209514
SSI-003THR-182GLU-1,-0.0023054635280001
SSI-003TYR-056ALA-1,-0.0008032380619999
SSI-004LEU-031TYR-1,-0.000739409092
SSI-005LEU-010TRP-1,-0.0003203600140001
SSI-005LEU-015LYS-1,-0.0003962854459999
SSI-005PHE-163LEU-1,-0.002504594758
SSI-006GLU-010TYR-1,-0.001207983706
SSI-007THR-031LYS-1,-0.001356544924
SSI-009ARG-128ARG-2,-0.0013417497320001
SSI-009GLN-068ILE-1,-0.0006724497139998
SSI-009VAL-025ILE-1,-0.001072127316
SSI-013LEU-065PHE-1,-0.0055846794839998
SSI-015ILE-034LEU-1,-0.000618619906
SSI-016LEU-062LEU-1,-0.001729958634
SSI-019VAL-075LEU-1,-0.0007011268699999
SSI-022GLN-058GLU-1,-0.0040045282300001
SSI-023ASP-057ARG-1,-0.0044233374659999
SSI-023GLU-028LEU-1,-0.0014818914919998
SSI-024LEU-260ILE-1,-0.0008997251719999
SSI-024LYS-069TYR-2,-0.0011350462439999
SSI-025SER-075ASP-1,-0.002521387172
SSI-029PHE-103HIE-1,-0.0026010645439999
SSI-031PHE-095TYR-1,-0.0020179260280001
SSI-034ASP-037PHE-1,-0.003229443584
SSI-034TYR-143MET-1,-0.000706851766
SSI-035ALA-065LEU-1,-0.0006697503660001
SSI-036ARG-162GLN-1,-0.000633280736
SSI-038PHE-046ARG-1,-0.001789957128
SSI-039THR-046THR-1,-0.0054403753919999
SSI-039THR-077LEU-1,-0.0008585797319999
SSI-041ILE-107PHE-2,-0.000937926898
SSI-043LEU-055THR-1,-0.0009114991419999
SSI-043TYR-048GLN-1,-0.0041005743139999
SSI-048LYS-082ILE-1,-0.001302542564
SSI-049GLU-080ARG-1,-0.0001773649859999
SSI-051VAL-104ILE-1,-0.000802182678
SSI-052ILE-056GLN-1,-0.0008013441939999
SSI-058TRP-180SER-1,-0.001596559624
SSI-059PHE-118THR-1,-0.00323813928
SSI-062ILE-105TYR-1,-0.0013019180439998
SSI-065THR-069ILE-1,-0.00088283446
SSI-068ARG-072THR-1,-0.00149988181
SSI-068HIE-075LYS-1,-0.0014011529699999
SSI-070MET-075ILE-1,-0.0025857088959999
SSI-075LEU-111LEU-2,-0.001368830058
SSI-079ASP-135ILE-1,-0.0013193844639999
SSI-083LEU-088TYR-2,-0.001604194772
SSI-084TYR-089ASP-1,-0.003055857202
SSI-091LYS-140SER-2,-0.000128098566
SSI-095TYR-106TYR-1,-0.0072704429120001
SSI-113ILE-185VAL-1,-0.002291901136
SSI-115ASP-156ASP-1,-0.019516391154
SSI-115GLU-123PRO-1,-0.000836534406
SSI-126LEU-162PHE-1,-0.0007601347499999
SSI-130VAL-185PHE-1,-0.0007666892420001
SSI-131ASP-182PHE-1,-0.0029798369699999
SSI-131THR-149LEU-1,-0.000603822392
SSI-136SER-144ARG-1,-0.00199760313
SSI-153PHE-163LEU-1,-0.000421448822
SSI-158VAL-205TYR-1,-0.001219525034
SSI-165TYR-208ILE-1,-0.0009859236499999
SSI-175LEU-233ALA-1,-0.0012414052299999
SSI-189THR-199LYS-1,-0.0033640824779999
SSI-193HIE-248MET-1,-0.0016747078639999
UBQ-ala28-asp32,-0.004642468476
UBQ-ala46-lys48,-0.0014036306779999
UBQ-arg42-val70,-0.009654725674
UBQ-asn25-lys29,-0.0036323263360001
UBQ-asp21-leu56,-0.0029042919439999
UBQ-gln2-glu64-small,-0.0055966395079999
UBQ-gln31-gly35,-0.006229620926
UBQ-gln62-ser65,-0.0138592280619999
UBQ-glu16-lys29,-0.0058862224539999
UBQ-glu18-asp21-C,-0.006295273262
UBQ-glu18-asp21-N,-0.004972798326
UBQ-ile13-leu15,-0.000605207376
UBQ-ile13-lys33,-0.0025919763159999
UBQ-ile3-leu15,-0.000768175398
UBQ-ile3-leu15-big,-0.004623103952
UBQ-ile3-leu15-part1,-0.0025481588799998
UBQ-ile3-leu15-part2,-0.002402700494
UBQ-ile3-leu67,-0.000637741214
UBQ-ile3-val17,-0.001013035514
UBQ-ile36-leu71,-0.0012494535139999
UBQ-ile44-gly47,-0.000344526232
UBQ-ile44-his68,-0.00992930093
UBQ-ile44-his68-big,-0.000987855474
UBQ-ile44-his68-small,-0.000966992192
UBQ-ile61-leu67,-0.00074587392
UBQ-leu15-ile30,-0.00070097292
UBQ-leu43-leu50,-0.0050241598900001
UBQ-leu50-tyr59,-0.005193929214
UBQ-leu56-ile61np,-0.0014941511359999
UBQ-leu56-ile61p,-0.000820686536
UBQ-leu56-tyr59,-0.001777999104
UBQ-leu71-leu73,-0.000457737738
UBQ-lys11-glu34,-0.0034021901359999
UBQ-lys27-asp52,-0.004297158218
UBQ-met1-val17-mono,-0.004183069352
UBQ-phe4-thr12,-0.001154481376
UBQ-phe4-thr14,-0.00224639756
UBQ-phe45-ile61,0.000886321372
UBQ-pro19-ser57,-0.004923143276
UBQ-pro37-gln40,-0.0030821893919999
UBQ-ser57-asn60,-0.00461517805
UBQ-thr14-lys33,-0.0012317407039999
UBQ-thr22-asn25,-0.0016155327559999
UBQ-thr22-thr55-big,-0.0114158420939999
UBQ-thr22-thr55-small,-0.0011054627159999
UBQ-thr22-val26,-0.0018888495420001
UBQ-thr55-asp58-backbone,-0.001276979886
UBQ-thr55-asp58-sidechain,-0.004919147444
UBQ-thr55-asp58-sidechain-small,-0.0032061586999999
UBQ-thr7-ile13,-3.939521600000004e-05
UBQ-thr7-lys11,-0.0039907183679999
UBQ-thr7-thr9-v2,-0.000569861594
UBQ-tyr59-ile61,-0.000839476068
UBQ-val17-leu56,-0.00105188577
UBQ-val26-leu56,-0.001291302418
UBQ-val5-leu15,-0.001271367628
UBQ-val5-leu69,-0.001049874738
