File,Overlap Pen. Energy,SAPT Coulomb,Undamped Coulomb,Total Coulomb
A24-1,-0.00370170329003,-0.017522170624,-0.0157159598999999,-0.0194176631900299
A24-10,-0.0022077350505147,-0.00550117624,-0.0052268988,-0.0074346338505147
A24-13,-0.0019068594327032,-0.00267011031,-0.0022241487,-0.004131008132703199
A24-14,-0.0018570482450983,-0.001363023186,-0.0002453351,-0.0021023833450983
A24-15,-0.0016668527536571,-0.0006702765719999,-0.0004330499,-0.0020999026536571
A24-16,-0.0022160852752427,-0.002408597268,-0.0008278366,-0.0030439218752427
A24-17,-0.0016777771400952,-0.00057529682,-7.504990000000003e-05,-0.0017528270400952002
A24-18,-0.001611981495144,-0.00037529751,-9.144240000000004e-05,-0.001703423895144
A24-19,-0.0015960716774425,-0.000326054652,-7.07747e-05,-0.0016668463774425
A24-2,-0.0027008693300016,-0.012535733644,-0.0110782901,-0.013779159430001601
A24-23,-0.0024120961396516,-0.000888124426,0.0020646712,-0.00034742493965159984
A24-5,-0.0021732920997943,-0.00755216518,-0.0059652015,-0.0081384935997943
A24-7,-0.0018034225759256,-0.001512026656,-0.0010172153999999,-0.0028206379759255
A24-8,-0.001647569464133,-0.001109796968,-0.0006909986,-0.002338568064133
A24-9,-0.0026683138416832,-0.010416378406,-0.0084496964999999,-0.0111180103416831
ACHC-AC-3.2_____,-0.0036341953751505,-0.008893515134,-0.001082499,-0.0047166943751505
ACHC-AC-3.4_0.4____,-0.0026495200748568,-0.003739269968,0.0003114106999999,-0.0023381093748569
ACHC-AC-3.4_0.8____,-0.0026793981334164,-0.00303983015,0.0016085327999999,-0.0010708653334164998
ACHC-AC-3.4_1.2____,-0.0025980179625552,-0.002167482562,0.0025947120999999,-3.3058625552996428e-06
ACHC-AC-3.4_2.0____,-0.0022154432173563,-0.000409879064,0.0030115379,0.0007960946826437
ACHC-AC-3.4_n0.4____,-0.0025640632444568,-0.00447886901,-0.0009504350999999,-0.0035144983444566997
ACHC-AC-3.4_n1.2____,-0.0025734218282,-0.00491791132,-6.43345000000072e-05,-0.0026377563282000073
ACHC-AC-3.4_n1.6____,-0.0024812414425907,-0.005208906332,-7.001280000000845e-05,-0.0025512542425907086
ACHC-AC-3.4__0.4___,-0.0026015210300069,-0.0054548018979999,-0.0020085561999999,-0.004610077230006801
ACHC-AC-3.4__0.8___,-0.0025576472115685,-0.0064924078799999,-0.0033757057,-0.0059333529115685
ACHC-AC-3.4__1.2___,-0.0025097109506772,-0.00703105144,-0.0041092634,-0.0066189743506772005
ACHC-AC-3.4__2.0___,-0.002441758871867,-0.00650117279,-0.0028723576999999,-0.0053141165718669
ACHC-AC-3.4__n0.4___,-0.0024857238738092,-0.003013376058,0.0002199851,-0.0022657387738092
ACHC-AC-3.4__n0.8___,-0.0023577339529992,-0.001985172434,0.0009685486,-0.0013891853529991998
ACHC-AC-3.4__n1.2___,-0.0022561792774809,-0.001047645788,0.0018909256,-0.0003652536774808998
ACHC-AC-3.4___120__,-0.0027550953070451,-0.007353281404,-0.0015769892999999,-0.004332084607044999
ACHC-AC-3.4___150__,-0.0025758468070511,-0.008031366714,-0.0024069608,-0.0049828076070511
ACHC-AC-3.4___180__,-0.0025508017566812,-0.005697032138,0.000307869,-0.0022429327566812
ACHC-AC-3.4___30__,-0.0025456101095514,-0.002974810454,0.0006398699,-0.0019057402095513998
ACHC-AC-3.4___60__,-0.0026793728899631,-0.002563656494,0.0024165809,-0.00026279198996309984
ACHC-AC-3.4___90__,-0.0026465244753516,-0.006345954202,-0.000731185,-0.0033777094753516
ACHC-AC-3.6____4_,-0.0020231578878896,-0.001437126516,-0.0002604102,-0.0022835680878896003
ACHC-AC-3.6____n12_,-0.0025187253633883,-0.004914245994,-0.0015424122999999,-0.0040611376633882
ACHC-AC-3.6____n20_,-0.0034681784468267,-0.0103664981,-0.0030714544,-0.0065396328468267
ACHC-AC-3.6_____,-0.0020483793120175,-0.001754734982,-0.0004096819,-0.0024580612120175
ACHC-AC-3.6_____4,-0.002047419053801,-0.001666607796,-0.0002128339999999,-0.0022602530538009
ACHC-AC-3.6_____n12,-0.0023712343876588,-0.0034278766199999,-0.0008493748,-0.0032206091876588
ACHC-AC-3.6_____n16,-0.0026413676643842,-0.004672015754,-0.0010368284999999,-0.0036781961643841
ACHC-AC-3.6_____n20,-0.0030554754881607,-0.006454479724,-0.0012894486999999,-0.0043449241881606
ACHC-AC-3.6_____n4,-0.0020961354225661,-0.002047164252,-0.0005636119,-0.0026597473225661
ACHC-AC-3.6_____n8,-0.0021985981765958,-0.00258405483,-0.0007009466999999,-0.0028995448765957
ACHC-AC-3.8_____,-0.001775681759362,-0.00049800625,-0.0001931919,-0.0019688736593620002
ACHC-AC-4.0_____,-0.0016361393549791,0.0001317923739999,-3.365839999999982e-05,-0.0016697977549790998
BBI-007VAL-041VAL-1,-0.0037480638530739,-0.0177304567579999,-0.0123968832,-0.0161449470530739
BBI-008TRP-251HIE-2,-0.0023025623991968,-0.01224378246,-0.0108715395,-0.0131741018991968
BBI-012LEU-085ASP-1,-0.0036859883591525,-0.019010771066,-0.0149519785999999,-0.0186379669591524
BBI-015LEU-026LEU-1,-0.0035841509671241,-0.018079937624,-0.0136943272,-0.0172784781671241
BBI-017ASN-021LYS-2,-0.0019189691758336,-0.008722200984,-0.0084136911,-0.010332660275833601
BBI-030TRP-178GLY-2,-0.0025322002401644,-0.013641865286,-0.0124459842,-0.0149781844401644
BBI-033ASN-036TRP-2,-0.0016373203265134,0.0034858843879999,0.0054312379,0.0037939175734866
BBI-033VAL-115VAL-1,-0.0029878097792904,-0.015515643682,-0.0128607793,-0.0158485890792904
BBI-038ALA-041GLY-1,-0.0025031074498911,-0.0028701096199999,0.0006279045,-0.0018752029498911
BBI-040THR-049GLN-2,-0.0029860101531521,-0.015936837448,-0.0135264587,-0.0165124688531521
BBI-041GLY-045LEU-2,-0.002661652139855,-0.013793896634,-0.0116901004999999,-0.014351752639854899
BBI-044SER-047GLU-1,-0.002769899579507,-0.006089062658,-0.0020820029,-0.004851902479507
BBI-044TRP-054LEU-1,-0.0033733544785746,-0.017261135668,-0.0138308598999999,-0.0172042143785745
BBI-061VAL-064TYR-2,-0.0029592718290985,-0.011717250412,-0.0090758765,-0.0120351483290985
BBI-072THR-075PRO-1,-0.0024562305944603,-0.003866600206,0.0004850551999999,-0.0019711753944604
BBI-081LEU-084LYS-1,-0.0026176002777326,-0.003750265946,0.0006261877,-0.0019914125777325997
BBI-084LEU-088MET-2,-0.0028613471745098,-0.01456807723,-0.0117435485,-0.014604895674509798
BBI-087LEU-090TYR-1,-0.003472585135948,-0.014606961558,-0.0102555374,-0.013728122535948
BBI-108LYS-112TYR-1,-0.0021384920317922,-0.01092665553,-0.0100901690999999,-0.0122286611317921
BBI-108TYR-129TRP-1,-0.003112761100059,-0.016111338838,-0.012939061,-0.016051822100059
BBI-112SER-115ALA-2,-0.0026130277427802,-0.004278550976,-0.0003043288,-0.0029173565427802
BBI-121VAL-155THR-2,-0.0038787608655931,-0.01836328326,-0.0131473299,-0.0170260907655931
BBI-171ALA-175GLU-1,-0.0016683015973187,-0.001078402654,-0.0004357389,-0.0021040404973187
BBI-197TYR-201LEU-2,-0.0025305600891222,-0.01189557649,-0.0101627911999999,-0.0126933512891221
BBI-228ARG-232GLU-1,-0.0030301461391908,-0.015699866154,-0.0124927878999999,-0.0155229340391907
HBC1-FaNNFaNN-10.0,-0.0014825174825174,-0.000163824136,-0.0001669192,-0.0016494366825174
HBC1-FaNNFaNN-3.7,-0.0304413108739707,-0.087930055206,-0.0617867989999999,-0.09222810987397059
HBC1-FaNNFaNN-3.9,-0.0182693311718756,-0.06889697346,-0.0503593305999999,-0.0686286617718755
HBC1-FaONFaNN-10.0,-0.0014825174825174,-0.000361911102,-0.0003921765,-0.0018746939825174
HBC1-FaONFaNN-3.7,-0.0213436515524085,-0.077761165986,-0.0556885481,-0.0770321996524085
HBC1-FaONFaNN-3.8,-0.0170710916595389,-0.0688826308799999,-0.0506700629999999,-0.0677411546595388
HBC1-FaONFaNN-4.0,-0.0105977473935016,-0.051965876494,-0.040574103,-0.0511718503935016
HBC1-FaONFaNN-4.1,-0.0082470349941669,-0.0444859023,-0.0358801880999999,-0.0441272230941668
HBC1-FaONFaNN-4.2,-0.0064161298351429,-0.03788512826,-0.0315880847,-0.0380042145351429
HBC1-FaONFaNN-4.3,-0.0050324264383916,-0.032206104028,-0.0277502874999999,-0.0327827139383915
HBC1-FaONFaNN-4.6,-0.0027407415749747,-0.020071006452,-0.0188645566999999,-0.0216052982749746
HBC1-FaONFaNN-4.8,-0.0020995408603228,-0.014998513992,-0.0147409535999999,-0.0168404944603227
HBC1-FaONFaNN-5.0,-0.0017841148750722,-0.011466573986,-0.0116513876999999,-0.0134355025750721
HBC1-FaONFaNN-5.4,-0.0015557418740135,-0.007148501234,-0.0075572433,-0.0091129851740135
HBC1-FaONFaNN-5.8,-0.001500914443368,-0.004777832122,-0.0051415051,-0.006642419543368
HBC1-FaONFaNN-6.4,-0.0014848411028796,-0.002849711284,-0.0030999248,-0.0045847659028796
HBC1-FaONFaNN-7.0,-0.00148278780456,-0.00182708533,-0.0019943961,-0.00347718390456
HBC1-FaONFaNN-8.0,-0.0014825238987188,-0.000973383096,-0.001061871,-0.0025443948987188
HBC1-FaONFaON-10.0,-0.0014825174825174,-0.00053226908,-0.0005929848,-0.0020755022825174
HBC1-FaONFaON-3.4,-0.0233395505829952,-0.083034295204,-0.0526529394,-0.07599248998299521
HBC1-FaONFaON-3.5,-0.0212450981443171,-0.080141874904,-0.0536571389999999,-0.074902237144317
HBC1-FaONFaON-3.6,-0.0181255033207171,-0.074047393938,-0.0518485889999999,-0.069974092320717
HBC1-FaONFaON-3.7,-0.0149156693987236,-0.066569810174,-0.0484594495999999,-0.0633751189987235
HBC1-FaONFaON-3.8,-0.0119558985443102,-0.058629120438,-0.0443170044999999,-0.0562729030443101
HBC1-FaONFaON-3.9,-0.0093919744619058,-0.050811458166,-0.039932192,-0.049324166461905794
HBC1-FaONFaON-4.0,-0.0072828102920594,-0.043527817956,-0.0356075716,-0.0428903818920594
HBC1-FaONFaON-4.1,-0.0056302084726643,-0.037029194958,-0.0315405998999999,-0.0371708083726642
HBC1-FaONFaON-4.2,-0.0043895187458743,-0.03143176407,-0.0278526601,-0.0322421788458743
HBC1-FaONFaON-4.3,-0.0034913131523248,-0.026731541242,-0.0245816092,-0.0280729223523248
HBC1-FaONFaON-4.4,-0.0028586009853279,-0.02284772994,-0.0217257123,-0.024584313285327904
HBC1-FaONFaON-4.6,-0.0021220737964851,-0.01704774995,-0.0171174658,-0.019239539596485097
HBC1-FaONFaON-4.8,-0.0017806896299343,-0.013104496622,-0.013676568,-0.0154572576299343
HBC1-FaONFaON-5.0,-0.0016232630459004,-0.010351199348,-0.0110815829,-0.012704845945900399
HBC1-FaONFaON-5.4,-0.0015154685602599,-0.006898621618,-0.0075791326,-0.0090946011602599
HBC1-FaONFaON-5.8,-0.0014905485685367,-0.004889863608,-0.0054280831,-0.0069186316685367
HBC1-FaONFaON-6.4,-0.0014834615070348,-0.003139272038,-0.0035068527,-0.0049903142070348
HBC1-FaONFaON-7.0,-0.0014826194054696,-0.002143259538,-0.0023983856999999,-0.0038810051054695
HBC1-FaONFaON-8.0,-0.0014825201121081,-0.001247167012,-0.0013949957,-0.0028775158121081
HBC1-FaOOFaNN-3.6,-0.0329562517238831,-0.10162116335,-0.0845997256,-0.11755597732388309
HBC1-FaOOFaNN-3.8,-0.0158635946709214,-0.072952417636,-0.0601768904999999,-0.0760404851709213
HBC1-FaOOFaNN-4.0,-0.0089833520693193,-0.0522622898139999,-0.0447230186,-0.0537063706693193
HBC1-FaOOFaNN-4.2,-0.0052138887479443,-0.036932780948,-0.0332021263,-0.0384160150479443
HBC1-FaOOFaNN-4.4,-0.003266304682571,-0.026182857876,-0.0247839527,-0.028050257382571
HBC1-FaOOFaNN-4.6,-0.0023255438894281,-0.0189344366679999,-0.0187539766,-0.0210795204894281
HBC1-FaOOFaNN-5.0,-0.0016778899697868,-0.01074657647,-0.0113216539999999,-0.0129995439697867
HBC1-FaOOFaNN-5.8,-0.0014951191620848,-0.004476159856,-0.0049308586,-0.0064259777620848
HBC1-FaOOFaNN-6.4,-0.0014841382613382,-0.002643178132,-0.002941327,-0.0044254652613382
HBC1-FaOOFaNN-7.0,-0.0014827055509015,-0.001671388656,-0.0018684985,-0.0033512040509015
HBC1-FaOOFaON-10.0,-0.0014825174825174,-0.000354421088,-0.0004101674999999,-0.0018926849825173
HBC1-FaOOFaON-3.4,-0.0258803787367771,-0.094704693188,-0.0689020207,-0.0947823994367771
HBC1-FaOOFaON-3.5,-0.020826751624229,-0.085465521876,-0.0640024817,-0.08482923332422901
HBC1-FaOOFaON-3.6,-0.0165058351928689,-0.075343006998,-0.0579509887,-0.0744568238928689
HBC1-FaOOFaON-3.7,-0.012876275871228,-0.065260651344,-0.0516114327999999,-0.0644877086712279
HBC1-FaOOFaON-3.8,-0.0099094509246792,-0.055747855478,-0.0454540763,-0.0553635272246792
HBC1-FaOOFaON-3.9,-0.0075647224480327,-0.0471246182959999,-0.0397255022,-0.047290224648032696
HBC1-FaOOFaON-4.0,-0.0057799447885508,-0.039575002908,-0.034551649,-0.04033159378855079
HBC1-FaOOFaON-4.1,-0.0044712676095318,-0.033166897526,-0.029998744,-0.0344700116095318
HBC1-FaOOFaON-4.2,-0.003541491477058,-0.027860621012,-0.0260708874,-0.029612378877057997
HBC1-FaOOFaON-4.3,-0.0028950038366796,-0.0235331459019999,-0.0227240112,-0.025619015036679602
HBC1-FaOOFaON-4.4,-0.002450651510198,-0.020024472748,-0.0198879748,-0.022338626310198
HBC1-FaOOFaON-4.6,-0.0019387693535946,-0.014848713712,-0.0154415044,-0.0173802737535946
HBC1-FaOOFaON-4.8,-0.0016992337545723,-0.01134737121,-0.0121973208,-0.0138965545545723
HBC1-FaOOFaON-5.0,-0.0015865915516638,-0.008903873664,-0.0097878224,-0.0113744139516638
HBC1-FaOOFaON-5.4,-0.0015075128714755,-0.005834880268,-0.0065691422,-0.0080766550714755
HBC1-FaOOFaON-5.8,-0.0014886918239198,-0.004047635438,-0.0046068747,-0.0060955665239198
HBC1-FaOOFaON-6.4,-0.0014832426193073,-0.002505808088,-0.0028764319,-0.0043596745193072994
HBC1-FaOOFaON-7.0,-0.0014825940562079,-0.0016493966999999,-0.0019011348999999,-0.0033837289562078
HBC1-FaOOFaON-8.0,-0.0014825193758227,-0.000907885314,-0.0010494965999999,-0.0025320159758226
HBC1-FaOOFaOO-10.0,-0.0014825174825174,-0.000207489324,-0.0002534951999999,-0.0017360126825173
HBC1-FaOOFaOO-3.4,-0.0275941567603803,-0.102227057674,-0.0795728526,-0.10716700936038029
HBC1-FaOOFaOO-3.5,-0.0199261660549596,-0.08720527683,-0.0687800938999999,-0.0887062599549595
HBC1-FaOOFaOO-3.6,-0.0148829188980245,-0.073785243448,-0.0593069704,-0.0741898892980245
HBC1-FaOOFaOO-3.7,-0.0111430252293427,-0.061903531452,-0.0510042805,-0.0621473057293427
HBC1-FaOOFaOO-3.8,-0.0083347537264848,-0.051538308248,-0.0437291977,-0.0520639514264848
HBC1-FaOOFaOO-3.9,-0.0062587159057312,-0.042678418496,-0.0374182621,-0.0436769780057312
HBC1-FaOOFaOO-4.0,-0.004763026525561,-0.035276053596,-0.0320176012,-0.036780627725561
HBC1-FaOOFaOO-4.1,-0.0037135071385236,-0.029215357374,-0.0274523357,-0.0311658428385236
HBC1-FaOOFaOO-4.2,-0.0029924738065474,-0.024323900146,-0.0236235002,-0.026615974006547402
HBC1-FaOOFaOO-4.3,-0.0025039963166869,-0.020400248344,-0.0204201805,-0.0229241768166869
HBC1-FaOOFaOO-4.4,-0.0021753994394113,-0.017254442464,-0.0177379256,-0.0199133250394113
HBC1-FaOOFaOO-4.6,-0.0018060682539009,-0.012654458334,-0.0135799107,-0.015385978953900899
HBC1-FaOOFaOO-4.8,-0.0016371093256452,-0.00956650086,-0.0105827971,-0.012219906425645199
HBC1-FaOOFaOO-5.0,-0.0015580212345302,-0.007418938548,-0.0083777944999999,-0.0099358157345301
HBC1-FaOOFaOO-5.4,-0.0015013697059126,-0.0047260394719999,-0.0054598642999999,-0.0069612340059125
HBC1-FaOOFaOO-5.8,-0.0014872770787816,-0.003168754008,-0.0037068837,-0.0051941607787816
HBC1-FaOOFaOO-6.4,-0.0014830794791569,-0.0018583202819999,-0.0022019111,-0.0036849905791569
HBC1-FaOOFaOO-7.0,-0.0014825763853546,-0.001161430256,-0.0013880971,-0.0028706734853546
HBC1-FaOOFaOO-8.0,-0.0014825190602719,-0.00059282664,-0.0007156971,-0.0021982161602719
HSG-11,-0.0018154399312336,-0.007799654366,-0.0075452641999999,-0.0093607041312335
HSG-12,-0.0027444448799613,-0.002762699632,-0.0002862352,-0.0030306800799612997
HSG-13,-0.0020488692430571,-0.002080311548,-0.0004093707999999,-0.0024582400430570002
HSG-17,-0.0022125950453507,-0.001673141638,0.0004479927999999,-0.0017646022453508
HSG-3,-0.0018956903538104,0.000993303346,0.0040289115,0.0021332211461896
HSG-4,-0.0053957001894459,-0.037245449192,-0.0270369962999999,-0.0324326964894458
HSG-6,-0.0020031393462601,-0.005040460698,-0.0037733494,-0.0057764887462601
HSG-7,-0.0017754287569574,-0.002445569252,-0.001379867,-0.0031552957569574
HSG-8,-0.0019711831978,-9.2111236e-05,0.0033511653,0.0013799821021999998
JSCH-10,-0.0063435864104209,-0.037135808136,-0.0287718663,-0.0351154527104209
JSCH-100,-0.0021967191509734,0.003374171626,0.0069361887,0.0047394695490266
JSCH-101,-0.0031000492405296,-0.005906593168,0.0018263946,-0.0012736546405295998
JSCH-102,-0.0025369238704317,-0.001109318882,0.0046451415999999,0.0021082177295681996
JSCH-103,-0.0030834881776799,-0.0145666429719999,-0.0086529201999999,-0.011736408377679801
JSCH-104,-0.0023481391374055,-0.008468656042,-0.0023277035999999,-0.0046758427374054
JSCH-106,-0.0023076904601983,-0.00292907356,0.0015906406,-0.0007170498601982999
JSCH-108,-0.0022568169980129,-0.004369068592,-0.000914514,-0.0031713309980129
JSCH-109,-0.0022790690379848,-0.004501657776,0.0007497389,-0.0015293301379848
JSCH-110,-0.0025271359343894,-0.004155682874,0.0017695989999999,-0.0007575369343894999
JSCH-111,-0.002938994638266,-0.002688915026,-0.0026363360999999,-0.0055753307382659
JSCH-112,-0.0026971736965319,-0.0040513007639999,0.0007664936999999,-0.001930679996532
JSCH-113,-0.0026122655554385,-0.005228189134,-0.0055897024,-0.0082019679554385
JSCH-114,-0.0040889153727963,-0.009246342602,-0.0027682084,-0.006857123772796301
JSCH-121,-0.0031287847572916,-0.010613987286,-0.0074348258999999,-0.0105636106572915
JSCH-124,-0.0026244028328213,-0.0137115064799999,-0.0093513513,-0.011975754132821299
JSCH-14,-0.0095195174374731,-0.0563615585399999,-0.0456417513,-0.055161268737473096
JSCH-15,-0.0033059186262888,-0.0130629031399999,-0.0048042974999999,-0.0081102161262887
JSCH-18,-0.0085043257424035,-0.045527970418,-0.0354323736,-0.0439366993424035
JSCH-19,-0.0062784323015728,-0.045680479852,-0.0370275883999999,-0.0433060207015727
JSCH-23,-0.0080732682440697,-0.045599205232,-0.036302824,-0.0443760922440697
JSCH-25,-0.0067279660039101,-0.033418848848,-0.0235070052,-0.0302349712039101
JSCH-26,-0.0084242820372698,-0.04778150846,-0.0366360093,-0.0450602913372698
JSCH-30,-0.006181926718589,-0.030734714682,-0.0215083661,-0.027690292818589
JSCH-39,-0.0015765135687015,-0.003430107688,-0.0028742981999999,-0.0044508117687014
JSCH-40,-0.0015069481999901,-0.006773363086,-0.0062016992,-0.0077086473999901
JSCH-41,-0.0018947111126167,-0.003425167466,-0.0022055469,-0.0041002580126167
JSCH-43,-0.0014844666465441,0.007367783346,0.007074854,0.0055903873534559004
JSCH-44,-0.001602920403005,0.010049845806,0.0101998658999999,0.0085969454969949
JSCH-45,-0.0022787251036395,-0.00182549171,0.0046721364999999,0.0023934113963604005
JSCH-46,-0.0015040516452839,0.0039872372399999,0.0038401396,0.0023360879547161
JSCH-52,-0.00149132011173,-0.000967486702,-0.0009202837999999,-0.0024116039117299
JSCH-55,-0.0014937873800664,0.003206841526,0.0034731319,0.0019793445199335997
NBC1-BzBz_PD32-0.2,-0.0057663420882706,-0.010979404352,0.0107836280999999,0.005017286011729301
NBC1-BzMe-3.3,-0.0032501378890701,-0.004981178034,-0.0001516253,-0.0034017631890700998
NBC1-BzMe-3.7,-0.0019956906862717,-0.001678241222,-0.0002484808999999,-0.0022441715862716
NBC1-MeMe-3.2,-0.0020787919137823,-0.001669157588,-0.0002059377999999,-0.0022847297137821997
NBC1-MeMe-3.3,-0.0018952901042455,-0.001167167288,-0.0001642947,-0.0020595848042455
NBC1-MeMe-3.4,-0.001767987866252,-0.000812586838,-0.0001313992999999,-0.0018993871662519
NBC1-MeMe-3.5,-0.0016798154487026,-0.000562866584,-0.0001053585,-0.0017851739487026
NBC1-MeMe-3.6,-0.0016188328969937,-0.000387409022,-8.469570000000004e-05,-0.0017035285969937
NBC1-MeMe-3.7,-0.00157670643,-0.000264700282,-6.825990000000005e-05,-0.00164496633
NBC1-MeMe-3.8,-0.0015476316347841,-0.0001789635259999,-5.515239999999998e-05,-0.0016027840347841
NBC1-MeMe-3.9,-0.0015275757991387,-0.0001193621379999,-4.467220000000002e-05,-0.0015722479991387
NBC1-MeMe-4.0,-0.0015137431567375,-7.808738e-05,-3.62705e-05,-0.0015500136567375001
NBC1-MeMe-4.1,-0.0015041996491364,-4.9720944e-05,-2.9517299999999982e-05,-0.0015337169491364
NBC1-MeMe-4.2,-0.0014976100234642,-3.027878e-05,-2.4074699999999985e-05,-0.0015216847234642
NBC1-MeMe-4.3,-0.0014930542239782,-1.7211096e-05,-1.9677299999999995e-05,-0.0015127315239782
NBC1-MeMe-4.4,-0.0014898987276723,-8.446186e-06,-1.6115500000000012e-05,-0.0015060142276723
NBC1-MeMe-4.6,-0.0014861828383987,1.115534e-06,-1.08688e-05,-0.0014970516383987001
NBC1-MeMe-4.8,-0.0014843705081096,4.78086e-06,-7.377299999999998e-06,-0.0014917478081096
NBC1-MeMe-5.0,-0.001483472656534,5.896394e-06,-5.033399999999998e-06,-0.0014885060565339998
NBC1-MeMe-5.4,-0.0014827863319879,5.099584000000001e-06,-2.365699999999997e-06,-0.0014851520319879002
NBC1-MeMe-5.8,-0.0014825982635541,3.665326e-06,-1.1122000000000012e-06,-0.0014837104635541001
S22-1,-0.0022211545149049,-0.007791845628,-0.0060988366,-0.0083199911149049
S22-10,-0.0019442301417606,-0.001534177974,-0.0002023254999999,-0.0021465556417605
S22-11,-0.0028979678385725,-0.00404859161,0.0036327647999999,0.0007347969614273997
S22-12,-0.0028636392277295,-0.006798064196,-0.0008675010999999,-0.0037311403277294
S22-16,-0.0018918383957016,-0.002824054002,-0.0030124924,-0.0049043307957016
S22-17,-0.0019393956266669,-0.0043263595759999,-0.0046910783,-0.0066304739266669
S22-18,-0.0019219446526615,-0.002775129868,-0.0024277556,-0.0043497002526615
S22-19,-0.0022174710454477,-0.006119819524,-0.0045763662999999,-0.0067938373454476
S22-2,-0.0027726968466997,-0.012910234344,-0.0113321974999999,-0.0141048943466996
S22-20,-0.002286147470462,-0.00318803681,-0.0014857727,-0.003771920170462
S22-21,-0.0025498539362302,-0.00676810414,-0.0078319615,-0.0103818154362302
S22-22,-0.0029897873836339,-0.013653817436,-0.0101464463,-0.0131362336836339
S22-3,-0.0083145408207371,-0.051345798952,-0.0434768918,-0.0517914326207371
S22-4,-0.0065443264346789,-0.0404124502179999,-0.033503556,-0.0400478824346789
S22-5,-0.0073109475391551,-0.047472664904,-0.0412098096,-0.0485207571391551
S22-6,-0.0079589638888495,-0.042882879942,-0.0347306821999999,-0.0426896460888494
S22-8,-0.0015670649886131,-0.0002403178959999,-7.687459999999998e-05,-0.0016439395886131
S22-9,-0.001868154244416,-0.001799834428,-0.0009634983,-0.0028316525444159997
S22by7-1-0.7,-0.0139115559604746,-0.043746143896,-0.0192893042,-0.0332008601604746
S22by7-1-0.8,-0.0062939190836794,-0.02357203023,-0.0126697642,-0.018963683283679398
S22by7-1-0.9,-0.0033617308762444,-0.0134818658379999,-0.0086503405,-0.0120120713762444
S22by7-1-1.0,-0.0022211545149049,-0.008285549104,-0.0060988366,-0.0083199911149049
S22by7-1-1.2,-0.0016026088308635,-0.003820066502,-0.0032740024999999,-0.0048766113308633995
S22by7-1-1.5,-0.0014919797380038,-0.0016463688219999,-0.0014867686,-0.0029787483380038
S22by7-1-2.0,-0.0014826916666544,-0.0005737032,-0.0005160747,-0.0019987663666544
S22by7-10-0.8,-0.0038385270950815,-0.006556630766,1.1955999999999914e-05,-0.0038265710950815
S22by7-11-0.7,-0.1501649638979357,-0.128689914584,0.0203918815999999,-0.1297730822979358
S22by7-12-0.9,-0.0055859336476529,-0.01981905513,-0.0008289749,-0.006414908547652899
S22by7-13-0.8,-0.0159679256902383,-0.073889625558,-0.0149436076999999,-0.0309115333902382
S22by7-13-2.0,-0.0014825731246615,-0.000994737604,-0.0009457686,-0.0024283417246614997
S22by7-15-1.5,-0.0014954138989278,-0.002480150806,-0.0022067133,-0.0037021271989278
S22by7-17-0.7,-0.006305823467917,-0.017089821518,-0.0082486089,-0.014554432367916998
S22by7-17-0.8,-0.0037244599834511,-0.010459246784,-0.0069328995999999,-0.010657359583451
S22by7-17-1.2,-0.0015703130329812,-0.003180546796,-0.0031671815,-0.0047374945329812
S22by7-18-1.0,-0.0019219449686765,-0.00316811656,-0.0024277498,-0.0043496947686765
S22by7-18-1.2,-0.0015638960983347,-0.001696886576,-0.0015796832,-0.0031435792983347
S22by7-18-2.0,-0.0014826262424077,-0.000355536622,-0.0003488396999999,-0.0018314659424075999
S22by7-2-0.7,-0.0153738557529552,-0.0475765689279999,-0.0312374192,-0.0466112749529552
S22by7-2-0.8,-0.0076666254647859,-0.030419177922,-0.0213708258999999,-0.0290374513647858
S22by7-2-0.9,-0.0042923946117326,-0.020187340712,-0.0152933138,-0.0195857084117326
S22by7-2-1.0,-0.0027726968466997,-0.014075170564,-0.0113321974999999,-0.0141048943466996
S22by7-2-1.2,-0.0017653409486078,-0.007763957278,-0.0067340644,-0.0084994053486078
S22by7-2-1.5,-0.0015151133169473,-0.003928751386,-0.0035504532,-0.0050655665169473
S22by7-2-2.0,-0.0014835057894822,-0.0017327430259999,-0.0015504809,-0.0030339866894822003
S22by7-22-0.7,-0.014050024715006,-0.049543892818,-0.0266792321,-0.040729256815006
S22by7-22-0.8,-0.0074993786333783,-0.031782201108,-0.0185527829,-0.026052161533378297
S22by7-22-0.9,-0.0044550390699697,-0.021016819922,-0.0134842514999999,-0.0179392905699696
S22by7-22-1.0,-0.0029897873836339,-0.01449556752,-0.0101464315999999,-0.0131362189836338
S22by7-22-1.2,-0.0019014995110354,-0.007741965322,-0.006196552,-0.0080980515110354
S22by7-22-1.5,-0.0015542764220623,-0.003744688276,-0.0033480221,-0.0049022985220623
S22by7-22-2.0,-0.0014870730194295,-0.001572424854,-0.0014652154999999,-0.0029522885194294
S22by7-3-0.7,-0.0458879979895436,-0.14596842071,-0.1076513682,-0.1535393661895436
S22by7-3-0.8,-0.0347873392976902,-0.104182429414,-0.0771503567999999,-0.11193769609769011
S22by7-3-0.9,-0.0151268784303435,-0.073926278818,-0.0571951765,-0.0723220549303435
S22by7-3-1.2,-0.0033035367345957,-0.02997758582,-0.0265307165,-0.0298342532345957
S22by7-3-1.5,-0.0017636129529203,-0.014708953238,-0.0139226646,-0.015686277552920302
S22by7-3-2.0,-0.001498280392632,-0.0057472311679999,-0.0056784447,-0.007176725092632
S22by7-4-0.7,-0.0386712064955268,-0.128907284352,-0.0806087839,-0.1192799903955268
S22by7-4-0.8,-0.0253026541696603,-0.086100738808,-0.0580694179,-0.0833720720696603
S22by7-4-0.9,-0.0120557363363313,-0.058913422246,-0.0434740604999999,-0.0555297968363312
S22by7-4-1.0,-0.0065443264346789,-0.0418962698,-0.033503556,-0.0400478824346789
S22by7-4-1.2,-0.0027017181698181,-0.023812188764,-0.0211997021999999,-0.023901420369818
S22by7-4-1.5,-0.0016442812281732,-0.012429598552,-0.0119080171,-0.0135522983281732
S22by7-4-2.0,-0.0014892184894549,-0.005625000514,-0.0055110903,-0.0070003087894549
S22by7-5-0.7,-0.0435933824555272,-0.142082537702,-0.0937009162,-0.1372942986555272
S22by7-5-1.0,-0.0073109528277376,-0.050557275776,-0.0412099042999999,-0.0485208571277375
S22by7-6-0.9,-0.0145880973710804,-0.06243643798,-0.0461064044999999,-0.0606945018710803
S22by7-6-1.0,-0.0079589526196355,-0.0438766613739999,-0.0347306621,-0.0426896147196355
S22by7-6-1.2,-0.0031453138810306,-0.023752587376,-0.020942717,-0.0240880308810306
S22by7-8-0.7,-0.0065620242876623,-0.011852708112,-0.0008874128,-0.0074494370876623
S22by7-8-0.8,-0.0027993971777492,-0.00322150283,-0.0003768735,-0.0031762706777491998
S22by7-8-0.9,-0.0018178864868824,-0.000867407366,-0.0001662106999999,-0.0019840971868822998
S22by7-8-1.0,-0.0015670649886131,-0.000222947438,-7.687459999999998e-05,-0.0016439395886131
S22by7-8-1.2,-0.001488180306017,-5.57767e-06,-1.9078799999999987e-05,-0.0015072591060169998
S22by7-8-1.5,-0.0014826665277541,2.231068e-06,-3.337999999999999e-06,-0.0014860045277541002
S22by7-8-2.0,-0.0014825181136192,3.1872400000000004e-07,-3.987e-07,-0.0014829168136192
S22by7-9-0.7,-0.0164056043620072,-0.034938365518,-0.0065534155,-0.0229590198620072
S22by7-9-0.8,-0.0060253711035491,-0.012783541554,-0.003410219,-0.0094355901035491
S22by7-9-0.9,-0.0028296314230052,-0.004716637114,-0.0017998011,-0.0046294325230052
S22by7-9-1.2,-0.0015133910712676,-0.000338325526,-0.0002929329999999,-0.0018063240712675
S22by7-9-1.5,-0.0014834548804458,-5.035839200000001e-05,-5.81764e-05,-0.0015416312804458
S22by7-9-2.0,-0.0014825249505551,-5.57767e-06,-5.417999999999998e-06,-0.0014879429505551
S66-1,-0.0026761697365072,-0.013655092332,-0.0109590604,-0.0136352301365072
S66-10,-0.0028177266445922,-0.009514548848,-0.006549406,-0.0093671326445922
S66-11,-0.0027993445551229,-0.011687449718,-0.0079467441,-0.0107460886551229
S66-12,-0.0040756919627187,-0.020613793424,-0.0168291484,-0.0209048403627187
S66-13,-0.0026396361467131,-0.013551188308,-0.0099134056999999,-0.012553041846713
S66-14,-0.0039154346379961,-0.01782703013,-0.013526449,-0.0174418836379961
S66-15,-0.003510443926371,-0.018713242212,-0.014112646,-0.017623089926371
S66-16,-0.002368036066372,-0.011746732382,-0.0091098268,-0.011477862866372
S66-17,-0.0068004325076368,-0.043801920596,-0.0350784871,-0.0418789196076368
S66-18,-0.0037747060132866,-0.018445195328,-0.0152659886,-0.0190406946132866
S66-19,-0.0040593167612841,-0.019309415454,-0.0158275068,-0.0198868235612841
S66-2,-0.0029465837603225,-0.015167118988,-0.0119202022,-0.0148667859603225
S66-20,-0.0081762128864778,-0.0535822852599999,-0.0438061204,-0.051982333286477805
S66-23,-0.0072259768975084,-0.0486532186,-0.0394381819,-0.046664158797508404
S66-24,-0.0024588755405429,-0.002668197966,0.0033465821,0.0008877065594570998
S66-29,-0.0027318640544696,-0.010548330142,-0.0043966309999999,-0.0071284950544695
S66-3,-0.0039990597472408,-0.02026925278,-0.0168733427,-0.020872402447240798
S66-30,-0.0021908894106274,-0.001421349678,0.0025139131,0.0003230236893726002
S66-31,-0.0022268911294863,-0.006036473198,-0.0022094064,-0.0044362975294863
S66-32,-0.002201177019965,-0.00745176712,-0.0036709446999999,-0.0058721217199648994
S66-33,-0.0022303418850785,-0.002727799354,0.0012161422,-0.0010141996850785
S66-34,-0.0025148704674296,-0.002627720018,0.0003025216,-0.0022123488674296
S66-35,-0.0022051127059066,-0.001855133042,1.657320000000017e-05,-0.0021885395059066
S66-36,-0.0019619001047853,-0.00105019558,-0.0001622503,-0.0021241504047853003
S66-37,-0.0022036068984169,-0.001822782556,5.489420000000034e-05,-0.0021487126984168995
S66-38,-0.0023130009921315,-0.002109793518,0.0007315475,-0.0015814534921315
S66-4,-0.0035755246267886,-0.02131705793,-0.0169706815999999,-0.0205462062267885
S66-40,-0.0022599972906789,-0.002890348594,-0.0003030049999999,-0.0025630022906788
S66-41,-0.0024841780395594,-0.003932416712,-0.0006169078,-0.0031010858395594003
S66-42,-0.0023271165904735,-0.0031713038,0.0011888909,-0.0011382256904735
S66-44,-0.002053743201039,-0.0016231019699999,5.772099999999994e-05,-0.001996022201039
S66-45,-0.0020164698190612,-0.001978160506,-0.0002915703,-0.0023080401190612
S66-47,-0.0021898611972645,-0.003226602414,-0.0014854733,-0.0036753344972645
S66-48,-0.0022643130373314,-0.004833130736,-0.0044959271,-0.0067602401373314
S66-5,-0.0030092854807056,-0.015214768226,-0.0116624478,-0.0146717332807056
S66-51,-0.0018681161189259,-0.003364450544,-0.0029066867999999,-0.0047748029189258
S66-59,-0.0020179052066324,-0.007142445478,-0.0058172613,-0.0078351665066324
S66-6,-0.0043486340453576,-0.021051560838,-0.0169611844,-0.0213098184453576
S66-60,-0.0026615283599502,-0.012409678302,-0.0101194021,-0.012780930459950199
S66-66,-0.0024919022305318,-0.007366189726,-0.0043514685999999,-0.0068433708305317
S66-7,-0.0036647695658246,-0.021074668328,-0.0164916058,-0.0201563753658246
S66-8,-0.0027068004899233,-0.013472622842,-0.0106180377,-0.0133248381899233
S66-9,-0.0023011372921646,-0.0069328844479999,-0.0047697430999999,-0.0070708803921645
SSI-001LEU-154LEU-1,-0.0018187023609335,-0.001043343014,-2.3133499999999988e-05,-0.0018418358609335
SSI-003THR-182GLU-1,-0.0020999359101514,-0.003194251928,-0.0008887883999999,-0.0029887243101513
SSI-003TYR-056ALA-1,-0.0021070395213592,-0.002422461762,-0.0016192237,-0.0037262632213591997
SSI-004LEU-031TYR-1,-0.0017330981581711,-0.000711710692,2.7698400000000185e-05,-0.0017053997581711
SSI-005LEU-010TRP-1,-0.0016648235844085,-0.000629001814,-0.0003086417999999,-0.0019734653844084
SSI-005LEU-015LYS-1,-0.0015967946653811,-0.000371791546,2.449389999999998e-05,-0.0015723007653811
SSI-005PHE-163LEU-1,-0.0019458420508324,-0.001682703358,0.0008218914,-0.0011239506508324
SSI-006GLU-010TYR-1,-0.0020505150338246,-0.002615608506,-0.0014076247999999,-0.0034581398338244997
SSI-007THR-031LYS-1,-0.0019736905780632,-0.001402704324,-4.615939999999999e-05,-0.0020198499780632
SSI-009ARG-128ARG-2,-0.0017476365485472,0.1002488971679999,0.1015906469,0.0998430103514528
SSI-009GLN-068ILE-1,-0.0016306118341829,-0.0003182459139999,0.0003542037999999,-0.0012764080341829999
SSI-009VAL-025ILE-1,-0.0018097120753882,-0.001038721516,3.340580000000001e-05,-0.0017763062753882
SSI-013LEU-065PHE-1,-0.0026101929403315,-0.003917436684,0.0016672427999999,-0.0009429501403316
SSI-015ILE-034LEU-1,-0.0017125857487104,-0.000583743006,3.487690000000003e-05,-0.0016777088487104001
SSI-016LEU-062LEU-1,-0.0020072718949444,-0.001674416534,5.554210000000005e-05,-0.0019517297949444
SSI-019VAL-075LEU-1,-0.0017433974229452,-0.0006669299699999,3.4196900000000005e-05,-0.0017092005229451999
SSI-022GLN-058GLU-1,-0.0024276066905759,-0.00429719633,-0.0002926680999999,-0.0027202747905758
SSI-023ASP-057ARG-1,-0.005336633644675,-0.177265205166,-0.1728418677,-0.178178501344675
SSI-023GLU-028LEU-1,-0.0019697666886708,-0.0012296371919999,0.0002522542999999,-0.0017175123886709
SSI-024LEU-260ILE-1,-0.0017973871785791,-0.000925255772,-2.55306e-05,-0.0018229177785791
SSI-024LYS-069TYR-2,-0.0021300429799935,-0.007667224544,-0.0065321783,-0.0086622212799935
SSI-025SER-075ASP-1,-0.0018877922667644,0.007664356028,0.0101857432,0.0082979509332356
SSI-029PHE-103HIE-1,-0.0018702574731612,-0.000121433844,0.0024796307,0.0006093732268387998
SSI-031PHE-095TYR-1,-0.0020610661482318,-0.002899432228,-0.0008815061999999,-0.0029425723482317
SSI-034ASP-037PHE-1,-0.0021774627242342,-0.002196327084,0.0010331165,-0.0011443462242342003
SSI-034TYR-143MET-1,-0.0023332158083563,-0.004078551666,-0.0033716998999999,-0.0057049157083562
SSI-035ALA-065LEU-1,-0.0017335909323117,-0.000771790166,-0.0001020397999999,-0.0018356307323116
SSI-036ARG-162GLN-1,-0.0027158372279624,-0.027143810736,-0.02651053,-0.029226367227962402
SSI-038PHE-046ARG-1,-0.0018954337727108,-0.001616568128,0.000173389,-0.0017220447727108001
SSI-039THR-046THR-1,-0.0041401338927732,-0.019882959292,-0.0144425839,-0.0185827177927732
SSI-039THR-077LEU-1,-0.0017798197427291,-0.000850355632,8.224100000000001e-06,-0.0017715956427291
SSI-041ILE-107PHE-2,-0.001729716871571,-0.001064378798,-0.0001264519,-0.0018561687715709999
SSI-043LEU-055THR-1,-0.0017635315700774,-0.000827248142,8.425099999999998e-05,-0.0016792805700774
SSI-043TYR-048GLN-1,-0.0016881242837005,-0.002047323614,0.0020532506999999,0.0003651264162994
SSI-048LYS-082ILE-1,-0.0018412675202749,-0.001158880464,0.0001436621,-0.0016976054202749
SSI-049GLU-080ARG-1,-0.0026796307112849,-0.137195223886,-0.1370178589,-0.13969748961128492
SSI-051VAL-104ILE-1,-0.0017292757912455,-0.000767965478,3.421720000000003e-05,-0.0016950585912455
SSI-052ILE-056GLN-1,-0.0016717973324651,-0.001185175194,-0.000383831,-0.0020556283324651
SSI-058TRP-180SER-1,-0.0017592832692121,-0.001044139824,0.0005524198,-0.0012068634692121
SSI-059PHE-118THR-1,-0.0025521155987238,-0.00345656178,-0.0002184224999999,-0.0027705380987236997
SSI-062ILE-105TYR-1,-0.0018592392279396,-0.001117446344,0.0001844716999999,-0.0016747675279397002
SSI-065THR-069ILE-1,-0.0017569894309596,-0.00090517616,-2.2341699999999976e-05,-0.0017793311309596
SSI-068ARG-072THR-1,-0.0022531208331754,-0.01888519381,-0.0173853119999999,-0.0196384328331753
SSI-068HIE-075LYS-1,-0.0018935204810627,-0.0113123115699999,-0.0099111585999999,-0.0118046790810626
SSI-070MET-075ILE-1,-0.002375957503922,-0.0025749711959999,1.0737699999999889e-05,-0.002365219803922
SSI-075LEU-111LEU-2,-0.0019562769568657,-0.001340075058,2.8755e-05,-0.0019275219568656997
SSI-079ASP-135ILE-1,-0.0017714591848179,-0.0009517098639999,0.0003676746,-0.0014037845848179002
SSI-083LEU-088TYR-2,-0.001772388007091,-0.001124458272,0.0004797365,-0.001292651507091
SSI-084TYR-089ASP-1,-0.0019941568927008,0.0023950514979999,0.0054509087,0.0034567518072992
SSI-091LYS-140SER-2,-0.0022403429225085,-0.023066533966,-0.0229384354,-0.025178778322508498
SSI-095TYR-106TYR-1,-0.0029788353507634,-0.012474219912,-0.0052037769999999,-0.0081826123507633
SSI-113ILE-185VAL-1,-0.0022893204983333,-0.002402860236,-0.0001109591,-0.0024002795983333
SSI-115ASP-156ASP-1,-0.0047477891553088,0.131104408246,0.1506207994,0.1458730102446912
SSI-115GLU-123PRO-1,-0.0017350345199504,-0.000862626506,-2.6092099999999967e-05,-0.0017611266199504
SSI-126LEU-162PHE-1,-0.001798917628055,-0.00108764565,-0.0003275109,-0.002126428528055
SSI-130VAL-185PHE-1,-0.0018201444669974,-0.001026450642,-0.0002597613999999,-0.0020799058669973003
SSI-131ASP-182PHE-1,-0.0019951400495507,-0.00024462067,0.0027352162999999,0.0007400762504491997
SSI-131THR-149LEU-1,-0.0016906005276323,-0.000647965892,-4.414350000000001e-05,-0.0017347440276323
SSI-136SER-144ARG-1,-0.0030741317007176,-0.02318956143,-0.0211919582999999,-0.0242660900007175
SSI-153PHE-163LEU-1,-0.0017888103848029,-0.001056729422,-0.0006352806,-0.0024240909848029
SSI-158VAL-205TYR-1,-0.0019380860906759,-0.001427405434,-0.0002078804,-0.0021459664906759
SSI-165TYR-208ILE-1,-0.0017170168613883,-0.00079282595,0.0001930976999999,-0.0015239191613884
SSI-175LEU-233ALA-1,-0.001894175201426,-0.00118166923,5.9736e-05,-0.001834439201426
SSI-189THR-199LYS-1,-0.0022369782009771,-0.002919352478,0.0004447299999999,-0.0017922482009772001
SSI-193HIE-248MET-1,-0.0020932201367409,-0.0018680413639999,-0.0001933335,-0.0022865536367409002
UBQ-ala28-asp32,-0.002961145708845,-0.018684875776,-0.0140424073,-0.017003553008845
UBQ-ala46-lys48,-0.0016286073239736,-0.038584568078,-0.0371809374,-0.038809544723973605
UBQ-arg42-val70,-0.0047880764975059,-0.033892632074,-0.0242379064,-0.029025982897505898
UBQ-asn25-lys29,-0.0026956022726629,-0.016339067136,-0.0127067407999999,-0.015402343072662802
UBQ-asp21-leu56,-0.0022529776193572,-0.014734929244,-0.0118306373,-0.0140836149193572
UBQ-gln2-glu64-small,-0.0032611284037566,-0.019009336808,-0.0134126973,-0.0166738257037566
UBQ-gln31-gly35,-0.0037979254052711,-0.0201709264259999,-0.0139413054999999,-0.017739230905271
UBQ-gln62-ser65,-0.0077559365102555,-0.044725104662,-0.0308658766,-0.038621813110255504
UBQ-glu16-lys29,-0.0035788137740521,-0.037636045454,-0.031749823,-0.035328636774052104
UBQ-glu18-asp21-C,-0.0038181360784727,-0.018095714462,-0.0118004412,-0.0156185772784727
UBQ-glu18-asp21-N,-0.0029829343529966,-0.021246619926,-0.0162738216,-0.0192567559529966
UBQ-ile13-leu15,-0.0016952164626802,-0.000629161176,-2.395379999999998e-05,-0.0017191702626802
UBQ-ile13-lys33,-0.0025002143512325,-0.002225968416,0.0003660078999999,-0.0021342064512326
UBQ-ile3-leu15-big,-0.0027695420385473,-0.021138731852,-0.0165156279,-0.0192851699385473
UBQ-ile3-leu15-part1,-0.002182941729693,-0.0139107089799999,-0.0113625501,-0.013545491829693
UBQ-ile3-leu15-part2,-0.002160284144218,-0.013695092194,-0.0112923917,-0.013452675844218
UBQ-ile3-leu15,-0.00182047553637,-0.000673941898,9.423350000000004e-05,-0.0017262420363700001
UBQ-ile3-leu67,-0.0017351018938606,-0.000660874214,-2.313300000000003e-05,-0.0017582348938606001
UBQ-ile3-val17,-0.0018834817235324,-0.001035374914,-2.2339399999999988e-05,-0.0019058211235324
UBQ-ile36-leu71,-0.0020916920450507,-0.001417843714,-0.0001683902,-0.0022600822450507003
UBQ-ile44-gly47,-0.0015680383145688,-0.000619280732,-0.0002747545,-0.0018427928145688
UBQ-ile44-his68-big,-0.0019836971355333,-0.000904698074,8.315740000000005e-05,-0.0019005397355332998
UBQ-ile44-his68-small,-0.001983179077872,-0.000879040792,8.795140000000001e-05,-0.0018952276778719998
UBQ-ile44-his68,-0.0059185290257053,-0.04065563663,-0.0307263357,-0.0366448647257053
UBQ-ile61-leu67,-0.0018121726937521,-0.00084621222,-0.0001003383,-0.0019125109937521
UBQ-leu15-ile30,-0.0018089401353538,-0.00072669072,-2.5717800000000064e-05,-0.0018346579353538
UBQ-leu43-leu50,-0.003174548450268,-0.01936965429,-0.0143454943999999,-0.0175200428502679
UBQ-leu50-tyr59,-0.0021315409160219,-0.002023419314,0.0031705099,0.0010389689839780999
UBQ-leu56-ile61np,-0.0021024290159274,-0.001438720136,5.543099999999998e-05,-0.0020469980159274
UBQ-leu56-ile61p,-0.0016534761713386,-0.008163796536,-0.00734311,-0.0089965861713386
UBQ-leu56-tyr59,-0.0019321425290899,-0.007528579604,-0.0057505805,-0.0076827230290899
UBQ-leu71-leu73,-0.0016976395044696,-0.000501830938,-4.40932e-05,-0.0017417327044696
UBQ-lys11-glu34,-0.0021854397743766,-0.1524899918359999,-0.1490878017,-0.1512732414743766
UBQ-lys27-asp52,-0.0032391531349716,-0.167933922618,-0.1636367644,-0.1668759175349716
UBQ-met1-val17-mono,-0.0030254296251153,-0.018700493252,-0.0145174239,-0.0175428535251153
UBQ-phe4-thr12,-0.0018745146352924,-0.000939917076,0.0002145643,-0.0016599503352923998
UBQ-phe4-thr14,-0.0021657364638962,-0.00174979476,0.0004966028,-0.0016691336638962
UBQ-phe45-ile61,-0.0020884775770555,-0.002182303228,-0.0030686246,-0.005157102177055501
UBQ-pro19-ser57,-0.0034454906600157,-0.017601214176,-0.0126780709,-0.0161235615600157
UBQ-pro37-gln40,-0.0024511999683283,-0.013779394692,-0.0106972053,-0.0131484052683283
UBQ-ser57-asn60,-0.0031114890505366,-0.01720711195,-0.0125919339,-0.0157034229505366
UBQ-thr14-lys33,-0.0015926426905416,-0.021616180404,-0.0203844397,-0.0219770823905416
UBQ-thr22-asn25,-0.002001846593415,-0.009344668956,-0.0077291362,-0.009730982793415
UBQ-thr22-thr55-big,-0.0055091224271801,-0.045113310494,-0.0336974684,-0.0392065908271801
UBQ-thr22-thr55-small,-0.0020952512105925,2.1035784e-05,0.0011264984999999,-0.0009687527105925998
UBQ-thr22-val26,-0.0020916417693064,-0.012380993142,-0.0104921435999999,-0.0125837853693063
UBQ-thr55-asp58-backbone,-0.0018678300725889,-0.008167780586,-0.0068908007,-0.008758630772588899
UBQ-thr55-asp58-sidechain-small,-0.0025937691699907,-0.0306692169,-0.0274630582,-0.030056827369990703
UBQ-thr55-asp58-sidechain,-0.00303282863673,-0.023714977944,-0.0187958305,-0.02182865913673
UBQ-thr7-ile13,-0.0015164890586805,-9.0517616e-05,-5.112239999999997e-05,-0.0015676114586804998
UBQ-thr7-lys11,-0.0026989146635197,-0.016384644668,-0.0123939263,-0.0150928409635197
UBQ-thr7-thr9-v2,-0.0016214105393096,-0.001280792394,-0.0007109308,-0.0023323413393096
UBQ-tyr59-ile61,-0.0017988376043572,-0.000783104868,5.637120000000017e-05,-0.0017424664043571999
UBQ-val17-leu56,-0.0019187135224036,-0.00115298407,-0.0001010983,-0.0020198118224036
UBQ-val26-leu56,-0.0020666298825772,-0.001408600718,-0.0001172983,-0.0021839281825772002
UBQ-val5-leu15,-0.0020267696356118,-0.001329716528,-5.834889999999999e-05,-0.0020851185356118
UBQ-val5-leu69,-0.0018392341074227,-0.000963980738,8.589399999999993e-05,-0.0017533401074227
