File,Overlap Pen. Energy,SAPT Coulomb,Undamped Coulomb,SAPT - Undamped
A24-1,-0.0021016063,-0.017522170624,-0.0157159598999999,-0.0018062107240001
A24-10,-0.0006886403,-0.00550117624,-0.0052268988,-0.0002742774399999
A24-13,-0.0004031456,-0.00267011031,-0.0022241487,-0.00044596161
A24-14,-0.0003558523,-0.001363023186,-0.0002453351,-0.001117688086
A24-15,-0.0001751977,-0.0006702765719999,-0.0004330499,-0.0002372266719998
A24-16,-0.0006965594,-0.002408597268,-0.0008278366,-0.001580760668
A24-17,-0.0001855772,-0.00057529682,-7.504990000000003e-05,-0.00050024692
A24-18,-0.0001230576,-0.00037529751,-9.144240000000004e-05,-0.0002838551099999
A24-19,-0.0001079379,-0.000326054652,-7.07747e-05,-0.0002552799519999
A24-2,-0.0011559101,-0.012535733644,-0.0110782901,-0.0014574435439999
A24-23,-0.0008823831,-0.000888124426,0.0020646712,-0.002952795626
A24-5,-0.0006559732,-0.00755216518,-0.0059652015,-0.00158696368
A24-7,-0.0003049284,-0.001512026656,-0.0010172153999999,-0.0004948112560001
A24-8,-0.0001568753,-0.001109796968,-0.0006909986,-0.000418798368
A24-9,-0.0011250878,-0.010416378406,-0.0084496964999999,-0.001966681906
ACHC-AC-3.2_____,-0.002037934,-0.008893515134,-0.001082499,-0.007811016134
ACHC-AC-3.4_0.4____,-0.0011072929,-0.003739269968,0.0003114106999999,-0.0040506806679999
ACHC-AC-3.4_0.8____,-0.0011355824,-0.00303983015,0.0016085327999999,-0.0046483629499999
ACHC-AC-3.4_1.2____,-0.0010585218,-0.002167482562,0.0025947120999999,-0.0047621946619999
ACHC-AC-3.4_2.0____,-0.0006959505,-0.000409879064,0.0030115379,-0.003421416964
ACHC-AC-3.4_n0.4____,-0.0010263626,-0.00447886901,-0.0009504350999999,-0.00352843391
ACHC-AC-3.4_n1.2____,-0.0010352267,-0.00491791132,-6.43345000000072e-05,-0.0048535768199999
ACHC-AC-3.4_n1.6____,-0.0009479038,-0.005208906332,-7.001280000000845e-05,-0.0051388935319999
ACHC-AC-3.4__0.4___,-0.0010618394,-0.0054548018979999,-0.0020085561999999,-0.0034462456979999
ACHC-AC-3.4__0.8___,-0.0010202854,-0.0064924078799999,-0.0033757057,-0.0031167021799999
ACHC-AC-3.4__1.2___,-0.0009748762,-0.00703105144,-0.0041092634,-0.0029217880399999
ACHC-AC-3.4__2.0___,-0.0009104929,-0.00650117279,-0.0028723576999999,-0.0036288150900001
ACHC-AC-3.4__n0.4___,-0.0009521507,-0.003013376058,0.0002199851,-0.003233361158
ACHC-AC-3.4__n0.8___,-0.0008308592,-0.001985172434,0.0009685486,-0.002953721034
ACHC-AC-3.4__n1.2___,-0.0007345801,-0.001047645788,0.0018909256,-0.002938571388
ACHC-AC-3.4___120__,-0.001207241,-0.007353281404,-0.0015769892999999,-0.0057762921040001
ACHC-AC-3.4___150__,-0.0010375235,-0.008031366714,-0.0024069608,-0.005624405914
ACHC-AC-3.4___180__,-0.0010138013,-0.005697032138,0.000307869,-0.0060049011379999
ACHC-AC-3.4___30__,-0.0010088836,-0.002974810454,0.0006398699,-0.0036146803539999
ACHC-AC-3.4___60__,-0.0011355585,-0.002563656494,0.0024165809,-0.0049802373939999
ACHC-AC-3.4___90__,-0.0011044564,-0.006345954202,-0.000731185,-0.005614769202
ACHC-AC-3.6____4_,-0.000513534,-0.001437126516,-0.0002604102,-0.001176716316
ACHC-AC-3.6____n12_,-0.000983416,-0.004914245994,-0.0015424122999999,-0.0033718336940001
ACHC-AC-3.6____n20_,-0.0018812763,-0.0103664981,-0.0030714544,-0.0072950437
ACHC-AC-3.6_____,-0.0005374679,-0.001754734982,-0.0004096819,-0.001345053082
ACHC-AC-3.6_____4,-0.0005365567,-0.001666607796,-0.0002128339999999,-0.001453773796
ACHC-AC-3.6_____n12,-0.0008436557,-0.0034278766199999,-0.0008493748,-0.0025785018199999
ACHC-AC-3.6_____n16,-0.0010995734,-0.004672015754,-0.0010368284999999,-0.0036351872540001
ACHC-AC-3.6_____n20,-0.0014913964,-0.006454479724,-0.0012894486999999,-0.005165031024
ACHC-AC-3.6_____n4,-0.0005827804,-0.002047164252,-0.0005636119,-0.001483552352
ACHC-AC-3.6_____n8,-0.0006799749,-0.00258405483,-0.0007009466999999,-0.00188310813
ACHC-AC-3.8_____,-0.0002785816,-0.00049800625,-0.0001931919,-0.00030481435
ACHC-AC-4.0_____,-0.0001460142,0.0001317923739999,-3.365839999999982e-05,0.0001654507739998
BBI-007VAL-041VAL-1,-0.0021453227,-0.0177304567579999,-0.0123968832,-0.0053335735579999
BBI-008TRP-251HIE-2,-0.000778558,-0.01224378246,-0.0108715395,-0.00137224296
BBI-012LEU-085ASP-1,-0.0020867858,-0.019010771066,-0.0149519785999999,-0.0040587924660001
BBI-015LEU-026LEU-1,-0.0019907218,-0.018079937624,-0.0136943272,-0.0043856104239999
BBI-017ASN-021LYS-2,-0.000414642,-0.008722200984,-0.0084136911,-0.000308509884
BBI-030TRP-178GLY-2,-0.0009961809,-0.013641865286,-0.0124459842,-0.0011958810859999
BBI-033ASN-036TRP-2,-0.0001471364,0.0034858843879999,0.0054312379,-0.0019453535120001
BBI-033VAL-115VAL-1,-0.0014274136,-0.015515643682,-0.0128607793,-0.002654864382
BBI-038ALA-041GLY-1,-0.0009686202,-0.0028701096199999,0.0006279045,-0.0034980141199999
BBI-040THR-049GLN-2,-0.0014257117,-0.015936837448,-0.0135264587,-0.002410378748
BBI-041GLY-045LEU-2,-0.0011187803,-0.013793896634,-0.0116901004999999,-0.0021037961340001
BBI-044SER-047GLU-1,-0.0012212531,-0.006089062658,-0.0020820029,-0.004007059758
BBI-044TRP-054LEU-1,-0.0017917517,-0.017261135668,-0.0138308598999999,-0.003430275768
BBI-061VAL-064TYR-2,-0.001400424,-0.011717250412,-0.0090758765,-0.002641373912
BBI-072THR-075PRO-1,-0.0009242059,-0.003866600206,0.0004850551999999,-0.0043516554059999
BBI-081LEU-084LYS-1,-0.0010770668,-0.003750265946,0.0006261877,-0.004376453646
BBI-084LEU-088MET-2,-0.0013077903,-0.01456807723,-0.0117435485,-0.00282452873
BBI-087LEU-090TYR-1,-0.0018854359,-0.014606961558,-0.0102555374,-0.004351424158
BBI-108LYS-112TYR-1,-0.0006229634,-0.01092665553,-0.0100901690999999,-0.00083648643
BBI-108TYR-129TRP-1,-0.0015455512,-0.016111338838,-0.012939061,-0.0031722778379999
BBI-112SER-115ALA-2,-0.0010727366,-0.004278550976,-0.0003043288,-0.003974222176
BBI-121VAL-155THR-2,-0.0022685209,-0.01836328326,-0.0131473299,-0.0052159533599999
BBI-171ALA-175GLU-1,-0.0001765743,-0.001078402654,-0.0004357389,-0.0006426637539999
BBI-197TYR-201LEU-2,-0.0009946272,-0.01189557649,-0.0101627911999999,-0.0017327852900001
BBI-228ARG-232GLU-1,-0.0014674476,-0.015699866154,-0.0124927878999999,-0.0032070782540001
HBC1-FaNNFaNN-10.0,-0.0,-0.000163824136,-0.0001669192,3.095064000000012e-06
HBC1-FaNNFaNN-3.7,-0.0229443642,-0.087930055206,-0.0617867989999999,-0.0261432562060001
HBC1-FaNNFaNN-3.9,-0.0151231868,-0.06889697346,-0.0503593305999999,-0.0185376428600001
HBC1-FaONFaNN-10.0,-0.0,-0.000361911102,-0.0003921765,3.0265398000000005e-05
HBC1-FaONFaNN-3.7,-0.017517723,-0.077761165986,-0.0556885481,-0.022072617886
HBC1-FaONFaNN-3.8,-0.0141390562,-0.0688826308799999,-0.0506700629999999,-0.01821256788
HBC1-FaONFaNN-4.0,-0.0084894059,-0.051965876494,-0.040574103,-0.011391773494
HBC1-FaONFaNN-4.1,-0.0063420939,-0.0444859023,-0.0358801880999999,-0.0086057142000001
HBC1-FaONFaNN-4.2,-0.0046460657,-0.03788512826,-0.0315880847,-0.00629704356
HBC1-FaONFaNN-4.3,-0.0033530178,-0.032206104028,-0.0277502874999999,-0.004455816528
HBC1-FaONFaNN-4.6,-0.0011936546,-0.020071006452,-0.0188645566999999,-0.001206449752
HBC1-FaONFaNN-4.8,-0.0005860113,-0.014998513992,-0.0147409535999999,-0.000257560392
HBC1-FaONFaNN-5.0,-0.0002865912,-0.011466573986,-0.0116513876999999,0.0001848137139998
HBC1-FaONFaNN-5.4,-6.96074e-05,-0.007148501234,-0.0075572433,0.0004087420659999
HBC1-FaONFaNN-5.8,-1.74898e-05,-0.004777832122,-0.0051415051,0.000363672978
HBC1-FaONFaNN-6.4,-2.2091e-06,-0.002849711284,-0.0030999248,0.0002502135159999
HBC1-FaONFaNN-7.0,-2.57e-07,-0.00182708533,-0.0019943961,0.0001673107699999
HBC1-FaONFaNN-8.0,-6.1e-09,-0.000973383096,-0.001061871,8.848790400000001e-05
HBC1-FaONFaON-10.0,-0.0,-0.00053226908,-0.0005929848,6.071571999999997e-05
HBC1-FaONFaON-3.4,-0.0189470919,-0.083034295204,-0.0526529394,-0.030381355804
HBC1-FaONFaON-3.5,-0.0174443377,-0.080141874904,-0.0536571389999999,-0.0264847359040001
HBC1-FaONFaON-3.6,-0.0150063906,-0.074047393938,-0.0518485889999999,-0.022198804938
HBC1-FaONFaON-3.7,-0.0123124535,-0.066569810174,-0.0484594495999999,-0.0181103605740001
HBC1-FaONFaON-3.8,-0.009711184,-0.058629120438,-0.0443170044999999,-0.014312115938
HBC1-FaONFaON-3.9,-0.0073926661,-0.050811458166,-0.039932192,-0.010879266166
HBC1-FaONFaON-4.0,-0.0054511832,-0.043527817956,-0.0356075716,-0.007920246356
HBC1-FaONFaON-4.1,-0.0039127245,-0.037029194958,-0.0315405998999999,-0.0054885950580001
HBC1-FaONFaON-4.2,-0.0027493292,-0.03143176407,-0.0278526601,-0.00357910397
HBC1-FaONFaON-4.3,-0.001903113,-0.026731541242,-0.0245816092,-0.002149932042
HBC1-FaONFaON-4.4,-0.001305192,-0.02284772994,-0.0217257123,-0.0011220176399999
HBC1-FaONFaON-4.6,-0.0006073884,-0.01704774995,-0.0171174658,6.971584999999891e-05
HBC1-FaONFaON-4.8,-0.000283338,-0.013104496622,-0.013676568,0.0005720713779999
HBC1-FaONFaON-5.0,-0.0001337784,-0.010351199348,-0.0110815829,0.0007303835519999
HBC1-FaONFaON-5.4,-3.13255e-05,-0.006898621618,-0.0075791326,0.000680510982
HBC1-FaONFaON-5.8,-7.6352e-06,-0.004889863608,-0.0054280831,0.000538219492
HBC1-FaONFaON-6.4,-8.975e-07,-0.003139272038,-0.0035068527,0.000367580662
HBC1-FaONFaON-7.0,-9.69e-08,-0.002143259538,-0.0023983856999999,0.0002551261619999
HBC1-FaONFaON-8.0,-2.5e-09,-0.001247167012,-0.0013949957,0.000147828688
HBC1-FaOOFaNN-3.6,-0.0239119601,-0.10162116335,-0.0845997256,-0.01702143775
HBC1-FaOOFaNN-3.8,-0.0131238884,-0.072952417636,-0.0601768904999999,-0.012775527136
HBC1-FaOOFaNN-4.0,-0.0070186892,-0.0522622898139999,-0.0447230186,-0.0075392712139999
HBC1-FaOOFaNN-4.2,-0.0035230903,-0.036932780948,-0.0332021263,-0.003730654648
HBC1-FaOOFaNN-4.4,-0.0016906445,-0.026182857876,-0.0247839527,-0.0013989051759999
HBC1-FaOOFaNN-4.6,-0.0008003451,-0.0189344366679999,-0.0187539766,-0.0001804600679999
HBC1-FaOOFaNN-5.0,-0.0001856844,-0.01074657647,-0.0113216539999999,0.0005750775299999
HBC1-FaOOFaNN-5.8,-1.19804e-05,-0.004476159856,-0.0049308586,0.000454698744
HBC1-FaOOFaNN-6.4,-1.5409e-06,-0.002643178132,-0.002941327,0.000298148868
HBC1-FaOOFaNN-7.0,-1.788e-07,-0.001671388656,-0.0018684985,0.000197109844
HBC1-FaOOFaON-10.0,-0.0,-0.000354421088,-0.0004101674999999,5.574641199990004e-05
HBC1-FaOOFaON-3.4,-0.0205881908,-0.094704693188,-0.0689020207,-0.025802672488
HBC1-FaOOFaON-3.5,-0.0171301148,-0.085465521876,-0.0640024817,-0.0214630401759999
HBC1-FaOOFaON-3.6,-0.0136665682,-0.075343006998,-0.0579509887,-0.017392018298
HBC1-FaOOFaON-3.7,-0.0105298631,-0.065260651344,-0.0516114327999999,-0.0136492185440001
HBC1-FaOOFaON-3.8,-0.0078646352,-0.055747855478,-0.0454540763,-0.010293779178
HBC1-FaOOFaON-3.9,-0.0057122066,-0.0471246182959999,-0.0397255022,-0.0073991160959999
HBC1-FaOOFaON-4.0,-0.0040526694,-0.039575002908,-0.034551649,-0.005023353908
HBC1-FaOOFaON-4.1,-0.002826187,-0.033166897526,-0.029998744,-0.003168153526
HBC1-FaOOFaON-4.2,-0.0019504691,-0.027860621012,-0.0260708874,-0.001789733612
HBC1-FaOOFaON-4.3,-0.0013396323,-0.0235331459019999,-0.0227240112,-0.0008091347019998
HBC1-FaOOFaON-4.4,-0.0009189194,-0.020024472748,-0.0198879748,-0.000136497948
HBC1-FaOOFaON-4.6,-0.0004334383,-0.014848713712,-0.0154415044,0.000592790688
HBC1-FaOOFaON-4.8,-0.0002059625,-0.01134737121,-0.0121973208,0.0008499495899999
HBC1-FaOOFaON-5.0,-9.89282e-05,-0.008903873664,-0.0097878224,0.0008839487359999
HBC1-FaOOFaON-5.4,-2.37626e-05,-0.005834880268,-0.0065691422,0.0007342619319999
HBC1-FaOOFaON-5.8,-5.87e-06,-0.004047635438,-0.0046068747,0.000559239262
HBC1-FaOOFaON-6.4,-6.894e-07,-0.002505808088,-0.0028764319,0.0003706238119999
HBC1-FaOOFaON-7.0,-7.28e-08,-0.0016493966999999,-0.0019011348999999,0.0002517381999999
HBC1-FaOOFaON-8.0,-1.8e-09,-0.000907885314,-0.0010494965999999,0.0001416112859999
HBC1-FaOOFaOO-10.0,-0.0,-0.000207489324,-0.0002534951999999,4.600587599990001e-05
HBC1-FaOOFaOO-3.4,-0.0215661573,-0.102227057674,-0.0795728526,-0.022654205074
HBC1-FaOOFaOO-3.5,-0.0164394746,-0.08720527683,-0.0687800938999999,-0.0184251829300001
HBC1-FaOOFaOO-3.6,-0.0122842094,-0.073785243448,-0.0593069704,-0.014478273048
HBC1-FaOOFaOO-3.7,-0.0089817701,-0.061903531452,-0.0510042805,-0.0108992509519999
HBC1-FaOOFaOO-3.8,-0.0064228739,-0.051538308248,-0.0437291977,-0.007809110548
HBC1-FaOOFaOO-3.9,-0.004499422,-0.042678418496,-0.0374182621,-0.0052601563959999
HBC1-FaOOFaOO-4.0,-0.0031002642,-0.035276053596,-0.0320176012,-0.0032584523959999
HBC1-FaOOFaOO-4.1,-0.0021127377,-0.029215357374,-0.0274523357,-0.0017630216739999
HBC1-FaOOFaOO-4.2,-0.0014318243,-0.024323900146,-0.0236235002,-0.0007003999459999
HBC1-FaOOFaOO-4.3,-0.0009694623,-0.020400248344,-0.0204201805,1.9932155999997925e-05
HBC1-FaOOFaOO-4.4,-0.000657972,-0.017254442464,-0.0177379256,0.0004834831359999
HBC1-FaOOFaOO-4.6,-0.000307441,-0.012654458334,-0.0135799107,0.0009254523659999
HBC1-FaOOFaOO-4.8,-0.0001469359,-0.00956650086,-0.0105827971,0.0010162962399999
HBC1-FaOOFaOO-5.0,-7.17739e-05,-0.007418938548,-0.0083777944999999,0.0009588559519998
HBC1-FaOOFaOO-5.4,-1.79226e-05,-0.0047260394719999,-0.0054598642999999,0.000733824828
HBC1-FaOOFaOO-5.8,-4.525e-06,-0.003168754008,-0.0037068837,0.0005381296919999
HBC1-FaOOFaOO-6.4,-5.343e-07,-0.0018583202819999,-0.0022019111,0.000343590818
HBC1-FaOOFaOO-7.0,-5.6e-08,-0.001161430256,-0.0013880971,0.000226666844
HBC1-FaOOFaOO-8.0,-1.5e-09,-0.00059282664,-0.0007156971,0.0001228704599999
HSG-11,-0.0003163411,-0.007799654366,-0.0075452641999999,-0.0002543901660001
HSG-12,-0.00119716,-0.002762699632,-0.0002862352,-0.002476464432
HSG-13,-0.0005379328,-0.002080311548,-0.0004093707999999,-0.0016709407480001
HSG-17,-0.0006932494,-0.001673141638,0.0004479927999999,-0.0021211344379999
HSG-3,-0.0003925418,0.000993303346,0.0040289115,-0.003035608154
HSG-4,-0.003693344,-0.037245449192,-0.0270369962999999,-0.010208452892
HSG-6,-0.0004945359,-0.005040460698,-0.0037733494,-0.0012671112979999
HSG-7,-0.0002783413,-0.002445569252,-0.001379867,-0.001065702252
HSG-8,-0.000464206,-9.2111236e-05,0.0033511653,-0.003443276536
JSCH-10,-0.0045785009,-0.037135808136,-0.0287718663,-0.008363941836
JSCH-100,-0.0006781928,0.003374171626,0.0069361887,-0.003562017074
JSCH-101,-0.0015335351,-0.005906593168,0.0018263946,-0.007732987768
JSCH-102,-0.0010006555,-0.001109318882,0.0046451415999999,-0.0057544604819998
JSCH-103,-0.0015178796,-0.0145666429719999,-0.0086529201999999,-0.005913722772
JSCH-104,-0.0008217643,-0.008468656042,-0.0023277035999999,-0.0061409524420001
JSCH-106,-0.0007834197,-0.00292907356,0.0015906406,-0.0045197141599999
JSCH-108,-0.0007351848,-0.004369068592,-0.000914514,-0.0034545545919999
JSCH-109,-0.0007562838,-0.004501657776,0.0007497389,-0.005251396676
JSCH-110,-0.0009913835,-0.004155682874,0.0017695989999999,-0.0059252818739998
JSCH-111,-0.0013812452,-0.002688915026,-0.0026363360999999,-5.257892600010012e-05
JSCH-112,-0.0011524114,-0.0040513007639999,0.0007664936999999,-0.0048177944639998
JSCH-113,-0.0010720148,-0.005228189134,-0.0055897024,0.000361513266
JSCH-114,-0.0024664781,-0.009246342602,-0.0027682084,-0.006478134202
JSCH-121,-0.001560697,-0.010613987286,-0.0074348258999999,-0.003179161386
JSCH-124,-0.0010835087,-0.0137115064799999,-0.0093513513,-0.0043601551799999
JSCH-14,-0.0075091655,-0.0563615585399999,-0.0456417513,-0.0107198072399999
JSCH-15,-0.0017280643,-0.0130629031399999,-0.0048042974999999,-0.00825860564
JSCH-18,-0.0065788997,-0.045527970418,-0.0354323736,-0.010095596818
JSCH-19,-0.0045177961,-0.045680479852,-0.0370275883999999,-0.0086528914520001
JSCH-23,-0.0061819363,-0.045599205232,-0.036302824,-0.009296381232
JSCH-25,-0.0049361997,-0.033418848848,-0.0235070052,-0.0099118436479999
JSCH-26,-0.0065052722,-0.04778150846,-0.0366360093,-0.0111454991599999
JSCH-30,-0.0044278425,-0.030734714682,-0.0215083661,-0.009226348582
JSCH-39,-8.935e-05,-0.003430107688,-0.0028742981999999,-0.0005558094880001
JSCH-40,-2.32258e-05,-0.006773363086,-0.0062016992,-0.000571663886
JSCH-41,-0.0003916121,-0.003425167466,-0.0022055469,-0.001219620566
JSCH-43,-1.8531e-06,0.007367783346,0.007074854,0.0002929293459999
JSCH-44,-0.0001144466,0.010049845806,0.0101998658999999,-0.0001500200939999
JSCH-45,-0.0007559577,-0.00182549171,0.0046721364999999,-0.0064976282099999
JSCH-46,-2.04722e-05,0.0039872372399999,0.0038401396,0.0001470976399999
JSCH-52,-8.3687e-06,-0.000967486702,-0.0009202837999999,-4.720290200009992e-05
JSCH-55,-1.07143e-05,0.003206841526,0.0034731319,-0.000266290374
NBC1-BzBz_PD32-0.2,-0.0040399605,-0.010979404352,0.0107836280999999,-0.0217630324519999
NBC1-BzMe-3.3,-0.0016753715,-0.004981178034,-0.0001516253,-0.004829552734
NBC1-BzMe-3.7,-0.0004874666,-0.001678241222,-0.0002484808999999,-0.0014297603220001
NBC1-MeMe-3.2,-0.0005663252,-0.001669157588,-0.0002059377999999,-0.0014632197880001
NBC1-MeMe-3.3,-0.0003921618,-0.001167167288,-0.0001642947,-0.001002872588
NBC1-MeMe-3.4,-0.0002712739,-0.000812586838,-0.0001313992999999,-0.0006811875380001
NBC1-MeMe-3.5,-0.0001875138,-0.000562866584,-0.0001053585,-0.000457508084
NBC1-MeMe-3.6,-0.0001295685,-0.000387409022,-8.469570000000004e-05,-0.0003027133219999
NBC1-MeMe-3.7,-8.95333e-05,-0.000264700282,-6.825990000000005e-05,-0.0001964403819999
NBC1-MeMe-3.8,-6.18986e-05,-0.0001789635259999,-5.515239999999998e-05,-0.0001238111259999
NBC1-MeMe-3.9,-4.28346e-05,-0.0001193621379999,-4.467220000000002e-05,-7.468993799989998e-05
NBC1-MeMe-4.0,-2.96853e-05,-7.808738e-05,-3.62705e-05,-4.181688e-05
NBC1-MeMe-4.1,-2.06129e-05,-4.9720944e-05,-2.9517299999999982e-05,-2.0203644000000015e-05
NBC1-MeMe-4.2,-1.43484e-05,-3.027878e-05,-2.4074699999999985e-05,-6.204080000000016e-06
NBC1-MeMe-4.3,-1.00173e-05,-1.7211096e-05,-1.9677299999999995e-05,2.4662039999999944e-06
NBC1-MeMe-4.4,-7.0174e-06,-8.446186e-06,-1.6115500000000012e-05,7.669314000000011e-06
NBC1-MeMe-4.6,-3.4847e-06,1.115534e-06,-1.08688e-05,1.1984334e-05
NBC1-MeMe-4.8,-1.7617e-06,4.78086e-06,-7.377299999999998e-06,1.215816e-05
NBC1-MeMe-5.0,-9.081e-07,5.896394e-06,-5.033399999999998e-06,1.0929794e-05
NBC1-MeMe-5.4,-2.556e-07,5.099584000000001e-06,-2.365699999999997e-06,7.465283999999997e-06
NBC1-MeMe-5.8,-7.68e-08,3.665326e-06,-1.1122000000000012e-06,4.7775260000000016e-06
S22-1,-0.0007013668,-0.007791845628,-0.0060988366,-0.0016930090279999
S22-10,-0.000438622,-0.001534177974,-0.0002023254999999,-0.0013318524740001
S22-11,-0.0013424363,-0.00404859161,0.0036327647999999,-0.0076813564099999
S22-12,-0.0013099589,-0.006798064196,-0.0008675010999999,-0.0059305630960001
S22-16,-0.0003888847,-0.002824054002,-0.0030124924,0.000188438398
S22-17,-0.0004340328,-0.0043263595759999,-0.0046910783,0.0003647187240001
S22-18,-0.0004174667,-0.002775129868,-0.0024277556,-0.0003473742679999
S22-19,-0.0006978736,-0.006119819524,-0.0045763662999999,-0.0015434532240001
S22-2,-0.0012239006,-0.012910234344,-0.0113321974999999,-0.0015780368440001
S22-20,-0.0007629951,-0.00318803681,-0.0014857727,-0.0017022641099999
S22-21,-0.0010129035,-0.00676810414,-0.0078319615,0.00106385736
S22-22,-0.0014292838,-0.013653817436,-0.0101464463,-0.003507371136
S22-3,-0.006404264,-0.051345798952,-0.0434768918,-0.0078689071519999
S22-4,-0.0047654,-0.0404124502179999,-0.033503556,-0.0069088942179999
S22-5,-0.0054772552,-0.047472664904,-0.0412098096,-0.0062628553039999
S22-6,-0.0060764867,-0.042882879942,-0.0347306821999999,-0.0081521977420001
S22-8,-8.03697e-05,-0.0002403178959999,-7.687459999999998e-05,-0.0001634432959999
S22-9,-0.0003663976,-0.001799834428,-0.0009634983,-0.000836336128
S22by7-1-0.7,-0.0114406062,-0.043746143896,-0.0192893042,-0.024456839696
S22by7-1-0.8,-0.0045322272,-0.02357203023,-0.0126697642,-0.01090226603
S22by7-1-0.9,-0.0017807754,-0.0134818658379999,-0.0086503405,-0.0048315253379999
S22by7-1-1.0,-0.0007013668,-0.008285549104,-0.0060988366,-0.0021867125039999
S22by7-1-1.2,-0.0001141505,-0.003820066502,-0.0032740024999999,-0.0005460640020001
S22by7-1-1.5,-8.9958e-06,-0.0016463688219999,-0.0014867686,-0.0001596002219999
S22by7-1-2.0,-1.656e-07,-0.0005737032,-0.0005160747,-5.762850000000006e-05
S22by7-10-0.8,-0.0022306026,-0.006556630766,1.1955999999999914e-05,-0.006568586766
S22by7-11-0.7,-0.0282522103,-0.128689914584,0.0203918815999999,-0.1490817961839999
S22by7-12-0.9,-0.003871325,-0.01981905513,-0.0008289749,-0.0189900802299999
S22by7-13-0.8,-0.0132124511,-0.073889625558,-0.0149436076999999,-0.058946017858
S22by7-13-2.0,-5.29e-08,-0.000994737604,-0.0009457686,-4.896900400000004e-05
S22by7-15-1.5,-1.22606e-05,-0.002480150806,-0.0022067133,-0.0002734375059999
S22by7-17-0.7,-0.0045433193,-0.017089821518,-0.0082486089,-0.008841212618
S22by7-17-0.8,-0.0021230661,-0.010459246784,-0.0069328995999999,-0.0035263471840001
S22by7-17-1.2,-8.34568e-05,-0.003180546796,-0.0031671815,-1.336529600000011e-05
S22by7-18-1.0,-0.000417467,-0.00316811656,-0.0024277498,-0.0007403667599999
S22by7-18-1.2,-7.73578e-05,-0.001696886576,-0.0015796832,-0.0001172033759999
S22by7-18-2.0,-1.034e-07,-0.000355536622,-0.0003488396999999,-6.696922000100011e-06
S22by7-2-0.7,-0.0127061562,-0.0475765689279999,-0.0312374192,-0.0163391497279998
S22by7-2-0.8,-0.0058064501,-0.030419177922,-0.0213708258999999,-0.009048352022
S22by7-2-0.9,-0.0026579806,-0.020187340712,-0.0152933138,-0.0048940269119999
S22by7-2-1.0,-0.0012239006,-0.014075170564,-0.0113321974999999,-0.002742973064
S22by7-2-1.2,-0.0002687598,-0.007763957278,-0.0067340644,-0.001029892878
S22by7-2-1.5,-3.09878e-05,-0.003928751386,-0.0035504532,-0.0003782981859999
S22by7-2-2.0,-9.396e-07,-0.0017327430259999,-0.0015504809,-0.0001822621259999
S22by7-22-0.7,-0.0115615373,-0.049543892818,-0.0266792321,-0.022864660718
S22by7-22-0.8,-0.0056517437,-0.031782201108,-0.0185527829,-0.013229418208
S22by7-22-0.9,-0.0028109316,-0.021016819922,-0.0134842514999999,-0.0075325684220001
S22by7-22-1.0,-0.0014292838,-0.01449556752,-0.0101464315999999,-0.0043491359200001
S22by7-22-1.2,-0.000398057,-0.007741965322,-0.006196552,-0.001545413322
S22by7-22-1.5,-6.82145e-05,-0.003744688276,-0.0033480221,-0.000396666176
S22by7-22-2.0,-4.331e-06,-0.001572424854,-0.0014652154999999,-0.0001072093540001
S22by7-3-0.7,-0.0480661392,-0.14596842071,-0.1076513682,-0.0383170525099999
S22by7-3-0.8,-0.0244845926,-0.104182429414,-0.0771503567999999,-0.027032072614
S22by7-3-0.9,-0.0124942743,-0.073926278818,-0.0571951765,-0.016731102318
S22by7-3-1.2,-0.0017258145,-0.02997758582,-0.0265307165,-0.00344686932
S22by7-3-1.5,-0.0002671185,-0.014708953238,-0.0139226646,-0.0007862886379999
S22by7-3-2.0,-1.49857e-05,-0.0057472311679999,-0.0056784447,-6.878646799989962e-05
S22by7-4-0.7,-0.0418670855,-0.128907284352,-0.0806087839,-0.048298500452
S22by7-4-0.8,-0.0202343246,-0.086100738808,-0.0580694179,-0.0280313209079999
S22by7-4-0.9,-0.0098003725,-0.058913422246,-0.0434740604999999,-0.0154393617460001
S22by7-4-1.0,-0.0047654,-0.0418962698,-0.033503556,-0.0083927138
S22by7-4-1.2,-0.0011567137,-0.023812188764,-0.0211997021999999,-0.0026124865640001
S22by7-4-1.5,-0.0001537508,-0.012429598552,-0.0119080171,-0.000521581452
S22by7-4-2.0,-6.3707e-06,-0.005625000514,-0.0055110903,-0.000113910214
S22by7-5-0.7,-0.0460264636,-0.142082537702,-0.0937009162,-0.048381621502
S22by7-5-1.0,-0.0054772601,-0.050557275776,-0.0412099042999999,-0.0093473714760001
S22by7-6-0.9,-0.0120293556,-0.06243643798,-0.0461064044999999,-0.0163300334800001
S22by7-6-1.0,-0.0060764763,-0.0438766613739999,-0.0347306621,-0.0091459992739999
S22by7-6-1.2,-0.0015763196,-0.023752587376,-0.020942717,-0.002809870376
S22by7-8-0.7,-0.0047818679,-0.011852708112,-0.0008874128,-0.0109652953119999
S22by7-8-0.8,-0.00124917,-0.00322150283,-0.0003768735,-0.00284462933
S22by7-8-0.9,-0.0003186645,-0.000867407366,-0.0001662106999999,-0.0007011966660001
S22by7-8-1.0,-8.03697e-05,-0.000222947438,-7.687459999999998e-05,-0.000146072838
S22by7-8-1.2,-5.3837e-06,-5.57767e-06,-1.9078799999999987e-05,1.3501129999999989e-05
S22by7-8-1.5,-1.417e-07,2.231068e-06,-3.337999999999999e-06,5.569068e-06
S22by7-8-2.0,-6e-10,3.1872400000000004e-07,-3.987e-07,7.17424e-07
S22by7-9-0.7,-0.0135822741,-0.034938365518,-0.0065534155,-0.028384950018
S22by7-9-0.8,-0.0042818196,-0.012783541554,-0.003410219,-0.0093733225539999
S22by7-9-0.9,-0.0012777809,-0.004716637114,-0.0017998011,-0.002916836014
S22by7-9-1.2,-2.93506e-05,-0.000338325526,-0.0002929329999999,-4.539252600010003e-05
S22by7-9-1.5,-8.912e-07,-5.035839200000001e-05,-5.81764e-05,7.818007999999994e-06
S22by7-9-2.0,-7.1e-09,-5.57767e-06,-5.417999999999998e-06,-1.596700000000025e-07
S66-1,-0.0011325258,-0.013655092332,-0.0109590604,-0.0026960319319999
S66-10,-0.0012665157,-0.009514548848,-0.006549406,-0.0029651428479999
S66-11,-0.0012491202,-0.011687449718,-0.0079467441,-0.003740705618
S66-12,-0.0024540273,-0.020613793424,-0.0168291484,-0.0037846450239999
S66-13,-0.0010979338,-0.013551188308,-0.0099134056999999,-0.003637782608
S66-14,-0.0023030786,-0.01782703013,-0.013526449,-0.00430058113
S66-15,-0.0019211689,-0.018713242212,-0.014112646,-0.0046005962119999
S66-16,-0.0008406242,-0.011746732382,-0.0091098268,-0.002636905582
S66-17,-0.0050035519,-0.043801920596,-0.0350784871,-0.008723433496
S66-18,-0.0021704416,-0.018445195328,-0.0152659886,-0.0031792067279999
S66-19,-0.0024386079,-0.019309415454,-0.0158275068,-0.003481908654
S66-2,-0.0013884234,-0.015167118988,-0.0119202022,-0.0032469167879999
S66-20,-0.0062768402,-0.0535822852599999,-0.0438061204,-0.0097761648599998
S66-23,-0.0053985082,-0.0486532186,-0.0394381819,-0.0092150366999999
S66-24,-0.0009267121,-0.002668197966,0.0033465821,-0.006014780066
S66-29,-0.0011852513,-0.010548330142,-0.0043966309999999,-0.0061516991420001
S66-3,-0.0023818589,-0.02026925278,-0.0168733427,-0.00339591008
S66-30,-0.0006726637,-0.001421349678,0.0025139131,-0.003935262778
S66-31,-0.000706807,-0.006036473198,-0.0022094064,-0.003827066798
S66-32,-0.0006824207,-0.00745176712,-0.0036709446999999,-0.0037808224200001
S66-33,-0.0007100794,-0.002727799354,0.0012161422,-0.003943941554
S66-34,-0.0009797641,-0.002627720018,0.0003025216,-0.002930241618
S66-35,-0.0006861533,-0.001855133042,1.657320000000017e-05,-0.001871706242
S66-36,-0.0004553947,-0.00105019558,-0.0001622503,-0.00088794528
S66-37,-0.0006847252,-0.001822782556,5.489420000000034e-05,-0.001877676756
S66-38,-0.0007884543,-0.002109793518,0.0007315475,-0.002841341018
S66-4,-0.0019825827,-0.02131705793,-0.0169706815999999,-0.0043463763300001
S66-40,-0.0007382004,-0.002890348594,-0.0003030049999999,-0.002587343594
S66-41,-0.0009506861,-0.003932416712,-0.0006169078,-0.003315508912
S66-42,-0.000801836,-0.0031713038,0.0011888909,-0.0043601947
S66-44,-0.0005425577,-0.0016231019699999,5.772099999999994e-05,-0.0016808229699998
S66-45,-0.000507187,-0.001978160506,-0.0002915703,-0.0016865902059999
S66-47,-0.0006716885,-0.003226602414,-0.0014854733,-0.0017411291139999
S66-48,-0.0007422926,-0.004833130736,-0.0044959271,-0.000337203636
S66-5,-0.0014477222,-0.015214768226,-0.0116624478,-0.003552320426
S66-51,-0.0003663614,-0.003364450544,-0.0029066867999999,-0.0004577637440001
S66-59,-0.0005085492,-0.007142445478,-0.0058172613,-0.0013251841779999
S66-6,-0.0027108804,-0.021051560838,-0.0169611844,-0.004090376438
S66-60,-0.0011186631,-0.012409678302,-0.0101194021,-0.002290276202
S66-66,-0.0009580043,-0.007366189726,-0.0043514685999999,-0.0030147211260001
S66-7,-0.0020667732,-0.021074668328,-0.0164916058,-0.004583062528
S66-8,-0.0011615251,-0.013472622842,-0.0106180377,-0.002854585142
S66-9,-0.0007772069,-0.0069328844479999,-0.0047697430999999,-0.002163141348
SSI-001LEU-154LEU-1,-0.0003194393,-0.001043343014,-2.3133499999999988e-05,-0.001020209514
SSI-003THR-182GLU-1,-0.0005863861,-0.003194251928,-0.0008887883999999,-0.0023054635280001
SSI-003TYR-056ALA-1,-0.0005931255,-0.002422461762,-0.0016192237,-0.0008032380619999
SSI-004LEU-031TYR-1,-0.0002381331,-0.000711710692,2.7698400000000185e-05,-0.000739409092
SSI-005LEU-010TRP-1,-0.0001732697,-0.000629001814,-0.0003086417999999,-0.0003203600140001
SSI-005LEU-015LYS-1,-0.000108625,-0.000371791546,2.449389999999998e-05,-0.0003962854459999
SSI-005PHE-163LEU-1,-0.0004401521,-0.001682703358,0.0008218914,-0.002504594758
SSI-006GLU-010TYR-1,-0.0005394945,-0.002615608506,-0.0014076247999999,-0.001207983706
SSI-007THR-031LYS-1,-0.0004665859,-0.001402704324,-4.615939999999999e-05,-0.001356544924
SSI-009ARG-128ARG-2,-0.0002519432,0.1002488971679999,0.1015906469,-0.0013417497320001
SSI-009GLN-068ILE-1,-0.0001407617,-0.0003182459139999,0.0003542037999999,-0.0006724497139998
SSI-009VAL-025ILE-1,-0.0003109015,-0.001038721516,3.340580000000001e-05,-0.001072127316
SSI-013LEU-065PHE-1,-0.001070052,-0.003917436684,0.0016672427999999,-0.0055846794839998
SSI-015ILE-034LEU-1,-0.0002186471,-0.000583743006,3.487690000000003e-05,-0.000618619906
SSI-016LEU-062LEU-1,-0.0004984579,-0.001674416534,5.554210000000005e-05,-0.001729958634
SSI-019VAL-075LEU-1,-0.0002479165,-0.0006669299699999,3.4196900000000005e-05,-0.0007011268699999
SSI-022GLN-058GLU-1,-0.000897082,-0.00429719633,-0.0002926680999999,-0.0040045282300001
SSI-023ASP-057ARG-1,-0.0036380485,-0.177265205166,-0.1728418677,-0.0044233374659999
SSI-023GLU-028LEU-1,-0.0004628615,-0.0012296371919999,0.0002522542999999,-0.0014818914919998
SSI-024LEU-260ILE-1,-0.0002991965,-0.000925255772,-2.55306e-05,-0.0008997251719999
SSI-024LYS-069TYR-2,-0.0006149484,-0.007667224544,-0.0065321783,-0.0011350462439999
SSI-025SER-075ASP-1,-0.0003850432,0.007664356028,0.0101857432,-0.002521387172
SSI-029PHE-103HIE-1,-0.0003683946,-0.000121433844,0.0024796307,-0.0026010645439999
SSI-031PHE-095TYR-1,-0.0005495063,-0.002899432228,-0.0008815061999999,-0.0020179260280001
SSI-034ASP-037PHE-1,-0.000659929,-0.002196327084,0.0010331165,-0.003229443584
SSI-034TYR-143MET-1,-0.0008076179,-0.004078551666,-0.0033716998999999,-0.000706851766
SSI-035ALA-065LEU-1,-0.0002386012,-0.000771790166,-0.0001020397999999,-0.0006697503660001
SSI-036ARG-162GLN-1,-0.0011700799,-0.027143810736,-0.02651053,-0.000633280736
SSI-038PHE-046ARG-1,-0.0003922982,-0.001616568128,0.000173389,-0.001789957128
SSI-039THR-046THR-1,-0.0025146975,-0.019882959292,-0.0144425839,-0.0054403753919999
SSI-039THR-077LEU-1,-0.0002825118,-0.000850355632,8.224100000000001e-06,-0.0008585797319999
SSI-041ILE-107PHE-2,-0.0002349211,-0.001064378798,-0.0001264519,-0.000937926898
SSI-043LEU-055THR-1,-0.0002670412,-0.000827248142,8.425099999999998e-05,-0.0009114991419999
SSI-043TYR-048GLN-1,-0.0001954079,-0.002047323614,0.0020532506999999,-0.0041005743139999
SSI-048LYS-082ILE-1,-0.0003408676,-0.001158880464,0.0001436621,-0.001302542564
SSI-049GLU-080ARG-1,-0.0011358026,-0.137195223886,-0.1370178589,-0.0001773649859999
SSI-051VAL-104ILE-1,-0.0002345021,-0.000767965478,3.421720000000003e-05,-0.000802182678
SSI-052ILE-056GLN-1,-0.0001798957,-0.001185175194,-0.000383831,-0.0008013441939999
SSI-058TRP-180SER-1,-0.000263006,-0.001044139824,0.0005524198,-0.001596559624
SSI-059PHE-118THR-1,-0.0010150458,-0.00345656178,-0.0002184224999999,-0.00323813928
SSI-062ILE-105TYR-1,-0.0003579327,-0.001117446344,0.0001844716999999,-0.0013019180439998
SSI-065THR-069ILE-1,-0.0002608272,-0.00090517616,-2.2341699999999976e-05,-0.00088283446
SSI-068ARG-072THR-1,-0.00073168,-0.01888519381,-0.0173853119999999,-0.00149988181
SSI-068HIE-075LYS-1,-0.0003904817,-0.0113123115699999,-0.0099111585999999,-0.0014011529699999
SSI-070MET-075ILE-1,-0.0008481324,-0.0025749711959999,1.0737699999999889e-05,-0.0025857088959999
SSI-075LEU-111LEU-2,-0.0004500572,-0.001340075058,2.8755e-05,-0.001368830058
SSI-079ASP-135ILE-1,-0.000274571,-0.0009517098639999,0.0003676746,-0.0013193844639999
SSI-083LEU-088TYR-2,-0.0002754532,-0.001124458272,0.0004797365,-0.001604194772
SSI-084TYR-089ASP-1,-0.0004860109,0.0023950514979999,0.0054509087,-0.003055857202
SSI-091LYS-140SER-2,-0.0007195633,-0.023066533966,-0.0229384354,-0.000128098566
SSI-095TYR-106TYR-1,-0.0014189264,-0.012474219912,-0.0052037769999999,-0.0072704429120001
SSI-113ILE-185VAL-1,-0.0007660035,-0.002402860236,-0.0001109591,-0.002291901136
SSI-115ASP-156ASP-1,-0.0030859591,0.131104408246,0.1506207994,-0.019516391154
SSI-115GLU-123PRO-1,-0.0002399725,-0.000862626506,-2.6092099999999967e-05,-0.000836534406
SSI-126LEU-162PHE-1,-0.00030065,-0.00108764565,-0.0003275109,-0.0007601347499999
SSI-130VAL-185PHE-1,-0.0003208088,-0.001026450642,-0.0002597613999999,-0.0007666892420001
SSI-131ASP-182PHE-1,-0.000486944,-0.00024462067,0.0027352162999999,-0.0029798369699999
SSI-131THR-149LEU-1,-0.0001977605,-0.000647965892,-4.414350000000001e-05,-0.000603822392
SSI-136SER-144ARG-1,-0.0015090343,-0.02318956143,-0.0211919582999999,-0.00199760313
SSI-153PHE-163LEU-1,-0.0002910508,-0.001056729422,-0.0006352806,-0.000421448822
SSI-158VAL-205TYR-1,-0.0004327897,-0.001427405434,-0.0002078804,-0.001219525034
SSI-165TYR-208ILE-1,-0.0002228566,-0.00079282595,0.0001930976999999,-0.0009859236499999
SSI-175LEU-233ALA-1,-0.0003911033,-0.00118166923,5.9736e-05,-0.0012414052299999
SSI-189THR-199LYS-1,-0.0007163726,-0.002919352478,0.0004447299999999,-0.0033640824779999
SSI-193HIE-248MET-1,-0.0005800145,-0.0018680413639999,-0.0001933335,-0.0016747078639999
UBQ-ala28-asp32,-0.0014021963,-0.018684875776,-0.0140424073,-0.004642468476
UBQ-ala46-lys48,-0.0001388569,-0.038584568078,-0.0371809374,-0.0014036306779999
UBQ-arg42-val70,-0.0031237794,-0.033892632074,-0.0242379064,-0.009654725674
UBQ-asn25-lys29,-0.0011509237,-0.016339067136,-0.0127067407999999,-0.0036323263360001
UBQ-asp21-leu56,-0.0007315442,-0.014734929244,-0.0118306373,-0.0029042919439999
UBQ-gln2-glu64-small,-0.0016857545,-0.019009336808,-0.0134126973,-0.0055966395079999
UBQ-gln31-gly35,-0.0021923312,-0.0201709264259999,-0.0139413054999999,-0.006229620926
UBQ-gln62-ser65,-0.0058889998,-0.044725104662,-0.0308658766,-0.0138592280619999
UBQ-glu16-lys29,-0.0019856861,-0.037636045454,-0.031749823,-0.0058862224539999
UBQ-glu18-asp21-C,-0.0022113827,-0.018095714462,-0.0118004412,-0.006295273262
UBQ-glu18-asp21-N,-0.0014228029,-0.021246619926,-0.0162738216,-0.004972798326
UBQ-ile13-leu15,-0.0002021459,-0.000629161176,-2.395379999999998e-05,-0.000605207376
UBQ-ile13-lys33,-0.0009658793,-0.002225968416,0.0003660078999999,-0.0025919763159999
UBQ-ile3-leu15-big,-0.0012209147,-0.021138731852,-0.0165156279,-0.004623103952
UBQ-ile3-leu15-part1,-0.0006651257,-0.0139107089799999,-0.0113625501,-0.0025481588799998
UBQ-ile3-leu15-part2,-0.0006436349,-0.013695092194,-0.0112923917,-0.002402700494
UBQ-ile3-leu15,-0.0003211232,-0.000673941898,9.423350000000004e-05,-0.000768175398
UBQ-ile3-leu67,-0.0002400365,-0.000660874214,-2.313300000000003e-05,-0.000637741214
UBQ-ile3-val17,-0.0003809506,-0.001035374914,-2.2339399999999988e-05,-0.001013035514
UBQ-ile36-leu71,-0.0005785647,-0.001417843714,-0.0001683902,-0.0012494535139999
UBQ-ile44-gly47,-8.12948e-05,-0.000619280732,-0.0002747545,-0.000344526232
UBQ-ile44-his68-big,-0.0004760835,-0.000904698074,8.315740000000005e-05,-0.000987855474
UBQ-ile44-his68-small,-0.0004755918,-0.000879040792,8.795140000000001e-05,-0.000966992192
UBQ-ile44-his68,-0.0041820981,-0.04065563663,-0.0307263357,-0.00992930093
UBQ-ile61-leu67,-0.0003132383,-0.00084621222,-0.0001003383,-0.00074587392
UBQ-leu15-ile30,-0.0003101684,-0.00072669072,-2.5717800000000064e-05,-0.00070097292
UBQ-leu43-leu50,-0.0016039484,-0.01936965429,-0.0143454943999999,-0.0050241598900001
UBQ-leu50-tyr59,-0.0006163694,-0.002023419314,0.0031705099,-0.005193929214
UBQ-leu56-ile61np,-0.0005887514,-0.001438720136,5.543099999999998e-05,-0.0014941511359999
UBQ-leu56-ile61p,-0.0001624878,-0.008163796536,-0.00734311,-0.000820686536
UBQ-leu56-tyr59,-0.0004271476,-0.007528579604,-0.0057505805,-0.001777999104
UBQ-leu71-leu73,-0.0002044479,-0.000501830938,-4.40932e-05,-0.000457737738
UBQ-lys11-glu34,-0.000667495,-0.1524899918359999,-0.1490878017,-0.0034021901359999
UBQ-lys27-asp52,-0.0016649935,-0.167933922618,-0.1636367644,-0.004297158218
UBQ-met1-val17-mono,-0.0014629879,-0.018700493252,-0.0145174239,-0.004183069352
UBQ-phe4-thr12,-0.0003724367,-0.000939917076,0.0002145643,-0.001154481376
UBQ-phe4-thr14,-0.0006488066,-0.00174979476,0.0004966028,-0.00224639756
UBQ-phe45-ile61,-0.0005755149,-0.002182303228,-0.0030686246,0.000886321372
UBQ-pro19-ser57,-0.0018598595,-0.017601214176,-0.0126780709,-0.004923143276
UBQ-pro37-gln40,-0.0009194391,-0.013779394692,-0.0106972053,-0.0030821893919999
UBQ-ser57-asn60,-0.0015443488,-0.01720711195,-0.0125919339,-0.00461517805
UBQ-thr14-lys33,-0.0001046791,-0.021616180404,-0.0203844397,-0.0012317407039999
UBQ-thr22-asn25,-0.000493309,-0.009344668956,-0.0077291362,-0.0016155327559999
UBQ-thr22-thr55-big,-0.0037994808,-0.045113310494,-0.0336974684,-0.0114158420939999
UBQ-thr22-thr55-small,-0.0005819415,2.1035784e-05,0.0011264984999999,-0.0011054627159999
UBQ-thr22-val26,-0.000578517,-0.012380993142,-0.0104921435999999,-0.0018888495420001
UBQ-thr55-asp58-backbone,-0.0003660898,-0.008167780586,-0.0068908007,-0.001276979886
UBQ-thr55-asp58-sidechain-small,-0.0010544979,-0.0306692169,-0.0274630582,-0.0032061586999999
UBQ-thr55-asp58-sidechain,-0.001469984,-0.023714977944,-0.0187958305,-0.004919147444
UBQ-thr7-ile13,-3.22956e-05,-9.0517616e-05,-5.112239999999997e-05,-3.939521600000004e-05
UBQ-thr7-lys11,-0.0011540596,-0.016384644668,-0.0123939263,-0.0039907183679999
UBQ-thr7-thr9-v2,-0.000132018,-0.001280792394,-0.0007109308,-0.000569861594
UBQ-tyr59-ile61,-0.000300574,-0.000783104868,5.637120000000017e-05,-0.000839476068
UBQ-val17-leu56,-0.0004143993,-0.00115298407,-0.0001010983,-0.00105188577
UBQ-val26-leu56,-0.0005547855,-0.001408600718,-0.0001172983,-0.001291302418
UBQ-val5-leu15,-0.0005169615,-0.001329716528,-5.834889999999999e-05,-0.001271367628
UBQ-val5-leu69,-0.0003389367,-0.000963980738,8.589399999999993e-05,-0.001049874738
