File,DampNN,SAPT Coulomb,Undamped Coulomb,Total Coulomb
A24-1,-0.0033702659398472,-0.017522170624,-0.0157159598999999,-0.0190862258398471
A24-10,-0.0013241596804153,-0.00550117624,-0.0052268988,-0.0065510584804153
A24-13,-0.0007722051964529,-0.00267011031,-0.0022241487,-0.0029963538964529
A24-14,-0.0002538249397204,-0.001363023186,-0.0002453351,-0.0004991600397203999
A24-15,-9.997776894157815e-06,-0.0006702765719999,-0.0004330499,-0.0004430476768941578
A24-16,-0.001728143598415,-0.002408597268,-0.0008278366,-0.002555980198415
A24-17,0.0006951925780027,-0.00057529682,-7.504990000000003e-05,0.0006201426780027
A24-18,0.0007442073216407,-0.00037529751,-9.144240000000004e-05,0.0006527649216406999
A24-19,0.0003806803802076,-0.000326054652,-7.07747e-05,0.00030990568020759996
A24-2,-0.0018473384023524,-0.012535733644,-0.0110782901,-0.0129256285023524
A24-23,-0.0016176509138707,-0.000888124426,0.0020646712,0.00044702028612930017
A24-5,-0.0016644337847253,-0.00755216518,-0.0059652015,-0.0076296352847253
A24-7,-0.0005590146535898,-0.001512026656,-0.0010172153999999,-0.0015762300535897
A24-8,-1.4427579412557012e-05,-0.001109796968,-0.0006909986,-0.000705426179412557
A24-9,-0.0024839498478536,-0.010416378406,-0.0084496964999999,-0.010933646347853501
ACHC-AC-3.2_____,0.0104336147624168,-0.008893515134,-0.001082499,0.0093511157624168
ACHC-AC-3.4_0.4____,0.0125279489740237,-0.003739269968,0.0003114106999999,0.0128393596740236
ACHC-AC-3.4_0.8____,0.0122190398197594,-0.00303983015,0.0016085327999999,0.013827572619759301
ACHC-AC-3.4_1.2____,0.0124289604352805,-0.002167482562,0.0025947120999999,0.0150236725352804
ACHC-AC-3.4_2.0____,0.0146007961876353,-0.000409879064,0.0030115379,0.017612334087635302
ACHC-AC-3.4_n0.4____,0.01363638716242,-0.00447886901,-0.0009504350999999,0.012685952062420099
ACHC-AC-3.4_n1.2____,0.0131610681374959,-0.00491791132,-6.43345000000072e-05,0.013096733637495892
ACHC-AC-3.4_n1.6____,0.0134674448035108,-0.005208906332,-7.001280000000845e-05,0.013397432003510791
ACHC-AC-3.4__0.4___,0.0131604845509654,-0.0054548018979999,-0.0020085561999999,0.0111519283509655
ACHC-AC-3.4__0.8___,0.0135421595489628,-0.0064924078799999,-0.0033757057,0.0101664538489628
ACHC-AC-3.4__1.2___,0.0139504181629471,-0.00703105144,-0.0041092634,0.009841154762947099
ACHC-AC-3.4__2.0___,0.0136029053782934,-0.00650117279,-0.0028723576999999,0.010730547678293501
ACHC-AC-3.4__n0.4___,0.0138056487605599,-0.003013376058,0.0002199851,0.0140256338605599
ACHC-AC-3.4__n0.8___,0.0145475734234191,-0.001985172434,0.0009685486,0.0155161220234191
ACHC-AC-3.4__n1.2___,0.0145142534877545,-0.001047645788,0.0018909256,0.0164051790877545
ACHC-AC-3.4___120__,0.012388488383012,-0.007353281404,-0.0015769892999999,0.0108114990830121
ACHC-AC-3.4___150__,0.0132523894949699,-0.008031366714,-0.0024069608,0.0108454286949699
ACHC-AC-3.4___180__,0.0138086883310634,-0.005697032138,0.000307869,0.0141165573310634
ACHC-AC-3.4___30__,0.0136844615624188,-0.002974810454,0.0006398699,0.014324331462418799
ACHC-AC-3.4___60__,0.0127042587043826,-0.002563656494,0.0024165809,0.0151208396043826
ACHC-AC-3.4___90__,0.0132198941848952,-0.006345954202,-0.000731185,0.012488709184895199
ACHC-AC-3.6____4_,0.0151548277250945,-0.001437126516,-0.0002604102,0.0148944175250945
ACHC-AC-3.6____n12_,0.0135901607796117,-0.004914245994,-0.0015424122999999,0.0120477484796118
ACHC-AC-3.6____n20_,0.0104923474885043,-0.0103664981,-0.0030714544,0.007420893088504301
ACHC-AC-3.6_____,0.0149196895657288,-0.001754734982,-0.0004096819,0.0145100076657288
ACHC-AC-3.6_____4,0.0148605122657929,-0.001666607796,-0.0002128339999999,0.014647678265793
ACHC-AC-3.6_____n12,0.0140622742967883,-0.0034278766199999,-0.0008493748,0.0132128994967883
ACHC-AC-3.6_____n20,0.0116648842376866,-0.006454479724,-0.0012894486999999,0.0103754355376867
ACHC-AC-3.6_____n4,0.0149627486841875,-0.002047164252,-0.0005636119,0.0143991367841875
ACHC-AC-3.6_____n8,0.0147152705201099,-0.00258405483,-0.0007009466999999,0.014014323820110001
ACHC-AC-3.8_____,0.0157695941458201,-0.00049800625,-0.0001931919,0.0155764022458201
ACHC-AC-4.0_____,0.0160197190336924,0.0001317923739999,-3.365839999999982e-05,0.0159860606336924
BBI-007VAL-041VAL-1,0.0017266707925189,-0.0177304567579999,-0.0123968832,-0.0106702124074811
BBI-008TRP-251HIE-2,0.0051307718799255,-0.01224378246,-0.0108715395,-0.0057407676200744995
BBI-012LEU-085ASP-1,0.0024567180118042,-0.019010771066,-0.0149519785999999,-0.0124952605881957
BBI-015LEU-026LEU-1,0.002218220253682,-0.018079937624,-0.0136943272,-0.011476106946318
BBI-017ASN-021LYS-2,0.0058040919047754,-0.008722200984,-0.0084136911,-0.0026095991952246
BBI-030TRP-178GLY-2,0.0040923562595567,-0.013641865286,-0.0124459842,-0.008353627940443299
BBI-033ASN-036TRP-2,0.0069622663198681,0.0034858843879999,0.0054312379,0.012393504219868099
BBI-033VAL-115VAL-1,0.0029974103078437,-0.015515643682,-0.0128607793,-0.009863368992156299
BBI-038ALA-041GLY-1,0.0046434013334932,-0.0028701096199999,0.0006279045,0.0052713058334932
BBI-040THR-049GLN-2,0.003115656796818,-0.015936837448,-0.0135264587,-0.010410801903182
BBI-041GLY-045LEU-2,0.0039443667633753,-0.013793896634,-0.0116901004999999,-0.007745733736624599
BBI-044SER-047GLU-1,0.0037641579591533,-0.006089062658,-0.0020820029,0.0016821550591532997
BBI-044TRP-054LEU-1,0.0025507947181882,-0.017261135668,-0.0138308598999999,-0.0112800651818117
BBI-061VAL-064TYR-2,0.0034184112816229,-0.011717250412,-0.0090758765,-0.0056574652183771
BBI-072THR-075PRO-1,0.0048610557103817,-0.003866600206,0.0004850551999999,0.0053461109103816
BBI-081LEU-084LYS-1,0.0043255306882959,-0.003750265946,0.0006261877,0.0049517183882959
BBI-084LEU-088MET-2,0.0035362566552055,-0.01456807723,-0.0117435485,-0.0082072918447945
BBI-087LEU-090TYR-1,0.0017771378528972,-0.014606961558,-0.0102555374,-0.0084783995471028
BBI-108LYS-112TYR-1,0.0052604583597796,-0.01092665553,-0.0100901690999999,-0.0048297107402203
BBI-108TYR-129TRP-1,0.0034790545578354,-0.016111338838,-0.012939061,-0.0094600064421646
BBI-112SER-115ALA-2,0.0042740849501413,-0.004278550976,-0.0003043288,0.0039697561501413
BBI-121VAL-155THR-2,0.0023136787220011,-0.01836328326,-0.0131473299,-0.0108336511779989
BBI-171ALA-175GLU-1,0.0066617240916513,-0.001078402654,-0.0004357389,0.006225985191651301
BBI-197TYR-201LEU-2,0.0045748346115329,-0.01189557649,-0.0101627911999999,-0.005587956588467
BBI-228ARG-232GLU-1,0.0032866290278937,-0.015699866154,-0.0124927878999999,-0.009206158872106199
HBC1-FaNNFaNN-10.0,0.0027808254499658,-0.000163824136,-0.0001669192,0.0026139062499658003
HBC1-FaNNFaNN-3.7,-0.0244158466488907,-0.087930055206,-0.0617867989999999,-0.0862026456488906
HBC1-FaNNFaNN-3.9,-0.0196280804746512,-0.06889697346,-0.0503593305999999,-0.06998741107465109
HBC1-FaONFaNN-10.0,0.0028554216155538,-0.000361911102,-0.0003921765,0.0024632451155538002
HBC1-FaONFaNN-3.7,-0.020096403531667,-0.077761165986,-0.0556885481,-0.075784951631667
HBC1-FaONFaNN-3.8,-0.0172698295219799,-0.0688826308799999,-0.0506700629999999,-0.0679398925219798
HBC1-FaONFaNN-4.0,-0.0109979545719063,-0.051965876494,-0.040574103,-0.051572057571906305
HBC1-FaONFaNN-4.1,-0.008115847694968,-0.0444859023,-0.0358801880999999,-0.0439960357949679
HBC1-FaONFaNN-4.2,-0.0056680242352689,-0.03788512826,-0.0315880847,-0.0372561089352689
HBC1-FaONFaNN-4.3,-0.0039849065444639,-0.032206104028,-0.0277502874999999,-0.0317351940444638
HBC1-FaONFaNN-4.6,-0.0005006378753348,-0.020071006452,-0.0188645566999999,-0.0193651945753347
HBC1-FaONFaNN-4.8,0.0007163695285229,-0.014998513992,-0.0147409535999999,-0.014024584071477
HBC1-FaONFaNN-5.0,0.0015314823254876,-0.011466573986,-0.0116513876999999,-0.0101199053745123
HBC1-FaONFaNN-5.4,0.0023999568478849,-0.007148501234,-0.0075572433,-0.005157286452115099
HBC1-FaONFaNN-5.8,0.0024992758783628,-0.004777832122,-0.0051415051,-0.0026422292216371998
HBC1-FaONFaNN-6.4,0.0025825715415529,-0.002849711284,-0.0030999248,-0.0005173532584471
HBC1-FaONFaNN-7.0,0.0026572821174033,-0.00182708533,-0.0019943961,0.0006628860174033003
HBC1-FaONFaNN-8.0,0.0027574241806925,-0.000973383096,-0.001061871,0.0016955531806925
HBC1-FaONFaON-10.0,0.0027126105685086,-0.00053226908,-0.0005929848,0.0021196257685085996
HBC1-FaONFaON-3.4,-0.0217530027548502,-0.083034295204,-0.0526529394,-0.0744059421548502
HBC1-FaONFaON-3.5,-0.0208521178843035,-0.080141874904,-0.0536571389999999,-0.0745092568843034
HBC1-FaONFaON-3.6,-0.0187817351334752,-0.074047393938,-0.0518485889999999,-0.0706303241334751
HBC1-FaONFaON-3.7,-0.0155052822092027,-0.066569810174,-0.0484594495999999,-0.0639647318092026
HBC1-FaONFaON-3.8,-0.0122187434646072,-0.058629120438,-0.0443170044999999,-0.0565357479646071
HBC1-FaONFaON-3.9,-0.0088525312440943,-0.050811458166,-0.039932192,-0.0487847232440943
HBC1-FaONFaON-4.0,-0.006651323230072,-0.043527817956,-0.0356075716,-0.042258894830072
HBC1-FaONFaON-4.1,-0.004587463148978,-0.037029194958,-0.0315405998999999,-0.03612806304897789
HBC1-FaONFaON-4.2,-0.0027600296448347,-0.03143176407,-0.0278526601,-0.0306126897448347
HBC1-FaONFaON-4.3,-0.0016493041852989,-0.026731541242,-0.0245816092,-0.0262309133852989
HBC1-FaONFaON-4.4,-0.0006923837499158,-0.02284772994,-0.0217257123,-0.022418096049915803
HBC1-FaONFaON-4.6,0.0005860597969141,-0.01704774995,-0.0171174658,-0.016531406003085898
HBC1-FaONFaON-4.8,0.0014558886810616,-0.013104496622,-0.013676568,-0.0122206793189384
HBC1-FaONFaON-5.0,0.0021228507896287,-0.010351199348,-0.0110815829,-0.0089587321103713
HBC1-FaONFaON-5.4,0.0024555823026055,-0.006898621618,-0.0075791326,-0.0051235502973945
HBC1-FaONFaON-5.8,0.002522135218235,-0.004889863608,-0.0054280831,-0.002905947881765
HBC1-FaONFaON-6.4,0.0025979085572648,-0.003139272038,-0.0035068527,-0.0009089441427352
HBC1-FaONFaON-7.0,0.0026732311234451,-0.002143259538,-0.0023983856999999,0.00027484542344520003
HBC1-FaONFaON-8.0,0.0027773525588379,-0.001247167012,-0.0013949957,0.0013823568588378998
HBC1-FaOOFaNN-3.6,-0.0256478569118259,-0.10162116335,-0.0845997256,-0.1102475825118259
HBC1-FaOOFaNN-3.8,-0.0160525726680853,-0.072952417636,-0.0601768904999999,-0.0762294631680852
HBC1-FaOOFaNN-4.0,-0.0091967113611824,-0.0522622898139999,-0.0447230186,-0.0539197299611824
HBC1-FaOOFaNN-4.2,-0.0043300515766681,-0.036932780948,-0.0332021263,-0.0375321778766681
HBC1-FaOOFaNN-4.4,-0.0014737077905496,-0.026182857876,-0.0247839527,-0.0262576604905496
HBC1-FaOOFaNN-4.6,0.0001419146108114,-0.0189344366679999,-0.0187539766,-0.0186120619891886
HBC1-FaOOFaNN-5.0,0.001887835447862,-0.01074657647,-0.0113216539999999,-0.0094338185521379
HBC1-FaOOFaNN-5.8,0.0025036068339281,-0.004476159856,-0.0049308586,-0.0024272517660719
HBC1-FaOOFaNN-6.4,0.0025891246234026,-0.002643178132,-0.002941327,-0.0003522023765974002
HBC1-FaOOFaNN-7.0,0.0026383017418612,-0.001671388656,-0.0018684985,0.0007698032418612
HBC1-FaOOFaON-10.0,0.0026412941771359,-0.000354421088,-0.0004101674999999,0.002231126677136
HBC1-FaOOFaON-3.4,-0.0228229933205023,-0.094704693188,-0.0689020207,-0.0917250140205023
HBC1-FaOOFaON-3.5,-0.0204545189876333,-0.085465521876,-0.0640024817,-0.0844570006876333
HBC1-FaOOFaON-3.6,-0.0172932009304962,-0.075343006998,-0.0579509887,-0.0752441896304962
HBC1-FaOOFaON-3.7,-0.0133002461460276,-0.065260651344,-0.0516114327999999,-0.06491167894602749
HBC1-FaOOFaON-3.8,-0.0095737756827853,-0.055747855478,-0.0454540763,-0.0550278519827853
HBC1-FaOOFaON-3.9,-0.0070441457545774,-0.0471246182959999,-0.0397255022,-0.0467696479545774
HBC1-FaOOFaON-4.0,-0.0048477494729683,-0.039575002908,-0.034551649,-0.0393993984729683
HBC1-FaOOFaON-4.1,-0.0029551110976797,-0.033166897526,-0.029998744,-0.0329538550976797
HBC1-FaOOFaON-4.2,-0.001799307810924,-0.027860621012,-0.0260708874,-0.027870195210924
HBC1-FaOOFaON-4.3,-0.0008047536892002,-0.0235331459019999,-0.0227240112,-0.0235287648892002
HBC1-FaOOFaON-4.4,6.493816747489556e-05,-0.020024472748,-0.0198879748,-0.019823036632525104
HBC1-FaOOFaON-4.6,0.0010655333395934,-0.014848713712,-0.0154415044,-0.0143759710604066
HBC1-FaOOFaON-4.8,0.0018357121379195,-0.01134737121,-0.0121973208,-0.0103616086620805
HBC1-FaOOFaON-5.0,0.0022978481902685,-0.008903873664,-0.0097878224,-0.0074899742097314995
HBC1-FaOOFaON-5.4,0.0024693206165805,-0.005834880268,-0.0065691422,-0.0040998215834195
HBC1-FaOOFaON-5.8,0.0025323604896807,-0.004047635438,-0.0046068747,-0.0020745142103193
HBC1-FaOOFaON-6.4,0.0026129825953444,-0.002505808088,-0.0028764319,-0.00026344930465560003
HBC1-FaOOFaON-7.0,0.0026885554529255,-0.0016493966999999,-0.0019011348999999,0.0007874205529256001
HBC1-FaOOFaON-8.0,0.0027855464433168,-0.000907885314,-0.0010494965999999,0.0017360498433168997
HBC1-FaOOFaOO-10.0,0.0028286597906449,-0.000207489324,-0.0002534951999999,0.002575164590645
HBC1-FaOOFaOO-3.4,-0.0231450721110852,-0.102227057674,-0.0795728526,-0.10271792471108519
HBC1-FaOOFaOO-3.5,-0.0203354791522429,-0.08720527683,-0.0687800938999999,-0.0891155730522428
HBC1-FaOOFaOO-3.6,-0.0155547597412232,-0.073785243448,-0.0593069704,-0.0748617301412232
HBC1-FaOOFaOO-3.7,-0.0111938764417008,-0.061903531452,-0.0510042805,-0.0621981569417008
HBC1-FaOOFaOO-3.8,-0.0079141355575818,-0.051538308248,-0.0437291977,-0.0516433332575818
HBC1-FaOOFaOO-3.9,-0.0055245485765614,-0.042678418496,-0.0374182621,-0.0429428106765614
HBC1-FaOOFaOO-4.0,-0.0033673475313713,-0.035276053596,-0.0320176012,-0.0353849487313713
HBC1-FaOOFaOO-4.1,-0.002117855425514,-0.029215357374,-0.0274523357,-0.029570191125514
HBC1-FaOOFaOO-4.2,-0.0010209979300623,-0.024323900146,-0.0236235002,-0.024644498130062302
HBC1-FaOOFaOO-4.3,-0.000132431265906,-0.020400248344,-0.0204201805,-0.020552611765906
HBC1-FaOOFaOO-4.4,0.0004784191435218,-0.017254442464,-0.0177379256,-0.0172595064564782
HBC1-FaOOFaOO-4.6,0.0014797963279212,-0.012654458334,-0.0135799107,-0.0121001143720788
HBC1-FaOOFaOO-4.8,0.0021232825599268,-0.00956650086,-0.0105827971,-0.0084595145400732
HBC1-FaOOFaOO-5.0,0.0024124733423805,-0.007418938548,-0.0083777944999999,-0.0059653211576194
HBC1-FaOOFaOO-5.4,0.0024725014333163,-0.0047260394719999,-0.0054598642999999,-0.0029873628666836
HBC1-FaOOFaOO-5.8,0.0025353703682521,-0.003168754008,-0.0037068837,-0.0011715133317478999
HBC1-FaOOFaOO-6.4,0.0026136971648483,-0.0018583202819999,-0.0022019111,0.00041178606484829983
HBC1-FaOOFaOO-7.0,0.0026911185440151,-0.001161430256,-0.0013880971,0.0013030214440151
HBC1-FaOOFaOO-8.0,0.0027874039098211,-0.00059282664,-0.0007156971,0.0020717068098211
HSG-11,0.0086743952542479,-0.007799654366,-0.0075452641999999,0.0011291310542480004
HSG-12,0.0040026714548037,-0.002762699632,-0.0002862352,0.0037164362548037
HSG-13,0.0042941840646406,-0.002080311548,-0.0004093707999999,0.0038848132646406995
HSG-17,0.0015745678767239,-0.001673141638,0.0004479927999999,0.0020225606767238
HSG-3,0.0062679430182334,0.000993303346,0.0040289115,0.0102968545182334
HSG-4,-0.0029273715162761,-0.037245449192,-0.0270369962999999,-0.029964367816276
HSG-6,0.0040807019414568,-0.005040460698,-0.0037733494,0.0003073525414567994
HSG-7,0.0113095661532692,-0.002445569252,-0.001379867,0.0099296991532692
HSG-8,0.0083718659912635,-9.2111236e-05,0.0033511653,0.0117230312912635
JSCH-10,0.0060783478526403,-0.037135808136,-0.0287718663,-0.0226935184473597
JSCH-100,0.0122848080941078,0.003374171626,0.0069361887,0.019220996794107797
JSCH-101,0.0146738001756895,-0.005906593168,0.0018263946,0.0165001947756895
JSCH-102,0.0148764359425941,-0.001109318882,0.0046451415999999,0.019521577542594
JSCH-103,0.0137895687159024,-0.0145666429719999,-0.0086529201999999,0.0051366485159025
JSCH-104,0.0166080107319164,-0.008468656042,-0.0023277035999999,0.014280307131916498
JSCH-106,0.0135534549672012,-0.00292907356,0.0015906406,0.0151440955672012
JSCH-108,0.0137648981281199,-0.004369068592,-0.000914514,0.0128503841281199
JSCH-109,0.0193465085866892,-0.004501657776,0.0007497389,0.0200962474866892
JSCH-110,0.014003129351892,-0.004155682874,0.0017695989999999,0.0157727283518919
JSCH-111,0.0170813717413433,-0.002688915026,-0.0026363360999999,0.0144450356413434
JSCH-112,0.0129123891269443,-0.0040513007639999,0.0007664936999999,0.0136788828269442
JSCH-113,0.0156145401712948,-0.005228189134,-0.0055897024,0.010024837771294799
JSCH-114,0.0111881944817011,-0.009246342602,-0.0027682084,0.0084199860817011
JSCH-121,0.0136666278379275,-0.010613987286,-0.0074348258999999,0.0062318019379276005
JSCH-124,0.0153721313331699,-0.0137115064799999,-0.0093513513,0.006020780033169901
JSCH-14,0.008894412506832,-0.0563615585399999,-0.0456417513,-0.036747338793167994
JSCH-15,0.0157917638052597,-0.0130629031399999,-0.0048042974999999,0.0109874663052598
JSCH-18,0.006005887568079,-0.045527970418,-0.0354323736,-0.029426486031920995
JSCH-19,0.0172173110270117,-0.045680479852,-0.0370275883999999,-0.0198102773729882
JSCH-23,0.0123155948564168,-0.045599205232,-0.036302824,-0.0239872291435832
JSCH-25,0.0139434903822531,-0.033418848848,-0.0235070052,-0.0095635148177469
JSCH-26,0.011689852105485,-0.04778150846,-0.0366360093,-0.024946157194515
JSCH-30,0.0120791776554675,-0.030734714682,-0.0215083661,-0.0094291884445325
JSCH-39,0.0188856461925312,-0.003430107688,-0.0028742981999999,0.0160113479925313
JSCH-40,0.0193025516507121,-0.006773363086,-0.0062016992,0.0131008524507121
JSCH-41,0.0182898571003994,-0.003425167466,-0.0022055469,0.0160843102003994
JSCH-43,0.0146252083756924,0.007367783346,0.007074854,0.0217000623756924
JSCH-44,0.0251428271514888,0.010049845806,0.0101998658999999,0.0353426930514887
JSCH-45,0.0224767553353462,-0.00182549171,0.0046721364999999,0.0271488918353461
JSCH-46,0.0145224407687737,0.0039872372399999,0.0038401396,0.0183625803687737
JSCH-52,0.0168032447260339,-0.000967486702,-0.0009202837999999,0.015882960926034
JSCH-55,0.0190815674491762,0.003206841526,0.0034731319,0.0225546993491762
NBC1-BzBz_PD32-0.2,-0.0054290200480338,-0.010979404352,0.0107836280999999,0.005354608051966101
NBC1-BzMe-3.3,-0.0023482525749339,-0.004981178034,-0.0001516253,-0.0024998778749339
NBC1-BzMe-3.7,-3.397931973511681e-05,-0.001678241222,-0.0002484808999999,-0.0002824602197350168
NBC1-MeMe-3.2,-0.0010941784528462,-0.001669157588,-0.0002059377999999,-0.0013001162528461
NBC1-MeMe-3.3,-0.000428547802401,-0.001167167288,-0.0001642947,-0.000592842502401
NBC1-MeMe-3.4,0.0003467490189467,-0.000812586838,-0.0001313992999999,0.00021534971894679998
NBC1-MeMe-3.5,0.0003620567184842,-0.000562866584,-0.0001053585,0.0002566982184842
NBC1-MeMe-3.6,0.0003754629401353,-0.000387409022,-8.469570000000004e-05,0.0002907672401352999
NBC1-MeMe-3.7,0.0003873708037939,-0.000264700282,-6.825990000000005e-05,0.0003191109037938999
NBC1-MeMe-3.8,0.0003980743388535,-0.0001789635259999,-5.515239999999998e-05,0.00034292193885350003
NBC1-MeMe-3.9,0.0004077874433867,-0.0001193621379999,-4.467220000000002e-05,0.0003631152433867
NBC1-MeMe-4.0,0.0004166650462042,-7.808738e-05,-3.62705e-05,0.0003803945462042
NBC1-MeMe-4.1,0.0004248193720352,-4.9720944e-05,-2.9517299999999982e-05,0.0003953020720352
NBC1-MeMe-4.2,0.0004323311620668,-3.027878e-05,-2.4074699999999985e-05,0.00040825646206680004
NBC1-MeMe-4.3,0.0004392595530615,-1.7211096e-05,-1.9677299999999995e-05,0.0004195822530615
NBC1-MeMe-4.4,0.0004456501358973,-8.446186e-06,-1.6115500000000012e-05,0.00042953463589729996
NBC1-MeMe-4.6,0.0004569746325915,1.115534e-06,-1.08688e-05,0.0004461058325915
NBC1-MeMe-4.8,0.0004666294950198,4.78086e-06,-7.377299999999998e-06,0.0004592521950198
NBC1-MeMe-5.0,0.0004749650251102,5.896394e-06,-5.033399999999998e-06,0.00046993162511019997
NBC1-MeMe-5.4,0.000488870468899,5.099584000000001e-06,-2.365699999999997e-06,0.000486504768899
NBC1-MeMe-5.8,0.0005003728821046,3.665326e-06,-1.1122000000000012e-06,0.0004992606821046
S22-1,-0.0017831717823345,-0.007791845628,-0.0060988366,-0.0078820083823345
S22-10,0.0001445609615665,-0.001534177974,-0.0002023254999999,-5.7764538433399996e-05
S22-11,0.0029477630079684,-0.00404859161,0.0036327647999999,0.0065805278079683
S22-12,0.0028759990643588,-0.006798064196,-0.0008675010999999,0.0020084979643589
S22-16,-0.0005920781011756,-0.002824054002,-0.0030124924,-0.0036045705011756
S22-17,0.0003688613979344,-0.0043263595759999,-0.0046910783,-0.0043222169020656
S22-18,0.0005343569644192,-0.002775129868,-0.0024277556,-0.0018933986355808
S22-19,-0.0001044096928271,-0.006119819524,-0.0045763662999999,-0.004680775992827
S22-2,-0.0019263078507871,-0.012910234344,-0.0113321974999999,-0.013258505350787
S22-20,0.004226522016836,-0.00318803681,-0.0014857727,0.0027407493168360004
S22-21,0.0070343785597405,-0.00676810414,-0.0078319615,-0.0007975829402595003
S22-22,0.0062653553698826,-0.013653817436,-0.0101464463,-0.003881090930117401
S22-3,-0.0078678778723291,-0.051345798952,-0.0434768918,-0.0513447696723291
S22-4,-0.0056482913664488,-0.0404124502179999,-0.033503556,-0.0391518473664488
S22-5,0.0050516840039442,-0.047472664904,-0.0412098096,-0.0361581255960558
S22-6,8.062482572319257e-05,-0.042882879942,-0.0347306821999999,-0.034650057374276705
S22-8,0.0003898286606815,-0.0002403178959999,-7.687459999999998e-05,0.0003129540606815
S22-9,0.0003593453084396,-0.001799834428,-0.0009634983,-0.0006041529915604
S22by7-1-0.7,-0.0170878413691634,-0.043746143896,-0.0192893042,-0.0363771455691634
S22by7-1-0.9,-0.003832475104929,-0.0134818658379999,-0.0086503405,-0.012482815604928999
S22by7-1-1.2,0.000399580198157,-0.003820066502,-0.0032740024999999,-0.0028744223018429
S22by7-10-0.8,-0.0043418179725526,-0.006556630766,1.1955999999999914e-05,-0.0043298619725526
S22by7-11-0.7,-0.0675986935214347,-0.128689914584,0.0203918815999999,-0.047206811921434805
S22by7-12-0.9,-0.0053254942382397,-0.01981905513,-0.0008289749,-0.0061544691382397
S22by7-13-0.8,-0.0195836056861631,-0.073889625558,-0.0149436076999999,-0.034527213386163
S22by7-13-2.0,0.01495434392415,-0.000994737604,-0.0009457686,0.014008575324149999
S22by7-15-1.5,0.0191737643825137,-0.002480150806,-0.0022067133,0.0169670510825137
S22by7-17-0.7,-0.0089992107403212,-0.017089821518,-0.0082486089,-0.0172478196403212
S22by7-17-0.8,-0.0037562479329099,-0.010459246784,-0.0069328995999999,-0.0106891475329098
S22by7-17-1.2,0.0017205706712998,-0.003180546796,-0.0031671815,-0.0014466108287002
S22by7-18-1.0,0.0005342132387837,-0.00316811656,-0.0024277498,-0.0018935365612163001
S22by7-18-1.2,0.0017084450352502,-0.001696886576,-0.0015796832,0.00012876183525019997
S22by7-18-2.0,0.0020164516333315,-0.000355536622,-0.0003488396999999,0.0016676119333316
S22by7-2-0.7,-0.0131687672372978,-0.0475765689279999,-0.0312374192,-0.0444061864372978
S22by7-2-0.8,-0.0079027087695897,-0.030419177922,-0.0213708258999999,-0.029273534669589603
S22by7-2-1.2,-0.0004063034643624,-0.007763957278,-0.0067340644,-0.0071403678643624
S22by7-22-0.7,-0.0092411358766119,-0.049543892818,-0.0266792321,-0.0359203679766119
S22by7-22-0.8,-0.0009256684605424,-0.031782201108,-0.0185527829,-0.0194784513605424
S22by7-22-0.9,0.0037330167847401,-0.021016819922,-0.0134842514999999,-0.0097512347152598
S22by7-22-1.0,0.0062653560268549,-0.01449556752,-0.0101464315999999,-0.0038810755731449997
S22by7-22-1.2,0.0092247202741681,-0.007741965322,-0.006196552,0.0030281682741681
S22by7-22-1.5,0.0102063638767162,-0.003744688276,-0.0033480221,0.006858341776716199
S22by7-22-2.0,0.0106289184390488,-0.001572424854,-0.0014652154999999,0.0091637029390489
S22by7-3-0.7,-0.0417988429404933,-0.14596842071,-0.1076513682,-0.14945021114049328
S22by7-3-0.8,-0.0250507424682765,-0.104182429414,-0.0771503567999999,-0.1022010992682764
S22by7-3-0.9,-0.0157047056149736,-0.073926278818,-0.0571951765,-0.0728998821149736
S22by7-3-1.2,-0.0014941097480589,-0.02997758582,-0.0265307165,-0.0280248262480589
S22by7-3-1.5,0.001590829092522,-0.014708953238,-0.0139226646,-0.012331835507478
S22by7-3-2.0,0.0024767302160866,-0.0057472311679999,-0.0056784447,-0.0032017144839134003
S22by7-4-0.7,-0.0368546253033632,-0.128907284352,-0.0806087839,-0.11746340920336319
S22by7-4-0.8,-0.0217354917922088,-0.086100738808,-0.0580694179,-0.0798049096922088
S22by7-4-0.9,-0.0122149246785097,-0.058913422246,-0.0434740604999999,-0.0556889851785096
S22by7-4-1.0,-0.0056482913665264,-0.0418962698,-0.033503556,-0.039151847366526396
S22by7-4-1.2,-0.0004379481706197,-0.023812188764,-0.0211997021999999,-0.0216376503706196
S22by7-4-1.5,0.0020194454952689,-0.012429598552,-0.0119080171,-0.009888571604731099
S22by7-4-2.0,0.002518461558968,-0.005625000514,-0.0055110903,-0.0029926287410320003
S22by7-5-0.7,-0.0280262052168537,-0.142082537702,-0.0937009162,-0.1217271214168537
S22by7-5-1.0,0.0050516769475899,-0.050557275776,-0.0412099042999999,-0.03615822735241
S22by7-6-0.9,-0.0076403703477314,-0.06243643798,-0.0461064044999999,-0.0537467748477313
S22by7-6-1.0,8.064144817278296e-05,-0.0438766613739999,-0.0347306621,-0.034650020651827214
S22by7-6-1.2,0.006559103492339,-0.023752587376,-0.020942717,-0.014383613507661
S22by7-8-0.7,-0.0119728805380841,-0.011852708112,-0.0008874128,-0.0128602933380841
S22by7-8-0.8,-0.0033674906645373,-0.00322150283,-0.0003768735,-0.0037443641645373
S22by7-9-0.7,-0.0249250206084132,-0.034938365518,-0.0065534155,-0.0314784361084132
S22by7-9-0.8,-0.0103719225509283,-0.012783541554,-0.003410219,-0.0137821415509283
S22by7-9-0.9,-0.0031247098391426,-0.004716637114,-0.0017998011,-0.0049245109391426
S22by7-9-1.2,0.0010104129993547,-0.000338325526,-0.0002929329999999,0.0007174799993547999
S22by7-9-1.5,0.0011235612969904,-5.035839200000001e-05,-5.81764e-05,0.0010653848969904
S22by7-9-2.0,0.0012114441792391,-5.57767e-06,-5.417999999999998e-06,0.0012060261792391
S66-1,-0.0018164135956399,-0.013655092332,-0.0109590604,-0.0127754739956399
S66-10,-0.0012327048721937,-0.009514548848,-0.006549406,-0.007782110872193699
S66-11,-0.0001766455613616,-0.011687449718,-0.0079467441,-0.008123389661361599
S66-12,-0.0034729649564085,-0.020613793424,-0.0168291484,-0.0203021133564085
S66-13,0.0003057419003943,-0.013551188308,-0.0099134056999999,-0.0096076637996056
S66-14,-0.0012021885122128,-0.01782703013,-0.013526449,-0.0147286375122128
S66-15,0.0032505356882567,-0.018713242212,-0.014112646,-0.010862110311743299
S66-16,-0.000517821596191,-0.011746732382,-0.0091098268,-0.009627648396191
S66-17,0.0056118464365412,-0.043801920596,-0.0350784871,-0.0294666406634588
S66-18,-0.0020407601303492,-0.018445195328,-0.0152659886,-0.0173067487303492
S66-19,-0.0010109365451268,-0.019309415454,-0.0158275068,-0.016838443345126797
S66-2,-0.001766195264218,-0.015167118988,-0.0119202022,-0.013686397464218
S66-20,-0.0057786046038584,-0.0535822852599999,-0.0438061204,-0.0495847250038584
S66-23,-0.0009428910844284,-0.0486532186,-0.0394381819,-0.040381072984428404
S66-24,0.0041834044264035,-0.002668197966,0.0033465821,0.0075299865264035
S66-29,0.0070046520186024,-0.010548330142,-0.0043966309999999,0.0026080210186025
S66-3,-0.0034141713768265,-0.02026925278,-0.0168733427,-0.0202875140768265
S66-30,0.0005500060835936,-0.001421349678,0.0025139131,0.0030639191835936
S66-31,0.0024709589181849,-0.006036473198,-0.0022094064,0.00026155251818490034
S66-32,0.0019124880175432,-0.00745176712,-0.0036709446999999,-0.0017584566824567
S66-33,0.000893535145647,-0.002727799354,0.0012161422,0.002109677345647
S66-34,0.0043605144975906,-0.002627720018,0.0003025216,0.0046630360975906
S66-35,0.0053780986919166,-0.001855133042,1.657320000000017e-05,0.0053946718919166
S66-36,0.0063952021397902,-0.00105019558,-0.0001622503,0.0062329518397902005
S66-37,0.0047730511020043,-0.001822782556,5.489420000000034e-05,0.004827945302004301
S66-38,0.0038077545407292,-0.002109793518,0.0007315475,0.0045393020407292
S66-40,0.0046612334542435,-0.002890348594,-0.0003030049999999,0.004358228454243601
S66-41,0.008405034030638,-0.003932416712,-0.0006169078,0.007788126230637999
S66-42,0.0080253161744905,-0.0031713038,0.0011888909,0.0092142070744905
S66-44,0.0014984892696868,-0.0016231019699999,5.772099999999994e-05,0.0015562102696868
S66-45,0.0007730324232297,-0.001978160506,-0.0002915703,0.0004814621232297
S66-47,0.0046971815713809,-0.003226602414,-0.0014854733,0.0032117082713809
S66-48,0.0041107973598464,-0.004833130736,-0.0044959271,-0.00038512974015359955
S66-5,-0.0012323372810383,-0.015214768226,-0.0116624478,-0.0128947850810383
S66-51,-0.0006047655731512,-0.003364450544,-0.0029066867999999,-0.0035114523731511
S66-59,-0.0009166400165505,-0.007142445478,-0.0058172613,-0.006733901316550501
S66-6,-0.0032253079438489,-0.021051560838,-0.0169611844,-0.020186492343848898
S66-60,-0.0017927090000619,-0.012409678302,-0.0101194021,-0.0119121111000619
S66-66,9.854094524792968e-05,-0.007366189726,-0.0043514685999999,-0.004252927654751971
S66-7,-0.0006028650419904,-0.021074668328,-0.0164916058,-0.0170944708419904
S66-8,-0.0015120140086199,-0.013472622842,-0.0106180377,-0.0121300517086199
S66-9,-0.0003615605210631,-0.0069328844479999,-0.0047697430999999,-0.005131303621063
SSI-001LEU-154LEU-1,0.0004594794820342,-0.001043343014,-2.3133499999999988e-05,0.0004363459820342
SSI-003THR-182GLU-1,0.0014601424356148,-0.003194251928,-0.0008887883999999,0.0005713540356149001
SSI-003TYR-056ALA-1,0.0023200211289997,-0.002422461762,-0.0016192237,0.0007007974289997001
SSI-004LEU-031TYR-1,0.003719347079079,-0.000711710692,2.7698400000000185e-05,0.003747045479079
SSI-005LEU-010TRP-1,0.0052988895979162,-0.000629001814,-0.0003086417999999,0.0049902477979163005
SSI-005LEU-015LYS-1,0.0020698707807396,-0.000371791546,2.449389999999998e-05,0.0020943646807395997
SSI-005PHE-163LEU-1,0.0030619051149781,-0.001682703358,0.0008218914,0.0038837965149781002
SSI-006GLU-010TYR-1,0.0046722689832112,-0.002615608506,-0.0014076247999999,0.0032646441832113
SSI-007THR-031LYS-1,0.0009115946687577,-0.001402704324,-4.615939999999999e-05,0.0008654352687577
SSI-009ARG-128ARG-2,0.0064226345404587,0.1002488971679999,0.1015906469,0.1080132814404587
SSI-009GLN-068ILE-1,0.0023914128319823,-0.0003182459139999,0.0003542037999999,0.0027456166319822003
SSI-009VAL-025ILE-1,0.000666757790408,-0.001038721516,3.340580000000001e-05,0.000700163590408
SSI-013LEU-065PHE-1,0.0051011167201773,-0.003917436684,0.0016672427999999,0.0067683595201772
SSI-015ILE-034LEU-1,0.0007339425202836,-0.000583743006,3.487690000000003e-05,0.0007688194202836
SSI-016LEU-062LEU-1,1.5183956003375632e-05,-0.001674416534,5.554210000000005e-05,7.072605600337568e-05
SSI-019VAL-075LEU-1,0.0007661179575293,-0.0006669299699999,3.4196900000000005e-05,0.0008003148575293
SSI-022GLN-058GLU-1,0.0007052548933769,-0.00429719633,-0.0002926680999999,0.000412586793377
SSI-023ASP-057ARG-1,-0.0016513742129655,-0.177265205166,-0.1728418677,-0.1744932419129655
SSI-023GLU-028LEU-1,0.0017207514203436,-0.0012296371919999,0.0002522542999999,0.0019730057203435
SSI-024LEU-260ILE-1,0.0013662765313134,-0.000925255772,-2.55306e-05,0.0013407459313134
SSI-024LYS-069TYR-2,0.0043396487676508,-0.007667224544,-0.0065321783,-0.0021925295323492
SSI-025SER-075ASP-1,0.0019396779049156,0.007664356028,0.0101857432,0.0121254211049156
SSI-029PHE-103HIE-1,0.007943482483957,-0.000121433844,0.0024796307,0.010423113183957
SSI-031PHE-095TYR-1,0.0120100439365214,-0.002899432228,-0.0008815061999999,0.011128537736521501
SSI-034ASP-037PHE-1,0.0065536627954149,-0.002196327084,0.0010331165,0.007586779295414899
SSI-034TYR-143MET-1,0.0042163325396556,-0.004078551666,-0.0033716998999999,0.0008446326396557005
SSI-035ALA-065LEU-1,0.0007985555032687,-0.000771790166,-0.0001020397999999,0.0006965157032688
SSI-036ARG-162GLN-1,0.0025766012646818,-0.027143810736,-0.02651053,-0.023933928735318202
SSI-038PHE-046ARG-1,0.0040913611761391,-0.001616568128,0.000173389,0.0042647501761391
SSI-039THR-046THR-1,-0.0029823019310065,-0.019882959292,-0.0144425839,-0.0174248858310065
SSI-039THR-077LEU-1,0.0004943289050865,-0.000850355632,8.224100000000001e-06,0.0005025530050865
SSI-041ILE-107PHE-2,0.0040247621542052,-0.001064378798,-0.0001264519,0.0038983102542052
SSI-043LEU-055THR-1,0.0013204656539213,-0.000827248142,8.425099999999998e-05,0.0014047166539213
SSI-043TYR-048GLN-1,0.0074822673081796,-0.002047323614,0.0020532506999999,0.0095355180081795
SSI-048LYS-082ILE-1,0.000968544176705,-0.001158880464,0.0001436621,0.001112206276705
SSI-049GLU-080ARG-1,0.0030003743819022,-0.137195223886,-0.1370178589,-0.1340174845180978
SSI-051VAL-104ILE-1,0.0008594891109289,-0.000767965478,3.421720000000003e-05,0.0008937063109289
SSI-052ILE-056GLN-1,0.0021583154038534,-0.001185175194,-0.000383831,0.0017744844038534
SSI-058TRP-180SER-1,0.007240653990308,-0.001044139824,0.0005524198,0.007793073790308001
SSI-059PHE-118THR-1,0.0010558144325309,-0.00345656178,-0.0002184224999999,0.000837391932531
SSI-062ILE-105TYR-1,0.0042259003800357,-0.001117446344,0.0001844716999999,0.004410372080035601
SSI-065THR-069ILE-1,0.000624300480144,-0.00090517616,-2.2341699999999976e-05,0.0006019587801440001
SSI-068ARG-072THR-1,0.0016931275693848,-0.01888519381,-0.0173853119999999,-0.0156921844306151
SSI-068HIE-075LYS-1,0.0049008338566956,-0.0113123115699999,-0.0099111585999999,-0.0050103247433043
SSI-070MET-075ILE-1,0.0001557295038147,-0.0025749711959999,1.0737699999999889e-05,0.00016646720381469988
SSI-075LEU-111LEU-2,-1.2267902282078746e-05,-0.001340075058,2.8755e-05,1.6487097717921255e-05
SSI-079ASP-135ILE-1,0.0018945975571396,-0.0009517098639999,0.0003676746,0.0022622721571396
SSI-083LEU-088TYR-2,0.0034202465992957,-0.001124458272,0.0004797365,0.0038999830992957
SSI-084TYR-089ASP-1,0.0082219059269355,0.0023950514979999,0.0054509087,0.0136728146269355
SSI-091LYS-140SER-2,-0.0001410332141576,-0.023066533966,-0.0229384354,-0.0230794686141576
SSI-095TYR-106TYR-1,0.0104034067212848,-0.012474219912,-0.0052037769999999,0.0051996297212849
SSI-113ILE-185VAL-1,-0.0009190879822728,-0.002402860236,-0.0001109591,-0.0010300470822728
SSI-115ASP-156ASP-1,-0.0005506976992952,0.131104408246,0.1506207994,0.1500701017007048
SSI-115GLU-123PRO-1,0.0023955079991204,-0.000862626506,-2.6092099999999967e-05,0.0023694158991204
SSI-126LEU-162PHE-1,0.0034840989135066,-0.00108764565,-0.0003275109,0.0031565880135066
SSI-130VAL-185PHE-1,0.0029794096875204,-0.001026450642,-0.0002597613999999,0.0027196482875205003
SSI-131ASP-182PHE-1,0.0069049894235988,-0.00024462067,0.0027352162999999,0.0096402057235987
SSI-131THR-149LEU-1,0.0011014570388686,-0.000647965892,-4.414350000000001e-05,0.0010573135388686002
SSI-136SER-144ARG-1,-0.000328865100701,-0.02318956143,-0.0211919582999999,-0.0215208234007009
SSI-153PHE-163LEU-1,0.0037187301602119,-0.001056729422,-0.0006352806,0.0030834495602119
SSI-158VAL-205TYR-1,0.0034487921617014,-0.001427405434,-0.0002078804,0.0032409117617014003
SSI-165TYR-208ILE-1,0.0041029290343635,-0.00079282595,0.0001930976999999,0.0042960267343634
SSI-175LEU-233ALA-1,0.0009143296809259,-0.00118166923,5.9736e-05,0.0009740656809259001
SSI-189THR-199LYS-1,0.0001563036015033,-0.002919352478,0.0004447299999999,0.0006010336015032
SSI-193HIE-248MET-1,0.00437880900556,-0.0018680413639999,-0.0001933335,0.00418547550556
UBQ-ala28-asp32,0.0008556145166669,-0.018684875776,-0.0140424073,-0.0131867927833331
UBQ-ala46-lys48,0.0059322843413218,-0.038584568078,-0.0371809374,-0.031248653058678202
UBQ-arg42-val70,0.0054072065288509,-0.033892632074,-0.0242379064,-0.018830699871149097
UBQ-asn25-lys29,0.0016244324354802,-0.016339067136,-0.0127067407999999,-0.011082308364519702
UBQ-asp21-leu56,0.0108924734014686,-0.014734929244,-0.0118306373,-0.0009381638985314009
UBQ-gln2-glu64-small,0.0009424392582007,-0.019009336808,-0.0134126973,-0.0124702580417993
UBQ-gln31-gly35,-0.0005623801836121,-0.0201709264259999,-0.0139413054999999,-0.014503685683612001
UBQ-gln62-ser65,0.0009773004721939,-0.044725104662,-0.0308658766,-0.029888576127806103
UBQ-glu16-lys29,0.0031928590233305,-0.037636045454,-0.031749823,-0.028556963976669503
UBQ-glu18-asp21-C,0.0110785189182164,-0.018095714462,-0.0118004412,-0.0007219222817835998
UBQ-glu18-asp21-N,0.004447116782582,-0.021246619926,-0.0162738216,-0.011826704817417998
UBQ-ile13-leu15,0.0048183340561747,-0.000629161176,-2.395379999999998e-05,0.0047943802561747
UBQ-ile13-lys33,0.0023186493797788,-0.002225968416,0.0003660078999999,0.0026846572797787
UBQ-ile3-leu15-big,0.0090533763521767,-0.021138731852,-0.0165156279,-0.0074622515478233
UBQ-ile3-leu15-part1,0.002418935247913,-0.0139107089799999,-0.0113625501,-0.008943614852087
UBQ-ile3-leu15-part2,0.0027691150940415,-0.013695092194,-0.0112923917,-0.0085232766059585
UBQ-ile3-leu15,0.0041850178300623,-0.000673941898,9.423350000000004e-05,0.0042792513300623
UBQ-ile3-leu67,0.0044658989086946,-0.000660874214,-2.313300000000003e-05,0.0044427659086946
UBQ-ile3-val17,0.0029024639349882,-0.001035374914,-2.2339399999999988e-05,0.0028801245349882
UBQ-ile36-leu71,0.0036314739696509,-0.001417843714,-0.0001683902,0.0034630837696509
UBQ-ile44-gly47,0.0081559109557365,-0.000619280732,-0.0002747545,0.0078811564557365
UBQ-ile44-his68-big,0.005264129860997,-0.000904698074,8.315740000000005e-05,0.005347287260996999
UBQ-ile44-his68-small,0.0002260119779998,-0.000879040792,8.795140000000001e-05,0.0003139633779998
UBQ-ile44-his68,0.0047758023817513,-0.04065563663,-0.0307263357,-0.0259505333182487
UBQ-ile61-leu67,0.0043105956476493,-0.00084621222,-0.0001003383,0.0042102573476493
UBQ-leu15-ile30,0.004308477867578,-0.00072669072,-2.5717800000000064e-05,0.004282760067578
UBQ-leu43-leu50,0.000548070719274,-0.01936965429,-0.0143454943999999,-0.0137974236807259
UBQ-leu50-tyr59,0.0050164833283101,-0.002023419314,0.0031705099,0.0081869932283101
UBQ-leu56-ile61np,0.0033264828881353,-0.001438720136,5.543099999999998e-05,0.0033819138881353
UBQ-leu56-ile61p,0.00420185917475,-0.008163796536,-0.00734311,-0.0031412508252500002
UBQ-leu56-tyr59,0.0030111434783146,-0.007528579604,-0.0057505805,-0.0027394370216853995
UBQ-leu71-leu73,0.0045873849535729,-0.000501830938,-4.40932e-05,0.0045432917535729
UBQ-lys11-glu34,0.002771550299237,-0.1524899918359999,-0.1490878017,-0.146316251400763
UBQ-lys27-asp52,-0.000181679314298,-0.167933922618,-0.1636367644,-0.163818443714298
UBQ-met1-val17-mono,-0.0008309855655176,-0.018700493252,-0.0145174239,-0.0153484094655176
UBQ-phe4-thr12,0.0062068657445694,-0.000939917076,0.0002145643,0.0064214300445694
UBQ-phe4-thr14,0.0037553354142171,-0.00174979476,0.0004966028,0.0042519382142171
UBQ-phe45-ile61,0.0052119308581711,-0.002182303228,-0.0030686246,0.0021433062581711
UBQ-pro19-ser57,0.0131113927555532,-0.017601214176,-0.0126780709,0.00043332185555319987
UBQ-pro37-gln40,0.0016257992983222,-0.013779394692,-0.0106972053,-0.009071406001677801
UBQ-ser57-asn60,5.491407000031423e-05,-0.01720711195,-0.0125919339,-0.012537019829999685
UBQ-thr14-lys33,0.0090311331184213,-0.021616180404,-0.0203844397,-0.011353306581578699
UBQ-thr22-asn25,0.0023771688572334,-0.009344668956,-0.0077291362,-0.005351967342766601
UBQ-thr22-thr55-big,0.0166725784229462,-0.045113310494,-0.0336974684,-0.0170248899770538
UBQ-thr22-thr55-small,0.0122785567362472,2.1035784e-05,0.0011264984999999,0.0134050552362471
UBQ-thr22-val26,0.0030747724226481,-0.012380993142,-0.0104921435999999,-0.007417371177351799
UBQ-thr55-asp58-backbone,0.0026426271318785,-0.008167780586,-0.0068908007,-0.0042481735681214996
UBQ-thr55-asp58-sidechain-small,0.0015092522352046,-0.0306692169,-0.0274630582,-0.0259538059647954
UBQ-thr55-asp58-sidechain,0.0033797964455923,-0.023714977944,-0.0187958305,-0.0154160340544077
UBQ-thr7-ile13,0.004103620085608,-9.0517616e-05,-5.112239999999997e-05,0.0040524976856080005
UBQ-thr7-lys11,0.0016018468951767,-0.016384644668,-0.0123939263,-0.0107920794048233
UBQ-thr7-thr9-v2,0.0029586902180991,-0.001280792394,-0.0007109308,0.0022477594180991
UBQ-tyr59-ile61,0.007863590173052,-0.000783104868,5.637120000000017e-05,0.007919961373052
UBQ-val17-leu56,0.0030056054748618,-0.00115298407,-0.0001010983,0.0029045071748617997
UBQ-val26-leu56,0.0024862870644197,-0.001408600718,-0.0001172983,0.0023689887644196997
UBQ-val5-leu15,0.0023798065302505,-0.001329716528,-5.834889999999999e-05,0.0023214576302505
UBQ-val5-leu69,0.0031865354559302,-0.000963980738,8.589399999999993e-05,0.0032724294559302
