File,DampNN
A24-1,-0.004448030533498057
A24-10,-0.001622740626431085
A24-13,-0.0010122364045804244
A24-14,-0.0006975706954092387
A24-15,-0.0004203811299909599
A24-16,-0.0019175688757851056
A24-17,0.0008457877855689577
A24-18,0.0007040756580496549
A24-19,0.0005350378258139193
A24-2,-0.0023903270505331725
A24-23,-0.0018011659204741348
A24-5,-0.0018358824144199953
A24-7,-0.000800005621251279
A24-8,-0.000305158932132385
A24-9,-0.0028893597228392826
ACHC-AC-3.2_____,0.004844064134662943
ACHC-AC-3.4_0.4____,0.005906536031173387
ACHC-AC-3.4_0.8____,0.0053912062308621445
ACHC-AC-3.4_1.2____,0.005094220252981854
ACHC-AC-3.4_2.0____,0.006967346322076781
ACHC-AC-3.4_n0.4____,0.006784422803881904
ACHC-AC-3.4_n1.2____,0.006244521282829971
ACHC-AC-3.4_n1.6____,0.006335180888302691
ACHC-AC-3.4__0.4___,0.0067812221446907905
ACHC-AC-3.4__0.8___,0.007068399379560053
ACHC-AC-3.4__1.2___,0.007528357382047768
ACHC-AC-3.4__2.0___,0.006204240231324931
ACHC-AC-3.4__n0.4___,0.00724578430188666
ACHC-AC-3.4__n0.8___,0.008131469343247627
ACHC-AC-3.4__n1.2___,0.007675868967064667
ACHC-AC-3.4___120__,0.005639081535484203
ACHC-AC-3.4___150__,0.006908087800007026
ACHC-AC-3.4___180__,0.007195126067638613
ACHC-AC-3.4___30__,0.007254578288131794
ACHC-AC-3.4___60__,0.006069421208082515
ACHC-AC-3.4___90__,0.00699834309188814
ACHC-AC-3.6____4_,0.007949640972581232
ACHC-AC-3.6____n12_,0.006526618174011595
ACHC-AC-3.6____n20_,0.003102198332843753
ACHC-AC-3.6_____,0.0077194290934731735
ACHC-AC-3.6_____4,0.007641063199675377
ACHC-AC-3.6_____n12,0.006734513593228672
ACHC-AC-3.6_____n20,0.004235536867359058
ACHC-AC-3.6_____n4,0.007892252158592308
ACHC-AC-3.6_____n8,0.007626293311598031
ACHC-AC-3.8_____,0.007924913004490344
ACHC-AC-4.0_____,0.007157289710351664
BBI-007VAL-041VAL-1,-0.0028161518165684546
BBI-008TRP-251HIE-2,0.0008045657911668613
BBI-012LEU-085ASP-1,-0.0017255461803065697
BBI-015LEU-026LEU-1,-0.001831711089127011
BBI-017ASN-021LYS-2,0.0020092953879076725
BBI-030TRP-178GLY-2,0.00011626134151415668
BBI-033ASN-036TRP-2,0.0027348470246183476
BBI-033VAL-115VAL-1,-0.0009909158312127603
BBI-038ALA-041GLY-1,0.0013879092380106733
BBI-040THR-049GLN-2,-0.0009645114028662694
BBI-041GLY-045LEU-2,0.000276084212316674
BBI-044SER-047GLU-1,0.0003666000710899342
BBI-044TRP-054LEU-1,-0.001615546773329521
BBI-061VAL-064TYR-2,-0.00038456475513622135
BBI-072THR-075PRO-1,0.0017696747981532784
BBI-081LEU-084LYS-1,0.0010679560359258544
BBI-084LEU-088MET-2,-0.00011511664244646946
BBI-087LEU-090TYR-1,-0.0020741834992841074
BBI-108LYS-112TYR-1,0.0014773603186224032
BBI-108TYR-129TRP-1,-0.0005138062186556686
BBI-112SER-115ALA-2,0.0010270845064324768
BBI-121VAL-155THR-2,-0.0016901087203146994
BBI-171ALA-175GLU-1,0.0028767577190405846
BBI-197TYR-201LEU-2,0.0008477741692582835
BBI-228ARG-232GLU-1,-0.0004684245318684749
HBC1-FaNNFaNN-10.0,-0.00021769777694057024
HBC1-FaNNFaNN-3.7,-0.026783616163702825
HBC1-FaNNFaNN-3.9,-0.020530140901255205
HBC1-FaONFaNN-10.0,-0.00023385775713442858
HBC1-FaONFaNN-3.7,-0.02197951941662673
HBC1-FaONFaNN-3.8,-0.01903064294803193
HBC1-FaONFaNN-4.0,-0.013331301104828504
HBC1-FaONFaNN-4.1,-0.010636508772920668
HBC1-FaONFaNN-4.2,-0.008132045512355489
HBC1-FaONFaNN-4.3,-0.00611657528209196
HBC1-FaONFaNN-4.6,-0.0017958676069007307
HBC1-FaONFaNN-4.8,-0.0003526663803935792
HBC1-FaONFaNN-5.0,0.00030258629541876636
HBC1-FaONFaNN-5.4,0.0010875203767979624
HBC1-FaONFaNN-5.8,0.0010168788838800097
HBC1-FaONFaNN-6.4,0.0007536526508359898
HBC1-FaONFaNN-7.0,0.0005142728186355722
HBC1-FaONFaNN-8.0,0.00019267165083222682
HBC1-FaONFaON-10.0,-0.0002220364826052007
HBC1-FaONFaON-3.4,-0.023463842202179674
HBC1-FaONFaON-3.5,-0.022118540861483668
HBC1-FaONFaON-3.6,-0.019969336816286473
HBC1-FaONFaON-3.7,-0.01703953256997398
HBC1-FaONFaON-3.8,-0.014399401475615553
HBC1-FaONFaON-3.9,-0.01174727096473923
HBC1-FaONFaON-4.0,-0.009283587239416288
HBC1-FaONFaON-4.1,-0.006849662952755693
HBC1-FaONFaON-4.2,-0.004595621606791181
HBC1-FaONFaON-4.3,-0.003083147260212221
HBC1-FaONFaON-4.4,-0.0018941905684490001
HBC1-FaONFaON-4.6,-0.00041909973608830753
HBC1-FaONFaON-4.8,0.00029992604219879204
HBC1-FaONFaON-5.0,0.0008373782159417226
HBC1-FaONFaON-5.4,0.0011534101003574104
HBC1-FaONFaON-5.8,0.0009461721542144419
HBC1-FaONFaON-6.4,0.0007047888864428337
HBC1-FaONFaON-7.0,0.0004630935969835992
HBC1-FaONFaON-8.0,0.0001286568184211967
HBC1-FaOOFaNN-3.6,-0.027998155903778063
HBC1-FaOOFaNN-3.8,-0.01832863053188378
HBC1-FaOOFaNN-4.0,-0.01151886159312563
HBC1-FaOOFaNN-4.2,-0.006446989601558387
HBC1-FaOOFaNN-4.4,-0.0029479670537106706
HBC1-FaOOFaNN-4.6,-0.0010176215644024517
HBC1-FaOOFaNN-5.0,0.0006437749051187713
HBC1-FaOOFaNN-5.8,0.0010044612500904743
HBC1-FaOOFaNN-6.4,0.0007328046365882301
HBC1-FaOOFaNN-7.0,0.00046353662918494076
HBC1-FaOOFaON-10.0,-0.00021641216656413664
HBC1-FaOOFaON-3.4,-0.02473279850511924
HBC1-FaOOFaON-3.5,-0.02197076894496998
HBC1-FaOOFaON-3.6,-0.01886464651232403
HBC1-FaOOFaON-3.7,-0.01537491602561445
HBC1-FaOOFaON-3.8,-0.01232273941467675
HBC1-FaOOFaON-3.9,-0.009631772630452722
HBC1-FaOOFaON-4.0,-0.007091173052557048
HBC1-FaOOFaON-4.1,-0.0048770104370573705
HBC1-FaOOFaON-4.2,-0.0033785919341242365
HBC1-FaOOFaON-4.3,-0.002050536551552698
HBC1-FaOOFaON-4.4,-0.0009271760820468433
HBC1-FaOOFaON-4.6,-1.867701577491776e-05
HBC1-FaOOFaON-4.8,0.0006019709946330359
HBC1-FaOOFaON-5.0,0.0011157267447487046
HBC1-FaOOFaON-5.4,0.0011113077993125664
HBC1-FaOOFaON-5.8,0.0009138378044779849
HBC1-FaOOFaON-6.4,0.0006564330775939153
HBC1-FaOOFaON-7.0,0.00041387540843636217
HBC1-FaOOFaON-8.0,0.00010233574179265015
HBC1-FaOOFaOO-10.0,-0.00025962353779100666
HBC1-FaOOFaOO-3.4,-0.02549269434199291
HBC1-FaOOFaOO-3.5,-0.021379720457926424
HBC1-FaOOFaOO-3.6,-0.01729625651450807
HBC1-FaOOFaOO-3.7,-0.013625619417065388
HBC1-FaOOFaOO-3.8,-0.010577035893950974
HBC1-FaOOFaOO-3.9,-0.007812417462562969
HBC1-FaOOFaOO-4.0,-0.005322323183453118
HBC1-FaOOFaOO-4.1,-0.0037417443504319525
HBC1-FaOOFaOO-4.2,-0.0023682990037346696
HBC1-FaOOFaOO-4.3,-0.0012069735656820846
HBC1-FaOOFaOO-4.4,-0.0007025456405770486
HBC1-FaOOFaOO-4.6,0.0003163923498759186
HBC1-FaOOFaOO-4.8,0.0008755784780765802
HBC1-FaOOFaOO-5.0,0.0012812034482276025
HBC1-FaOOFaOO-5.4,0.0011026733836065894
HBC1-FaOOFaOO-5.8,0.0009045639580136378
HBC1-FaOOFaOO-6.4,0.0006541880332520678
HBC1-FaOOFaOO-7.0,0.00040564790817765317
HBC1-FaOOFaOO-8.0,9.636911195126663e-05
HSG-11,0.0037210204183421303
HSG-12,-0.0002779861829029229
HSG-13,0.0015048204814138294
HSG-17,-0.00010557515597313383
HSG-3,0.003337407684129684
HSG-4,-0.005793741950296659
HSG-6,0.0007881546627506175
HSG-7,0.0047908772749911815
HSG-8,0.0026370738799991744
JSCH-10,-0.004610752900749533
JSCH-100,0.006523429135110614
JSCH-101,0.006180958078298465
JSCH-102,0.007005982371953795
JSCH-103,0.006593767613101348
JSCH-104,0.007836625306036085
JSCH-106,0.006770895167764399
JSCH-108,0.0067983794203809594
JSCH-109,0.00805120343388041
JSCH-110,0.00726878219351379
JSCH-111,0.007528924584146265
JSCH-112,0.006566265729424758
JSCH-113,0.007308941915875514
JSCH-114,0.003931209056377491
JSCH-121,0.005043540340991248
JSCH-124,0.007243658010510884
JSCH-14,-0.007765061428631613
JSCH-15,0.00021573355610360334
JSCH-18,-0.007591008900175875
JSCH-19,-0.002637626926550618
JSCH-23,-0.006050943367117326
JSCH-25,-0.004013338637272115
JSCH-26,-0.004641059968496092
JSCH-30,-0.003137844812314397
JSCH-39,0.005007098795428919
JSCH-40,0.0035744480675763968
JSCH-41,0.003661855010741552
JSCH-43,0.0022929392193584697
JSCH-44,0.006352300185288762
JSCH-45,0.00655168858776925
JSCH-46,0.002617641271389873
JSCH-52,0.0022218908710767288
JSCH-55,0.0030590070380655116
NBC1-BzBz_PD32-0.2,-0.010002120301402143
NBC1-BzMe-3.3,-0.002808775260711771
NBC1-BzMe-3.7,-0.0005387609089469725
NBC1-MeMe-3.2,-0.0015555052331255176
NBC1-MeMe-3.3,-0.0006871098051793589
NBC1-MeMe-3.4,0.0006026354234667242
NBC1-MeMe-3.5,0.0005744108050540625
NBC1-MeMe-3.6,0.0005461742616379162
NBC1-MeMe-3.7,0.0005183955432537107
NBC1-MeMe-3.8,0.0004913957377522676
NBC1-MeMe-3.9,0.00046539183521586425
NBC1-MeMe-4.0,0.0004405296024555805
NBC1-MeMe-4.1,0.0004169048966947003
NBC1-MeMe-4.2,0.0003945809727459032
NBC1-MeMe-4.3,0.00037359529814949555
NBC1-MeMe-4.4,0.00035396135758129776
NBC1-MeMe-4.6,0.00031866053527945803
NBC1-MeMe-4.8,0.00028818699101340606
NBC1-MeMe-5.0,0.000261685950688359
NBC1-MeMe-5.4,0.00021723473061552312
NBC1-MeMe-5.8,0.00018034762770524626
S22-1,-0.001948872615039593
S22-10,-0.0004548842846597845
S22-11,0.00023436366777840334
S22-12,0.00029615725872728094
S22-16,-0.001031292011013235
S22-17,-1.3700190474169593e-06
S22-18,5.742157992849606e-05
S22-19,-0.0007599657890075412
S22-2,-0.002500646493441727
S22-20,0.000987806414848233
S22-21,0.00202201098223638
S22-22,0.0004649639454257781
S22-3,-0.010537256237978451
S22-4,-0.007935151902884963
S22-5,-0.005965545686109942
S22-6,-0.007274684600674895
S22-8,0.0005129272039564314
S22-9,0.00021867997699341613
S22by7-1-0.7,-0.02125992764164198
S22by7-1-0.9,-0.004286288717438025
S22by7-1-1.2,0.0004739642424039653
S22by7-10-0.8,-0.0061020547346852805
S22by7-11-0.7,-0.08638215817690169
S22by7-12-0.9,-0.008729428940771139
S22by7-13-0.8,-0.02694846365977549
S22by7-13-2.0,0.0012362566213248855
S22by7-15-1.5,0.005443746168998703
S22by7-17-0.7,-0.011326327487382729
S22by7-17-0.8,-0.005023835043329622
S22by7-17-1.2,0.0011543462590431486
S22by7-18-1.0,5.7420049694695274e-05
S22by7-18-1.2,0.001194665499285777
S22by7-18-2.0,0.00022647699973012136
S22by7-2-0.7,-0.014067462931025662
S22by7-2-0.8,-0.008542211093542883
S22by7-2-1.2,-0.0005306487244772229
S22by7-22-0.7,-0.014707894689483456
S22by7-22-0.8,-0.0071148741723896375
S22by7-22-0.9,-0.002019756914921414
S22by7-22-1.0,0.0004649596586594612
S22by7-22-1.2,0.0033199785950294713
S22by7-22-1.5,0.003284359133234188
S22by7-22-2.0,0.0020567288973781794
S22by7-3-0.7,-0.04677683509679476
S22by7-3-0.8,-0.027489023764001974
S22by7-3-0.9,-0.017338823621621077
S22by7-3-1.2,-0.0029555276816552595
S22by7-3-1.5,0.00042901240255148465
S22by7-3-2.0,0.0010899065566179061
S22by7-4-0.7,-0.040853481568373436
S22by7-4-0.8,-0.023638161781453344
S22by7-4-0.9,-0.014366268933058916
S22by7-4-1.0,-0.007935151903049081
S22by7-4-1.2,-0.0015017246941543133
S22by7-4-1.5,0.0007473618508239965
S22by7-4-2.0,0.000958341047344366
S22by7-5-0.7,-0.03993617146261248
S22by7-5-1.0,-0.005965553969159737
S22by7-6-0.9,-0.01388456297917931
S22by7-6-1.0,-0.0072746713792466305
S22by7-6-1.2,-0.00010509224528722216
S22by7-8-0.7,-0.014574361455900159
S22by7-8-0.8,-0.0037433640764908127
S22by7-9-0.7,-0.03150604689920869
S22by7-9-0.8,-0.011696792337853673
S22by7-9-0.9,-0.003679043244186414
S22by7-9-1.2,0.0007679463716063345
S22by7-9-1.5,0.0004128606118007777
S22by7-9-2.0,0.00013085208323858344
S66-1,-0.002343897867011238
S66-10,-0.0020041482146540557
S66-11,-0.0013646458081063711
S66-12,-0.004541206051592764
S66-13,-0.0007749345257834495
S66-14,-0.0029881020765663777
S66-15,-0.00043996861026984746
S66-16,-0.001320739019713399
S66-17,-0.005300799737396951
S66-18,-0.0036190920793933573
S66-19,-0.0033277753861945675
S66-2,-0.002423944533307257
S66-20,-0.009612259184683995
S66-23,-0.00692218522470766
S66-24,0.0014278875391988965
S66-29,0.003824608257870621
S66-3,-0.004573131135118577
S66-30,-0.00047274895547604057
S66-31,0.001996868382794878
S66-32,0.001590943798669725
S66-33,0.00026202163241136056
S66-34,0.00027910499662373023
S66-35,0.0007207780976567907
S66-36,0.001130302216512058
S66-37,0.0009347096466008759
S66-38,0.0005952678370353265
S66-40,0.0012697874888558253
S66-41,0.004711194992358045
S66-42,0.004849565635867234
S66-44,0.0003687659585584063
S66-45,-0.00020813750761866645
S66-47,0.0015355675304440791
S66-48,0.0006394607782291145
S66-5,-0.002023599242662426
S66-51,-0.0009463640484916602
S66-59,-0.0011846710443042113
S66-6,-0.004460350207919961
S66-60,-0.0023902289012604494
S66-66,-0.0009470706051305788
S66-7,-0.0024599298509764
S66-8,-0.002048674632455297
S66-9,-0.0009437136449567118
SSI-001LEU-154LEU-1,-0.00017238265394994845
SSI-003THR-182GLU-1,0.00037003136513030777
SSI-003TYR-056ALA-1,0.0003669286482268358
SSI-004LEU-031TYR-1,0.0016330957638327204
SSI-005LEU-010TRP-1,0.002102070777347642
SSI-005LEU-015LYS-1,0.0011431719545510893
SSI-005PHE-163LEU-1,0.0008989455946129682
SSI-006GLU-010TYR-1,0.0016686392963221747
SSI-007THR-031LYS-1,-6.775476847430129e-05
SSI-009ARG-128ARG-2,0.0026569620015340772
SSI-009GLN-068ILE-1,0.0015489704185451814
SSI-009VAL-025ILE-1,0.00020548641537329604
SSI-013LEU-065PHE-1,0.0011882577513417786
SSI-015ILE-034LEU-1,0.0001602284540868637
SSI-016LEU-062LEU-1,-0.0007381690341399377
SSI-019VAL-075LEU-1,0.0002384395570805692
SSI-022GLN-058GLU-1,-0.0005948378501000329
SSI-023ASP-057ARG-1,-0.005150827795130375
SSI-023GLU-028LEU-1,0.00065076007790274
SSI-024LEU-260ILE-1,0.0007315230384700444
SSI-024LYS-069TYR-2,0.0013751791001642838
SSI-025SER-075ASP-1,0.0006153245805124857
SSI-029PHE-103HIE-1,0.002778921535076459
SSI-031PHE-095TYR-1,0.0032815945084887638
SSI-034ASP-037PHE-1,0.0015231447170306889
SSI-034TYR-143MET-1,0.0010234426624613213
SSI-035ALA-065LEU-1,0.00021534111163042102
SSI-036ARG-162GLN-1,-0.00042744039526611266
SSI-038PHE-046ARG-1,0.0014919283923906373
SSI-039THR-046THR-1,-0.004242544309530472
SSI-039THR-077LEU-1,-0.00023414574888357131
SSI-041ILE-107PHE-2,0.0015645996068378992
SSI-043LEU-055THR-1,0.00017159062398827696
SSI-043TYR-048GLN-1,0.003367008891149187
SSI-048LYS-082ILE-1,6.761240288054304e-05
SSI-049GLU-080ARG-1,-0.0003027684285684257
SSI-051VAL-104ILE-1,0.0003196353164850452
SSI-052ILE-056GLN-1,0.0012906153859207348
SSI-058TRP-180SER-1,0.002382243177362145
SSI-059PHE-118THR-1,-0.0009196397502653081
SSI-062ILE-105TYR-1,0.0009647449840721606
SSI-065THR-069ILE-1,-9.616988906892276e-05
SSI-068ARG-072THR-1,-0.00018262312779963874
SSI-068HIE-075LYS-1,0.001956476299883436
SSI-070MET-075ILE-1,-0.0008195498146474495
SSI-075LEU-111LEU-2,-0.0005302691177608704
SSI-079ASP-135ILE-1,0.0012074818139039406
SSI-083LEU-088TYR-2,0.0012626939095349288
SSI-084TYR-089ASP-1,0.0016864451134996489
SSI-091LYS-140SER-2,-0.0008057429509947117
SSI-095TYR-106TYR-1,0.0004910564648052257
SSI-113ILE-185VAL-1,-0.0015560652692746951
SSI-115ASP-156ASP-1,-0.003671637207298531
SSI-115GLU-123PRO-1,0.0009330080413452319
SSI-126LEU-162PHE-1,0.0007571847682029398
SSI-130VAL-185PHE-1,0.0009206777259357646
SSI-131ASP-182PHE-1,0.002735047943221755
SSI-131THR-149LEU-1,0.0005480075433689363
SSI-136SER-144ARG-1,-0.0020137794413117444
SSI-153PHE-163LEU-1,0.0013461843346031926
SSI-158VAL-205TYR-1,0.0013411086620732787
SSI-165TYR-208ILE-1,0.0017612603064721122
SSI-175LEU-233ALA-1,-2.0716489256278336e-05
SSI-189THR-199LYS-1,-0.0007262643603584279
SSI-193HIE-248MET-1,0.0009077414969164699
UBQ-ala28-asp32,-0.0016194165897314428
UBQ-ala46-lys48,0.0020957958391272513
UBQ-arg42-val70,-0.0024074925934573776
UBQ-asn25-lys29,-0.0010371620923412123
UBQ-asp21-leu56,0.0022304470810470683
UBQ-gln2-glu64-small,-0.0015234176213161782
UBQ-gln31-gly35,-0.002876472520998527
UBQ-gln62-ser65,-0.006305263839032044
UBQ-glu16-lys29,-0.0022009626903927992
UBQ-glu18-asp21-C,-3.0237861437729108e-05
UBQ-glu18-asp21-N,0.0006204042003105092
UBQ-ile13-leu15,0.0017184221287468299
UBQ-ile13-lys33,-0.0004855490066855289
UBQ-ile3-leu15-big,0.001658421904818283
UBQ-ile3-leu15-part1,-1.9703772600701552e-05
UBQ-ile3-leu15-part2,0.0004367177018669288
UBQ-ile3-leu15,0.0011424017812135256
UBQ-ile3-leu67,0.0012609359128314818
UBQ-ile3-val17,0.0013673615423467622
UBQ-ile36-leu71,0.0012396675398445994
UBQ-ile44-gly47,0.0028288392256522327
UBQ-ile44-his68-big,0.0006113222127454021
UBQ-ile44-his68-small,-0.0006735331083598112
UBQ-ile44-his68,-0.003371459812985471
UBQ-ile61-leu67,0.001425280776314486
UBQ-leu15-ile30,0.0014449349308221227
UBQ-leu43-leu50,-0.0021519844348541484
UBQ-leu50-tyr59,0.0016790237103260636
UBQ-leu56-ile61np,0.0009252849591676049
UBQ-leu56-ile61p,0.0016033726296627998
UBQ-leu56-tyr59,0.0008237477246251096
UBQ-leu71-leu73,0.001303981552711178
UBQ-lys11-glu34,0.000638920824463915
UBQ-lys27-asp52,-0.002141224505900638
UBQ-met1-val17-mono,-0.002307388250007772
UBQ-phe4-thr12,0.0014086144154612235
UBQ-phe4-thr14,0.0002275763276010645
UBQ-phe45-ile61,0.0018619166450508373
UBQ-pro19-ser57,0.0015708328659869153
UBQ-pro37-gln40,-0.0005511148382004866
UBQ-ser57-asn60,-0.001988359730275613
UBQ-thr14-lys33,0.0026059981038058094
UBQ-thr22-asn25,0.0004829686250961279
UBQ-thr22-thr55-big,0.0010839717266657722
UBQ-thr22-thr55-small,0.003482814755372085
UBQ-thr22-val26,0.0007615886902865715
UBQ-thr55-asp58-backbone,0.000706500208989061
UBQ-thr55-asp58-sidechain-small,-0.0006403716954913735
UBQ-thr55-asp58-sidechain,-0.00014150639545455757
UBQ-thr7-ile13,0.0013339867539195749
UBQ-thr7-lys11,-0.0008893804575234171
UBQ-thr7-thr9-v2,0.001426952000193188
UBQ-tyr59-ile61,0.0017775493927244812
UBQ-val17-leu56,0.0011177878811852449
UBQ-val26-leu56,0.0002601190457594271
UBQ-val5-leu15,-2.6095907246045935e-05
UBQ-val5-leu69,0.0009361261114063796
