File,Overlap Pen. Energy,"Prediction: OPE(56,000(OPE + 0.0302)^3 + 1.20)",SAPT Coulomb,Undamped Coulomb
ACHC-AC-3.4_0.8____,-0.0011355824,-0.0029240175557674,-0.00303983015,0.0016085327999999
BBI-033ASN-036TRP-2,-0.0001471364,-0.0004002120481331,0.0034858843879999,0.0054312379
HBC1-FaOOFaON-3.6,-0.0136665682,-0.0198587700400732,-0.075343006998,-0.0579509887
BBI-108LYS-112TYR-1,-0.0006229634,-0.0016501959970777,-0.01092665553,-0.0100901690999999
S22by7-1-2.0,-1.656e-07,-4.5414420129003e-07,-0.0005737032,-0.0005160747
HBC1-FaOOFaOO-10.0,-0.0,-0.0,-0.000207489324,-0.0002534951999999
UBQ-thr22-val26,-0.000578517,-0.0015362445458744,-0.012380993142,-0.0104921435999999
UBQ-gln31-gly35,-0.0021923312,-0.0053280715132068,-0.0201709264259999,-0.0139413054999999
JSCH-26,-0.0065052722,-0.0126526085365984,-0.04778150846,-0.0366360093
ACHC-AC-3.2_____,-0.002037934,-0.004994531613365,-0.008893515134,-0.001082499
S22by7-18-2.0,-1.034e-07,-2.835668695789047e-07,-0.000355536622,-0.0003488396999999
S22by7-17-0.7,-0.0045433193,-0.0097489568528658,-0.017089821518,-0.0082486089
S66-51,-0.0003663614,-0.0009844077278327,-0.003364450544,-0.0029066867999999
UBQ-thr14-lys33,-0.0001046791,-0.0002854032075628,-0.021616180404,-0.0203844397
JSCH-112,-0.0011524114,-0.002964599919979,-0.0040513007639999,0.0007664936999999
SSI-029PHE-103HIE-1,-0.0003683946,-0.0009897589149094,-0.000121433844,0.0024796307
S22by7-1-1.0,-0.0007013668,-0.0018498220972622,-0.008285549104,-0.0060988366
HBC1-FaOOFaON-3.8,-0.0078646352,-0.0143448978496951,-0.055747855478,-0.0454540763
UBQ-thr55-asp58-sidechain-small,-0.0010544979,-0.0027274008395697,-0.0306692169,-0.0274630582
SSI-024LYS-069TYR-2,-0.0006149484,-0.0016296892670467,-0.007667224544,-0.0065321783
BBI-044SER-047GLU-1,-0.0012212531,-0.0031298071622599,-0.006089062658,-0.0020820029
NBC1-MeMe-4.4,-7.0174e-06,-1.923726929602944e-05,-8.446186e-06,-1.6115500000000012e-05
S22-17,-0.0004340328,-0.0011618578755432,-0.0043263595759999,-0.0046910783
HSG-17,-0.0006932494,-0.0018292357195809,-0.001673141638,0.0004479927999999
S22by7-2-1.2,-0.0002687598,-0.0007260888205364,-0.007763957278,-0.0067340644
S22by7-4-1.2,-0.0011567137,-0.0029749623384165,-0.023812188764,-0.0211997021999999
S66-8,-0.0011615251,-0.0029865449967743,-0.013472622842,-0.0106180377
HBC1-FaOOFaNN-4.6,-0.0008003451,-0.0020993309618184,-0.0189344366679999,-0.0187539766
HBC1-FaOOFaON-3.7,-0.0105298631,-0.0171236295743085,-0.065260651344,-0.0516114327999999
UBQ-ile3-leu15,-0.0003211232,-0.000865028835609,-0.000673941898,9.423350000000004e-05
UBQ-glu16-lys29,-0.0019856861,-0.0048803325627261,-0.037636045454,-0.031749823
HBC1-FaOOFaOO-3.8,-0.0064228739,-0.012542437850967,-0.051538308248,-0.0437291977
S66-38,-0.0007884543,-0.0020695029475354,-0.002109793518,0.0007315475
BBI-061VAL-064TYR-2,-0.001400424,-0.0035538024188617,-0.011717250412,-0.0090758765
ACHC-AC-3.6_____12,-0.0,-0.0,-0.002025012934,0.0036360815
HSG-3,-0.0003925418,-0.0010532187464552,0.000993303346,0.0040289115
S22-2,-0.0012239006,-0.0031361350316035,-0.012910234344,-0.0113321974999999
SSI-034TYR-143MET-1,-0.0008076179,-0.0021175550550042,-0.004078551666,-0.0033716998999999
ACHC-AC-3.4__0.4___,-0.0010618394,-0.0027452770161569,-0.0054548018979999,-0.0020085561999999
HBC1-FaOOFaOO-3.4,-0.0215661573,-0.0266566610611977,-0.102227057674,-0.0795728526
UBQ-ile61-leu67,-0.0003132383,-0.0008441593373558,-0.00084621222,-0.0001003383
SSI-005LEU-015LYS-1,-0.000108625,-0.0002960963278192,-0.000371791546,2.449389999999998e-05
NBC1-MeMe-3.9,-4.28346e-05,-0.0001171906732106,-0.0001193621379999,-4.467220000000002e-05
ACHC-AC-3.4___30__,-0.0010088836,-0.0026159996590386,-0.002974810454,0.0006398699
BBI-112SER-115ALA-2,-0.0010727366,-0.0027717838273866,-0.004278550976,-0.0003043288
S66-12,-0.0024540273,-0.0058802326974596,-0.020613793424,-0.0168291484
S22-20,-0.0007629951,-0.0020055041176721,-0.00318803681,-0.0014857727
HBC1-FaOOFaNN-6.4,-1.5409e-06,-4.225465162465276e-06,-0.002643178132,-0.002941327
HSG-8,-0.000464206,-0.0012405454310019,-9.2111236e-05,0.0033511653
JSCH-113,-0.0010720148,-0.0027700290991588,-0.005228189134,-0.0055897024
SSI-007THR-031LYS-1,-0.0004665859,-0.0012467405432978,-0.001402704324,-4.615939999999999e-05
HBC1-FaONFaON-4.4,-0.001305192,-0.0033295127860026,-0.02284772994,-0.0217257123
S22by7-1-1.2,-0.0001141505,-0.0003110621244392,-0.003820066502,-0.0032740024999999
HBC1-FaOOFaON-4.1,-0.002826187,-0.0066377704304097,-0.033166897526,-0.029998744
SSI-131THR-149LEU-1,-0.0001977605,-0.0005363934451565,-0.000647965892,-4.414350000000001e-05
S22by7-18-1.2,-7.73578e-05,-0.0002112347102824,-0.001696886576,-0.0015796832
S22-5,-0.0054772552,-0.0112076136308114,-0.047472664904,-0.0412098096
UBQ-val17-leu56,-0.0004143993,-0.0011105130241501,-0.00115298407,-0.0001010983
HBC1-FaOOFaNN-7.0,-1.788e-07,-4.903437397668477e-07,-0.001671388656,-0.0018684985
SSI-025SER-075ASP-1,-0.0003850432,-0.0010335305270124,0.007664356028,0.0101857432
S66-20,-0.0062768402,-0.0123448631626825,-0.0535822852599999,-0.0438061204
UBQ-ile44-his68-small,-0.0004755918,-0.0012701687939039,-0.000879040792,8.795140000000001e-05
NBC1-MeMe-3.5,-0.0001875138,-0.0005088915827848,-0.000562866584,-0.0001053585
S66-3,-0.0023818589,-0.0057295954957573,-0.02026925278,-0.0168733427
HBC1-FaOOFaON-6.4,-6.894e-07,-1.8905667270298264e-06,-0.002505808088,-0.0028764319
UBQ-asp21-leu56,-0.0007315442,-0.0019261896060905,-0.014734929244,-0.0118306373
HBC1-FaONFaNN-4.2,-0.0046460657,-0.0099168477189499,-0.03788512826,-0.0315880847
BBI-171ALA-175GLU-1,-0.0001765743,-0.0004794954102294,-0.001078402654,-0.0004357389
JSCH-40,-2.32258e-05,-6.3612819943852e-05,-0.006773363086,-0.0062016992
SSI-013LEU-065PHE-1,-0.001070052,-0.0027652567207091,-0.003917436684,0.0016672427999999
S22-12,-0.0013099589,-0.0033407972995122,-0.006798064196,-0.0008675010999999
S22by7-6-1.2,-0.0015763196,-0.0039617664581094,-0.023752587376,-0.020942717
S66-40,-0.0007382004,-0.001942999005438,-0.002890348594,-0.0003030049999999
S22by7-11-0.7,-0.0282522103,-0.0339143437635745,-0.128689914584,0.0203918815999999
ACHC-AC-3.4_n1.6____,-0.0009479038,-0.0024661733480624,-0.005208906332,-7.001280000000845e-05
S22by7-22-0.8,-0.0056517437,-0.0114641034728683,-0.031782201108,-0.0185527829
UBQ-glu18-asp21-N,-0.0014228029,-0.0036061591942286,-0.021246619926,-0.0162738216
BBI-081LEU-084LYS-1,-0.0010770668,-0.002782307735315,-0.003750265946,0.0006261877
S22-4,-0.0047654,-0.0101094667197873,-0.0404124502179999,-0.033503556
BBI-041GLY-045LEU-2,-0.0011187803,-0.0028834229998535,-0.013793896634,-0.0116901004999999
UBQ-leu56-ile61np,-0.0005887514,-0.0015625339587497,-0.001438720136,5.543099999999998e-05
A24-7,-0.0003049284,-0.0008221449794763,-0.001512026656,-0.0010172153999999
SSI-043LEU-055THR-1,-0.0002670412,-0.0007215148813266,-0.000827248142,8.425099999999998e-05
JSCH-110,-0.0009913835,-0.0025731076694267,-0.004155682874,0.0017695989999999
HBC1-FaONFaON-3.7,-0.0123124535,-0.018721197495522,-0.066569810174,-0.0484594495999999
SSI-038PHE-046ARG-1,-0.0003922982,-0.0010525794140907,-0.001616568128,0.000173389
S22by7-2-1.5,-3.09878e-05,-8.483526545355447e-05,-0.003928751386,-0.0035504532
NBC1-MeMe-3.2,-0.0005663252,-0.0015048875810682,-0.001669157588,-0.0002059377999999
NBC1-MeMe-3.3,-0.0003921618,-0.0010522214223238,-0.001167167288,-0.0001642947
ACHC-AC-3.4_1.2____,-0.0010585218,-0.0027372006654939,-0.002167482562,0.0025947120999999
UBQ-leu15-ile30,-0.0003101684,-0.0008360290324828,-0.00072669072,-2.5717800000000064e-05
SSI-113ILE-185VAL-1,-0.0007660035,-0.0020130761418919,-0.002402860236,-0.0001109591
S66-34,-0.0009797641,-0.0025445821820768,-0.002627720018,0.0003025216
HBC1-FaONFaON-4.3,-0.001903113,-0.0046984656372654,-0.026731541242,-0.0245816092
S66-17,-0.0050035519,-0.0104863918391801,-0.043801920596,-0.0350784871
JSCH-109,-0.0007562838,-0.0019886027887287,-0.004501657776,0.0007497389
SSI-036ARG-162GLN-1,-0.0011700799,-0.0030071237297098,-0.027143810736,-0.02651053
UBQ-thr55-asp58-sidechain,-0.001469984,-0.0037161085642563,-0.023714977944,-0.0187958305
HBC1-FaOOFaON-7.0,-7.28e-08,-1.9964896904045722e-07,-0.0016493966999999,-0.0019011348999999
UBQ-ile3-val17,-0.0003809506,-0.0010227780614651,-0.001035374914,-2.2339399999999988e-05
JSCH-23,-0.0061819363,-0.0122148465414327,-0.045599205232,-0.036302824
ACHC-AC-3.6_____n8,-0.0006799749,-0.0017955299556735,-0.00258405483,-0.0007009466999999
ACHC-AC-3.4___90__,-0.0011044564,-0.0028487549720881,-0.006345954202,-0.000731185
HBC1-FaONFaON-3.9,-0.0073926661,-0.0137826827162361,-0.050811458166,-0.039932192
S66-48,-0.0007422926,-0.0019533270901143,-0.004833130736,-0.0044959271
SSI-084TYR-089ASP-1,-0.0004860109,-0.0012972438306556,0.0023950514979999,0.0054509087
UBQ-phe4-thr14,-0.0006488066,-0.0017161911500724,-0.00174979476,0.0004966028
HBC1-FaOOFaOO-5.4,-1.79226e-05,-4.91025029134661e-05,-0.0047260394719999,-0.0054598642999999
S66-44,-0.0005425577,-0.001443634515559,-0.0016231019699999,5.772099999999994e-05
A24-14,-0.0003558523,-0.0009567293136684,-0.001363023186,-0.0002453351
UBQ-pro37-gln40,-0.0009194391,-0.0023958823340011,-0.013779394692,-0.0106972053
BBI-008TRP-251HIE-2,-0.000778558,-0.0020446476348502,-0.01224378246,-0.0108715395
SSI-070MET-075ILE-1,-0.0008481324,-0.0022188028316414,-0.0025749711959999,1.0737699999999889e-05
S22-3,-0.006404264,-0.0125174256014635,-0.051345798952,-0.0434768918
ACHC-AC-3.6_____n16,-0.0010995734,-0.0028369238559218,-0.004672015754,-0.0010368284999999
HBC1-FaONFaON-4.8,-0.000283338,-0.0007648523060336,-0.013104496622,-0.013676568
BBI-197TYR-201LEU-2,-0.0009946272,-0.0025810642364673,-0.01189557649,-0.0101627911999999
S22by7-1-0.8,-0.0045322272,-0.009730717566256,-0.02357203023,-0.0126697642
